,south [W/kWp],east-west [W/kWp],025-east-west_075-south [W/kWp]
2015-01-01 00:00:00+01:00,0,0,0
2015-01-01 01:00:00+01:00,0,0,0
2015-01-01 02:00:00+01:00,0,0,0
2015-01-01 03:00:00+01:00,0,0,0
2015-01-01 04:00:00+01:00,0,0,0
2015-01-01 05:00:00+01:00,0,0,0
2015-01-01 06:00:00+01:00,0,0,0
2015-01-01 07:00:00+01:00,0,0,0
2015-01-01 08:00:00+01:00,0,0,0
2015-01-01 09:00:00+01:00,34,20,31
2015-01-01 10:00:00+01:00,42,31,39
2015-01-01 11:00:00+01:00,49,45,48
2015-01-01 12:00:00+01:00,54,48,52
2015-01-01 13:00:00+01:00,42,40,42
2015-01-01 14:00:00+01:00,22,21,22
2015-01-01 15:00:00+01:00,5,5,5
2015-01-01 16:00:00+01:00,0,0,0
2015-01-01 17:00:00+01:00,0,0,0
2015-01-01 18:00:00+01:00,0,0,0
2015-01-01 19:00:00+01:00,0,0,0
2015-01-01 20:00:00+01:00,0,0,0
2015-01-01 21:00:00+01:00,0,0,0
2015-01-01 22:00:00+01:00,0,0,0
2015-01-01 23:00:00+01:00,0,0,0
2015-01-02 00:00:00+01:00,0,0,0
2015-01-02 01:00:00+01:00,0,0,0
2015-01-02 02:00:00+01:00,0,0,0
2015-01-02 03:00:00+01:00,0,0,0
2015-01-02 04:00:00+01:00,0,0,0
2015-01-02 05:00:00+01:00,0,0,0
2015-01-02 06:00:00+01:00,0,0,0
2015-01-02 07:00:00+01:00,0,0,0
2015-01-02 08:00:00+01:00,2,2,2
2015-01-02 09:00:00+01:00,44,32,41
2015-01-02 10:00:00+01:00,110,72,100
2015-01-02 11:00:00+01:00,92,71,87
2015-01-02 12:00:00+01:00,51,46,50
2015-01-02 13:00:00+01:00,53,45,51
2015-01-02 14:00:00+01:00,58,43,55
2015-01-02 15:00:00+01:00,10,9,10
2015-01-02 16:00:00+01:00,0,0,0
2015-01-02 17:00:00+01:00,0,0,0
2015-01-02 18:00:00+01:00,0,0,0
2015-01-02 19:00:00+01:00,0,0,0
2015-01-02 20:00:00+01:00,0,0,0
2015-01-02 21:00:00+01:00,0,0,0
2015-01-02 22:00:00+01:00,0,0,0
2015-01-02 23:00:00+01:00,0,0,0
2015-01-03 00:00:00+01:00,0,0,0
2015-01-03 01:00:00+01:00,0,0,0
2015-01-03 02:00:00+01:00,0,0,0
2015-01-03 03:00:00+01:00,0,0,0
2015-01-03 04:00:00+01:00,0,0,0
2015-01-03 05:00:00+01:00,0,0,0
2015-01-03 06:00:00+01:00,0,0,0
2015-01-03 07:00:00+01:00,0,0,0
2015-01-03 08:00:00+01:00,9,5,8
2015-01-03 09:00:00+01:00,59,38,54
2015-01-03 10:00:00+01:00,117,71,105
2015-01-03 11:00:00+01:00,180,98,159
2015-01-03 12:00:00+01:00,165,85,145
2015-01-03 13:00:00+01:00,67,53,64
2015-01-03 14:00:00+01:00,90,57,82
2015-01-03 15:00:00+01:00,13,12,13
2015-01-03 16:00:00+01:00,0,0,0
2015-01-03 17:00:00+01:00,0,0,0
2015-01-03 18:00:00+01:00,0,0,0
2015-01-03 19:00:00+01:00,0,0,0
2015-01-03 20:00:00+01:00,0,0,0
2015-01-03 21:00:00+01:00,0,0,0
2015-01-03 22:00:00+01:00,0,0,0
2015-01-03 23:00:00+01:00,0,0,0
2015-01-04 00:00:00+01:00,0,0,0
2015-01-04 01:00:00+01:00,0,0,0
2015-01-04 02:00:00+01:00,0,0,0
2015-01-04 03:00:00+01:00,0,0,0
2015-01-04 04:00:00+01:00,0,0,0
2015-01-04 05:00:00+01:00,0,0,0
2015-01-04 06:00:00+01:00,0,0,0
2015-01-04 07:00:00+01:00,0,0,0
2015-01-04 08:00:00+01:00,32,18,28
2015-01-04 09:00:00+01:00,300,143,260
2015-01-04 10:00:00+01:00,218,105,190
2015-01-04 11:00:00+01:00,133,80,119
2015-01-04 12:00:00+01:00,116,72,105
2015-01-04 13:00:00+01:00,136,63,118
2015-01-04 14:00:00+01:00,74,46,67
2015-01-04 15:00:00+01:00,25,17,23
2015-01-04 16:00:00+01:00,0,0,0
2015-01-04 17:00:00+01:00,0,0,0
2015-01-04 18:00:00+01:00,0,0,0
2015-01-04 19:00:00+01:00,0,0,0
2015-01-04 20:00:00+01:00,0,0,0
2015-01-04 21:00:00+01:00,0,0,0
2015-01-04 22:00:00+01:00,0,0,0
2015-01-04 23:00:00+01:00,0,0,0
2015-01-05 00:00:00+01:00,0,0,0
2015-01-05 01:00:00+01:00,0,0,0
2015-01-05 02:00:00+01:00,0,0,0
2015-01-05 03:00:00+01:00,0,0,0
2015-01-05 04:00:00+01:00,0,0,0
2015-01-05 05:00:00+01:00,0,0,0
2015-01-05 06:00:00+01:00,0,0,0
2015-01-05 07:00:00+01:00,0,0,0
2015-01-05 08:00:00+01:00,12,7,11
2015-01-05 09:00:00+01:00,129,68,114
2015-01-05 10:00:00+01:00,153,81,135
2015-01-05 11:00:00+01:00,238,112,207
2015-01-05 12:00:00+01:00,206,104,181
2015-01-05 13:00:00+01:00,228,114,199
2015-01-05 14:00:00+01:00,210,98,182
2015-01-05 15:00:00+01:00,187,98,165
2015-01-05 16:00:00+01:00,0,0,0
2015-01-05 17:00:00+01:00,0,0,0
2015-01-05 18:00:00+01:00,0,0,0
2015-01-05 19:00:00+01:00,0,0,0
2015-01-05 20:00:00+01:00,0,0,0
2015-01-05 21:00:00+01:00,0,0,0
2015-01-05 22:00:00+01:00,0,0,0
2015-01-05 23:00:00+01:00,0,0,0
2015-01-06 00:00:00+01:00,0,0,0
2015-01-06 01:00:00+01:00,0,0,0
2015-01-06 02:00:00+01:00,0,0,0
2015-01-06 03:00:00+01:00,0,0,0
2015-01-06 04:00:00+01:00,0,0,0
2015-01-06 05:00:00+01:00,0,0,0
2015-01-06 06:00:00+01:00,0,0,0
2015-01-06 07:00:00+01:00,0,0,0
2015-01-06 08:00:00+01:00,0,0,0
2015-01-06 09:00:00+01:00,19,16,18
2015-01-06 10:00:00+01:00,17,17,17
2015-01-06 11:00:00+01:00,36,34,36
2015-01-06 12:00:00+01:00,36,34,35
2015-01-06 13:00:00+01:00,22,21,22
2015-01-06 14:00:00+01:00,38,28,35
2015-01-06 15:00:00+01:00,5,5,5
2015-01-06 16:00:00+01:00,0,0,0
2015-01-06 17:00:00+01:00,0,0,0
2015-01-06 18:00:00+01:00,0,0,0
2015-01-06 19:00:00+01:00,0,0,0
2015-01-06 20:00:00+01:00,0,0,0
2015-01-06 21:00:00+01:00,0,0,0
2015-01-06 22:00:00+01:00,0,0,0
2015-01-06 23:00:00+01:00,0,0,0
2015-01-07 00:00:00+01:00,0,0,0
2015-01-07 01:00:00+01:00,0,0,0
2015-01-07 02:00:00+01:00,0,0,0
2015-01-07 03:00:00+01:00,0,0,0
2015-01-07 04:00:00+01:00,0,0,0
2015-01-07 05:00:00+01:00,0,0,0
2015-01-07 06:00:00+01:00,0,0,0
2015-01-07 07:00:00+01:00,0,0,0
2015-01-07 08:00:00+01:00,0,0,0
2015-01-07 09:00:00+01:00,12,11,12
2015-01-07 10:00:00+01:00,30,29,30
2015-01-07 11:00:00+01:00,34,31,33
2015-01-07 12:00:00+01:00,26,25,26
2015-01-07 13:00:00+01:00,23,20,22
2015-01-07 14:00:00+01:00,15,14,15
2015-01-07 15:00:00+01:00,3,2,3
2015-01-07 16:00:00+01:00,0,0,0
2015-01-07 17:00:00+01:00,0,0,0
2015-01-07 18:00:00+01:00,0,0,0
2015-01-07 19:00:00+01:00,0,0,0
2015-01-07 20:00:00+01:00,0,0,0
2015-01-07 21:00:00+01:00,0,0,0
2015-01-07 22:00:00+01:00,0,0,0
2015-01-07 23:00:00+01:00,0,0,0
2015-01-08 00:00:00+01:00,0,0,0
2015-01-08 01:00:00+01:00,0,0,0
2015-01-08 02:00:00+01:00,0,0,0
2015-01-08 03:00:00+01:00,0,0,0
2015-01-08 04:00:00+01:00,0,0,0
2015-01-08 05:00:00+01:00,0,0,0
2015-01-08 06:00:00+01:00,0,0,0
2015-01-08 07:00:00+01:00,0,0,0
2015-01-08 08:00:00+01:00,4,2,3
2015-01-08 09:00:00+01:00,75,49,69
2015-01-08 10:00:00+01:00,40,35,38
2015-01-08 11:00:00+01:00,34,27,32
2015-01-08 12:00:00+01:00,143,85,128
2015-01-08 13:00:00+01:00,370,122,308
2015-01-08 14:00:00+01:00,191,84,164
2015-01-08 15:00:00+01:00,28,20,26
2015-01-08 16:00:00+01:00,0,0,0
2015-01-08 17:00:00+01:00,0,0,0
2015-01-08 18:00:00+01:00,0,0,0
2015-01-08 19:00:00+01:00,0,0,0
2015-01-08 20:00:00+01:00,0,0,0
2015-01-08 21:00:00+01:00,0,0,0
2015-01-08 22:00:00+01:00,0,0,0
2015-01-08 23:00:00+01:00,0,0,0
2015-01-09 00:00:00+01:00,0,0,0
2015-01-09 01:00:00+01:00,0,0,0
2015-01-09 02:00:00+01:00,0,0,0
2015-01-09 03:00:00+01:00,0,0,0
2015-01-09 04:00:00+01:00,0,0,0
2015-01-09 05:00:00+01:00,0,0,0
2015-01-09 06:00:00+01:00,0,0,0
2015-01-09 07:00:00+01:00,0,0,0
2015-01-09 08:00:00+01:00,0,0,0
2015-01-09 09:00:00+01:00,18,16,18
2015-01-09 10:00:00+01:00,35,31,34
2015-01-09 11:00:00+01:00,25,22,24
2015-01-09 12:00:00+01:00,62,54,60
2015-01-09 13:00:00+01:00,117,74,106
2015-01-09 14:00:00+01:00,65,53,62
2015-01-09 15:00:00+01:00,35,26,33
2015-01-09 16:00:00+01:00,0,0,0
2015-01-09 17:00:00+01:00,0,0,0
2015-01-09 18:00:00+01:00,0,0,0
2015-01-09 19:00:00+01:00,0,0,0
2015-01-09 20:00:00+01:00,0,0,0
2015-01-09 21:00:00+01:00,0,0,0
2015-01-09 22:00:00+01:00,0,0,0
2015-01-09 23:00:00+01:00,0,0,0
2015-01-10 00:00:00+01:00,0,0,0
2015-01-10 01:00:00+01:00,0,0,0
2015-01-10 02:00:00+01:00,0,0,0
2015-01-10 03:00:00+01:00,0,0,0
2015-01-10 04:00:00+01:00,0,0,0
2015-01-10 05:00:00+01:00,0,0,0
2015-01-10 06:00:00+01:00,0,0,0
2015-01-10 07:00:00+01:00,0,0,0
2015-01-10 08:00:00+01:00,34,20,31
2015-01-10 09:00:00+01:00,237,112,206
2015-01-10 10:00:00+01:00,411,144,344
2015-01-10 11:00:00+01:00,485,150,401
2015-01-10 12:00:00+01:00,526,161,435
2015-01-10 13:00:00+01:00,404,137,337
2015-01-10 14:00:00+01:00,351,136,297
2015-01-10 15:00:00+01:00,182,94,160
2015-01-10 16:00:00+01:00,0,0,0
2015-01-10 17:00:00+01:00,0,0,0
2015-01-10 18:00:00+01:00,0,0,0
2015-01-10 19:00:00+01:00,0,0,0
2015-01-10 20:00:00+01:00,0,0,0
2015-01-10 21:00:00+01:00,0,0,0
2015-01-10 22:00:00+01:00,0,0,0
2015-01-10 23:00:00+01:00,0,0,0
2015-01-11 00:00:00+01:00,0,0,0
2015-01-11 01:00:00+01:00,0,0,0
2015-01-11 02:00:00+01:00,0,0,0
2015-01-11 03:00:00+01:00,0,0,0
2015-01-11 04:00:00+01:00,0,0,0
2015-01-11 05:00:00+01:00,0,0,0
2015-01-11 06:00:00+01:00,0,0,0
2015-01-11 07:00:00+01:00,0,0,0
2015-01-11 08:00:00+01:00,2,2,2
2015-01-11 09:00:00+01:00,22,20,22
2015-01-11 10:00:00+01:00,32,30,31
2015-01-11 11:00:00+01:00,42,38,41
2015-01-11 12:00:00+01:00,54,49,53
2015-01-11 13:00:00+01:00,51,46,50
2015-01-11 14:00:00+01:00,41,36,40
2015-01-11 15:00:00+01:00,11,10,11
2015-01-11 16:00:00+01:00,0,0,0
2015-01-11 17:00:00+01:00,0,0,0
2015-01-11 18:00:00+01:00,0,0,0
2015-01-11 19:00:00+01:00,0,0,0
2015-01-11 20:00:00+01:00,0,0,0
2015-01-11 21:00:00+01:00,0,0,0
2015-01-11 22:00:00+01:00,0,0,0
2015-01-11 23:00:00+01:00,0,0,0
2015-01-12 00:00:00+01:00,0,0,0
2015-01-12 01:00:00+01:00,0,0,0
2015-01-12 02:00:00+01:00,0,0,0
2015-01-12 03:00:00+01:00,0,0,0
2015-01-12 04:00:00+01:00,0,0,0
2015-01-12 05:00:00+01:00,0,0,0
2015-01-12 06:00:00+01:00,0,0,0
2015-01-12 07:00:00+01:00,0,0,0
2015-01-12 08:00:00+01:00,16,10,14
2015-01-12 09:00:00+01:00,76,50,69
2015-01-12 10:00:00+01:00,93,64,86
2015-01-12 11:00:00+01:00,68,48,63
2015-01-12 12:00:00+01:00,56,50,54
2015-01-12 13:00:00+01:00,41,39,40
2015-01-12 14:00:00+01:00,18,17,18
2015-01-12 15:00:00+01:00,3,2,3
2015-01-12 16:00:00+01:00,0,0,0
2015-01-12 17:00:00+01:00,0,0,0
2015-01-12 18:00:00+01:00,0,0,0
2015-01-12 19:00:00+01:00,0,0,0
2015-01-12 20:00:00+01:00,0,0,0
2015-01-12 21:00:00+01:00,0,0,0
2015-01-12 22:00:00+01:00,0,0,0
2015-01-12 23:00:00+01:00,0,0,0
2015-01-13 00:00:00+01:00,0,0,0
2015-01-13 01:00:00+01:00,0,0,0
2015-01-13 02:00:00+01:00,0,0,0
2015-01-13 03:00:00+01:00,0,0,0
2015-01-13 04:00:00+01:00,0,0,0
2015-01-13 05:00:00+01:00,0,0,0
2015-01-13 06:00:00+01:00,0,0,0
2015-01-13 07:00:00+01:00,0,0,0
2015-01-13 08:00:00+01:00,0,0,0
2015-01-13 09:00:00+01:00,10,9,10
2015-01-13 10:00:00+01:00,23,22,22
2015-01-13 11:00:00+01:00,24,23,24
2015-01-13 12:00:00+01:00,41,39,40
2015-01-13 13:00:00+01:00,33,31,33
2015-01-13 14:00:00+01:00,21,19,21
2015-01-13 15:00:00+01:00,16,15,16
2015-01-13 16:00:00+01:00,0,0,0
2015-01-13 17:00:00+01:00,0,0,0
2015-01-13 18:00:00+01:00,0,0,0
2015-01-13 19:00:00+01:00,0,0,0
2015-01-13 20:00:00+01:00,0,0,0
2015-01-13 21:00:00+01:00,0,0,0
2015-01-13 22:00:00+01:00,0,0,0
2015-01-13 23:00:00+01:00,0,0,0
2015-01-14 00:00:00+01:00,0,0,0
2015-01-14 01:00:00+01:00,0,0,0
2015-01-14 02:00:00+01:00,0,0,0
2015-01-14 03:00:00+01:00,0,0,0
2015-01-14 04:00:00+01:00,0,0,0
2015-01-14 05:00:00+01:00,0,0,0
2015-01-14 06:00:00+01:00,0,0,0
2015-01-14 07:00:00+01:00,0,0,0
2015-01-14 08:00:00+01:00,0,0,0
2015-01-14 09:00:00+01:00,7,6,6
2015-01-14 10:00:00+01:00,20,18,19
2015-01-14 11:00:00+01:00,31,30,30
2015-01-14 12:00:00+01:00,37,35,37
2015-01-14 13:00:00+01:00,34,32,33
2015-01-14 14:00:00+01:00,32,31,31
2015-01-14 15:00:00+01:00,11,10,11
2015-01-14 16:00:00+01:00,0,0,0
2015-01-14 17:00:00+01:00,0,0,0
2015-01-14 18:00:00+01:00,0,0,0
2015-01-14 19:00:00+01:00,0,0,0
2015-01-14 20:00:00+01:00,0,0,0
2015-01-14 21:00:00+01:00,0,0,0
2015-01-14 22:00:00+01:00,0,0,0
2015-01-14 23:00:00+01:00,0,0,0
2015-01-15 00:00:00+01:00,0,0,0
2015-01-15 01:00:00+01:00,0,0,0
2015-01-15 02:00:00+01:00,0,0,0
2015-01-15 03:00:00+01:00,0,0,0
2015-01-15 04:00:00+01:00,0,0,0
2015-01-15 05:00:00+01:00,0,0,0
2015-01-15 06:00:00+01:00,0,0,0
2015-01-15 07:00:00+01:00,0,0,0
2015-01-15 08:00:00+01:00,0,0,0
2015-01-15 09:00:00+01:00,21,18,20
2015-01-15 10:00:00+01:00,37,35,37
2015-01-15 11:00:00+01:00,64,54,62
2015-01-15 12:00:00+01:00,52,48,51
2015-01-15 13:00:00+01:00,53,49,52
2015-01-15 14:00:00+01:00,53,44,51
2015-01-15 15:00:00+01:00,22,17,21
2015-01-15 16:00:00+01:00,0,0,0
2015-01-15 17:00:00+01:00,0,0,0
2015-01-15 18:00:00+01:00,0,0,0
2015-01-15 19:00:00+01:00,0,0,0
2015-01-15 20:00:00+01:00,0,0,0
2015-01-15 21:00:00+01:00,0,0,0
2015-01-15 22:00:00+01:00,0,0,0
2015-01-15 23:00:00+01:00,0,0,0
2015-01-16 00:00:00+01:00,0,0,0
2015-01-16 01:00:00+01:00,0,0,0
2015-01-16 02:00:00+01:00,0,0,0
2015-01-16 03:00:00+01:00,0,0,0
2015-01-16 04:00:00+01:00,0,0,0
2015-01-16 05:00:00+01:00,0,0,0
2015-01-16 06:00:00+01:00,0,0,0
2015-01-16 07:00:00+01:00,0,0,0
2015-01-16 08:00:00+01:00,2,1,2
2015-01-16 09:00:00+01:00,114,63,101
2015-01-16 10:00:00+01:00,214,106,187
2015-01-16 11:00:00+01:00,303,122,257
2015-01-16 12:00:00+01:00,391,149,330
2015-01-16 13:00:00+01:00,162,100,146
2015-01-16 14:00:00+01:00,67,55,64
2015-01-16 15:00:00+01:00,15,14,15
2015-01-16 16:00:00+01:00,0,0,0
2015-01-16 17:00:00+01:00,0,0,0
2015-01-16 18:00:00+01:00,0,0,0
2015-01-16 19:00:00+01:00,0,0,0
2015-01-16 20:00:00+01:00,0,0,0
2015-01-16 21:00:00+01:00,0,0,0
2015-01-16 22:00:00+01:00,0,0,0
2015-01-16 23:00:00+01:00,0,0,0
2015-01-17 00:00:00+01:00,0,0,0
2015-01-17 01:00:00+01:00,0,0,0
2015-01-17 02:00:00+01:00,0,0,0
2015-01-17 03:00:00+01:00,0,0,0
2015-01-17 04:00:00+01:00,0,0,0
2015-01-17 05:00:00+01:00,0,0,0
2015-01-17 06:00:00+01:00,0,0,0
2015-01-17 07:00:00+01:00,0,0,0
2015-01-17 08:00:00+01:00,33,20,30
2015-01-17 09:00:00+01:00,250,123,218
2015-01-17 10:00:00+01:00,438,172,372
2015-01-17 11:00:00+01:00,538,178,448
2015-01-17 12:00:00+01:00,536,190,449
2015-01-17 13:00:00+01:00,521,171,434
2015-01-17 14:00:00+01:00,443,164,374
2015-01-17 15:00:00+01:00,254,128,223
2015-01-17 16:00:00+01:00,17,10,15
2015-01-17 17:00:00+01:00,0,0,0
2015-01-17 18:00:00+01:00,0,0,0
2015-01-17 19:00:00+01:00,0,0,0
2015-01-17 20:00:00+01:00,0,0,0
2015-01-17 21:00:00+01:00,0,0,0
2015-01-17 22:00:00+01:00,0,0,0
2015-01-17 23:00:00+01:00,0,0,0
2015-01-18 00:00:00+01:00,0,0,0
2015-01-18 01:00:00+01:00,0,0,0
2015-01-18 02:00:00+01:00,0,0,0
2015-01-18 03:00:00+01:00,0,0,0
2015-01-18 04:00:00+01:00,0,0,0
2015-01-18 05:00:00+01:00,0,0,0
2015-01-18 06:00:00+01:00,0,0,0
2015-01-18 07:00:00+01:00,0,0,0
2015-01-18 08:00:00+01:00,0,0,0
2015-01-18 09:00:00+01:00,12,11,12
2015-01-18 10:00:00+01:00,54,46,52
2015-01-18 11:00:00+01:00,50,46,49
2015-01-18 12:00:00+01:00,40,37,39
2015-01-18 13:00:00+01:00,25,24,25
2015-01-18 14:00:00+01:00,21,18,20
2015-01-18 15:00:00+01:00,4,3,4
2015-01-18 16:00:00+01:00,0,0,0
2015-01-18 17:00:00+01:00,0,0,0
2015-01-18 18:00:00+01:00,0,0,0
2015-01-18 19:00:00+01:00,0,0,0
2015-01-18 20:00:00+01:00,0,0,0
2015-01-18 21:00:00+01:00,0,0,0
2015-01-18 22:00:00+01:00,0,0,0
2015-01-18 23:00:00+01:00,0,0,0
2015-01-19 00:00:00+01:00,0,0,0
2015-01-19 01:00:00+01:00,0,0,0
2015-01-19 02:00:00+01:00,0,0,0
2015-01-19 03:00:00+01:00,0,0,0
2015-01-19 04:00:00+01:00,0,0,0
2015-01-19 05:00:00+01:00,0,0,0
2015-01-19 06:00:00+01:00,0,0,0
2015-01-19 07:00:00+01:00,0,0,0
2015-01-19 08:00:00+01:00,3,3,3
2015-01-19 09:00:00+01:00,18,17,18
2015-01-19 10:00:00+01:00,62,54,60
2015-01-19 11:00:00+01:00,133,78,119
2015-01-19 12:00:00+01:00,138,65,120
2015-01-19 13:00:00+01:00,132,67,116
2015-01-19 14:00:00+01:00,122,84,113
2015-01-19 15:00:00+01:00,31,25,29
2015-01-19 16:00:00+01:00,0,0,0
2015-01-19 17:00:00+01:00,0,0,0
2015-01-19 18:00:00+01:00,0,0,0
2015-01-19 19:00:00+01:00,0,0,0
2015-01-19 20:00:00+01:00,0,0,0
2015-01-19 21:00:00+01:00,0,0,0
2015-01-19 22:00:00+01:00,0,0,0
2015-01-19 23:00:00+01:00,0,0,0
2015-01-20 00:00:00+01:00,0,0,0
2015-01-20 01:00:00+01:00,0,0,0
2015-01-20 02:00:00+01:00,0,0,0
2015-01-20 03:00:00+01:00,0,0,0
2015-01-20 04:00:00+01:00,0,0,0
2015-01-20 05:00:00+01:00,0,0,0
2015-01-20 06:00:00+01:00,0,0,0
2015-01-20 07:00:00+01:00,0,0,0
2015-01-20 08:00:00+01:00,6,5,6
2015-01-20 09:00:00+01:00,28,25,27
2015-01-20 10:00:00+01:00,30,28,29
2015-01-20 11:00:00+01:00,29,28,29
2015-01-20 12:00:00+01:00,19,18,19
2015-01-20 13:00:00+01:00,14,13,14
2015-01-20 14:00:00+01:00,11,10,11
2015-01-20 15:00:00+01:00,4,3,4
2015-01-20 16:00:00+01:00,0,0,0
2015-01-20 17:00:00+01:00,0,0,0
2015-01-20 18:00:00+01:00,0,0,0
2015-01-20 19:00:00+01:00,0,0,0
2015-01-20 20:00:00+01:00,0,0,0
2015-01-20 21:00:00+01:00,0,0,0
2015-01-20 22:00:00+01:00,0,0,0
2015-01-20 23:00:00+01:00,0,0,0
2015-01-21 00:00:00+01:00,0,0,0
2015-01-21 01:00:00+01:00,0,0,0
2015-01-21 02:00:00+01:00,0,0,0
2015-01-21 03:00:00+01:00,0,0,0
2015-01-21 04:00:00+01:00,0,0,0
2015-01-21 05:00:00+01:00,0,0,0
2015-01-21 06:00:00+01:00,0,0,0
2015-01-21 07:00:00+01:00,0,0,0
2015-01-21 08:00:00+01:00,58,37,53
2015-01-21 09:00:00+01:00,205,108,181
2015-01-21 10:00:00+01:00,323,141,278
2015-01-21 11:00:00+01:00,295,141,256
2015-01-21 12:00:00+01:00,254,136,224
2015-01-21 13:00:00+01:00,159,92,142
2015-01-21 14:00:00+01:00,127,70,113
2015-01-21 15:00:00+01:00,44,34,41
2015-01-21 16:00:00+01:00,1,1,1
2015-01-21 17:00:00+01:00,0,0,0
2015-01-21 18:00:00+01:00,0,0,0
2015-01-21 19:00:00+01:00,0,0,0
2015-01-21 20:00:00+01:00,0,0,0
2015-01-21 21:00:00+01:00,0,0,0
2015-01-21 22:00:00+01:00,0,0,0
2015-01-21 23:00:00+01:00,0,0,0
2015-01-22 00:00:00+01:00,0,0,0
2015-01-22 01:00:00+01:00,0,0,0
2015-01-22 02:00:00+01:00,0,0,0
2015-01-22 03:00:00+01:00,0,0,0
2015-01-22 04:00:00+01:00,0,0,0
2015-01-22 05:00:00+01:00,0,0,0
2015-01-22 06:00:00+01:00,0,0,0
2015-01-22 07:00:00+01:00,0,0,0
2015-01-22 08:00:00+01:00,36,22,32
2015-01-22 09:00:00+01:00,128,75,115
2015-01-22 10:00:00+01:00,106,72,98
2015-01-22 11:00:00+01:00,184,113,166
2015-01-22 12:00:00+01:00,180,109,162
2015-01-22 13:00:00+01:00,161,93,144
2015-01-22 14:00:00+01:00,130,87,120
2015-01-22 15:00:00+01:00,47,38,45
2015-01-22 16:00:00+01:00,1,1,1
2015-01-22 17:00:00+01:00,0,0,0
2015-01-22 18:00:00+01:00,0,0,0
2015-01-22 19:00:00+01:00,0,0,0
2015-01-22 20:00:00+01:00,0,0,0
2015-01-22 21:00:00+01:00,0,0,0
2015-01-22 22:00:00+01:00,0,0,0
2015-01-22 23:00:00+01:00,0,0,0
2015-01-23 00:00:00+01:00,0,0,0
2015-01-23 01:00:00+01:00,0,0,0
2015-01-23 02:00:00+01:00,0,0,0
2015-01-23 03:00:00+01:00,0,0,0
2015-01-23 04:00:00+01:00,0,0,0
2015-01-23 05:00:00+01:00,0,0,0
2015-01-23 06:00:00+01:00,0,0,0
2015-01-23 07:00:00+01:00,0,0,0
2015-01-23 08:00:00+01:00,26,19,24
2015-01-23 09:00:00+01:00,63,50,60
2015-01-23 10:00:00+01:00,91,72,86
2015-01-23 11:00:00+01:00,114,89,108
2015-01-23 12:00:00+01:00,145,103,134
2015-01-23 13:00:00+01:00,129,100,122
2015-01-23 14:00:00+01:00,87,71,83
2015-01-23 15:00:00+01:00,80,55,74
2015-01-23 16:00:00+01:00,1,1,1
2015-01-23 17:00:00+01:00,0,0,0
2015-01-23 18:00:00+01:00,0,0,0
2015-01-23 19:00:00+01:00,0,0,0
2015-01-23 20:00:00+01:00,0,0,0
2015-01-23 21:00:00+01:00,0,0,0
2015-01-23 22:00:00+01:00,0,0,0
2015-01-23 23:00:00+01:00,0,0,0
2015-01-24 00:00:00+01:00,0,0,0
2015-01-24 01:00:00+01:00,0,0,0
2015-01-24 02:00:00+01:00,0,0,0
2015-01-24 03:00:00+01:00,0,0,0
2015-01-24 04:00:00+01:00,0,0,0
2015-01-24 05:00:00+01:00,0,0,0
2015-01-24 06:00:00+01:00,0,0,0
2015-01-24 07:00:00+01:00,0,0,0
2015-01-24 08:00:00+01:00,7,6,6
2015-01-24 09:00:00+01:00,60,48,57
2015-01-24 10:00:00+01:00,118,82,109
2015-01-24 11:00:00+01:00,156,110,145
2015-01-24 12:00:00+01:00,145,110,136
2015-01-24 13:00:00+01:00,234,115,204
2015-01-24 14:00:00+01:00,127,83,116
2015-01-24 15:00:00+01:00,34,31,33
2015-01-24 16:00:00+01:00,5,5,5
2015-01-24 17:00:00+01:00,0,0,0
2015-01-24 18:00:00+01:00,0,0,0
2015-01-24 19:00:00+01:00,0,0,0
2015-01-24 20:00:00+01:00,0,0,0
2015-01-24 21:00:00+01:00,0,0,0
2015-01-24 22:00:00+01:00,0,0,0
2015-01-24 23:00:00+01:00,0,0,0
2015-01-25 00:00:00+01:00,0,0,0
2015-01-25 01:00:00+01:00,0,0,0
2015-01-25 02:00:00+01:00,0,0,0
2015-01-25 03:00:00+01:00,0,0,0
2015-01-25 04:00:00+01:00,0,0,0
2015-01-25 05:00:00+01:00,0,0,0
2015-01-25 06:00:00+01:00,0,0,0
2015-01-25 07:00:00+01:00,0,0,0
2015-01-25 08:00:00+01:00,1,1,1
2015-01-25 09:00:00+01:00,28,26,28
2015-01-25 10:00:00+01:00,29,27,29
2015-01-25 11:00:00+01:00,44,42,43
2015-01-25 12:00:00+01:00,67,62,66
2015-01-25 13:00:00+01:00,87,76,84
2015-01-25 14:00:00+01:00,51,47,50
2015-01-25 15:00:00+01:00,36,33,36
2015-01-25 16:00:00+01:00,2,2,2
2015-01-25 17:00:00+01:00,0,0,0
2015-01-25 18:00:00+01:00,0,0,0
2015-01-25 19:00:00+01:00,0,0,0
2015-01-25 20:00:00+01:00,0,0,0
2015-01-25 21:00:00+01:00,0,0,0
2015-01-25 22:00:00+01:00,0,0,0
2015-01-25 23:00:00+01:00,0,0,0
2015-01-26 00:00:00+01:00,0,0,0
2015-01-26 01:00:00+01:00,0,0,0
2015-01-26 02:00:00+01:00,0,0,0
2015-01-26 03:00:00+01:00,0,0,0
2015-01-26 04:00:00+01:00,0,0,0
2015-01-26 05:00:00+01:00,0,0,0
2015-01-26 06:00:00+01:00,0,0,0
2015-01-26 07:00:00+01:00,0,0,0
2015-01-26 08:00:00+01:00,5,4,4
2015-01-26 09:00:00+01:00,48,40,46
2015-01-26 10:00:00+01:00,62,56,61
2015-01-26 11:00:00+01:00,64,56,62
2015-01-26 12:00:00+01:00,50,45,49
2015-01-26 13:00:00+01:00,40,36,39
2015-01-26 14:00:00+01:00,27,26,26
2015-01-26 15:00:00+01:00,22,20,22
2015-01-26 16:00:00+01:00,4,4,4
2015-01-26 17:00:00+01:00,0,0,0
2015-01-26 18:00:00+01:00,0,0,0
2015-01-26 19:00:00+01:00,0,0,0
2015-01-26 20:00:00+01:00,0,0,0
2015-01-26 21:00:00+01:00,0,0,0
2015-01-26 22:00:00+01:00,0,0,0
2015-01-26 23:00:00+01:00,0,0,0
2015-01-27 00:00:00+01:00,0,0,0
2015-01-27 01:00:00+01:00,0,0,0
2015-01-27 02:00:00+01:00,0,0,0
2015-01-27 03:00:00+01:00,0,0,0
2015-01-27 04:00:00+01:00,0,0,0
2015-01-27 05:00:00+01:00,0,0,0
2015-01-27 06:00:00+01:00,0,0,0
2015-01-27 07:00:00+01:00,0,0,0
2015-01-27 08:00:00+01:00,0,0,0
2015-01-27 09:00:00+01:00,40,31,37
2015-01-27 10:00:00+01:00,79,55,73
2015-01-27 11:00:00+01:00,43,41,42
2015-01-27 12:00:00+01:00,40,39,40
2015-01-27 13:00:00+01:00,55,52,54
2015-01-27 14:00:00+01:00,52,46,50
2015-01-27 15:00:00+01:00,32,30,32
2015-01-27 16:00:00+01:00,6,6,6
2015-01-27 17:00:00+01:00,0,0,0
2015-01-27 18:00:00+01:00,0,0,0
2015-01-27 19:00:00+01:00,0,0,0
2015-01-27 20:00:00+01:00,0,0,0
2015-01-27 21:00:00+01:00,0,0,0
2015-01-27 22:00:00+01:00,0,0,0
2015-01-27 23:00:00+01:00,0,0,0
2015-01-28 00:00:00+01:00,0,0,0
2015-01-28 01:00:00+01:00,0,0,0
2015-01-28 02:00:00+01:00,0,0,0
2015-01-28 03:00:00+01:00,0,0,0
2015-01-28 04:00:00+01:00,0,0,0
2015-01-28 05:00:00+01:00,0,0,0
2015-01-28 06:00:00+01:00,0,0,0
2015-01-28 07:00:00+01:00,0,0,0
2015-01-28 08:00:00+01:00,2,2,2
2015-01-28 09:00:00+01:00,26,24,25
2015-01-28 10:00:00+01:00,72,62,69
2015-01-28 11:00:00+01:00,27,25,27
2015-01-28 12:00:00+01:00,61,50,58
2015-01-28 13:00:00+01:00,82,73,80
2015-01-28 14:00:00+01:00,67,59,65
2015-01-28 15:00:00+01:00,44,40,43
2015-01-28 16:00:00+01:00,3,3,3
2015-01-28 17:00:00+01:00,0,0,0
2015-01-28 18:00:00+01:00,0,0,0
2015-01-28 19:00:00+01:00,0,0,0
2015-01-28 20:00:00+01:00,0,0,0
2015-01-28 21:00:00+01:00,0,0,0
2015-01-28 22:00:00+01:00,0,0,0
2015-01-28 23:00:00+01:00,0,0,0
2015-01-29 00:00:00+01:00,0,0,0
2015-01-29 01:00:00+01:00,0,0,0
2015-01-29 02:00:00+01:00,0,0,0
2015-01-29 03:00:00+01:00,0,0,0
2015-01-29 04:00:00+01:00,0,0,0
2015-01-29 05:00:00+01:00,0,0,0
2015-01-29 06:00:00+01:00,0,0,0
2015-01-29 07:00:00+01:00,0,0,0
2015-01-29 08:00:00+01:00,6,6,6
2015-01-29 09:00:00+01:00,65,47,60
2015-01-29 10:00:00+01:00,39,32,38
2015-01-29 11:00:00+01:00,39,37,38
2015-01-29 12:00:00+01:00,32,31,32
2015-01-29 13:00:00+01:00,20,18,19
2015-01-29 14:00:00+01:00,27,26,27
2015-01-29 15:00:00+01:00,58,44,55
2015-01-29 16:00:00+01:00,7,6,6
2015-01-29 17:00:00+01:00,0,0,0
2015-01-29 18:00:00+01:00,0,0,0
2015-01-29 19:00:00+01:00,0,0,0
2015-01-29 20:00:00+01:00,0,0,0
2015-01-29 21:00:00+01:00,0,0,0
2015-01-29 22:00:00+01:00,0,0,0
2015-01-29 23:00:00+01:00,0,0,0
2015-01-30 00:00:00+01:00,0,0,0
2015-01-30 01:00:00+01:00,0,0,0
2015-01-30 02:00:00+01:00,0,0,0
2015-01-30 03:00:00+01:00,0,0,0
2015-01-30 04:00:00+01:00,0,0,0
2015-01-30 05:00:00+01:00,0,0,0
2015-01-30 06:00:00+01:00,0,0,0
2015-01-30 07:00:00+01:00,0,0,0
2015-01-30 08:00:00+01:00,71,50,65
2015-01-30 09:00:00+01:00,130,84,118
2015-01-30 10:00:00+01:00,31,28,30
2015-01-30 11:00:00+01:00,24,22,23
2015-01-30 12:00:00+01:00,65,59,64
2015-01-30 13:00:00+01:00,290,142,253
2015-01-30 14:00:00+01:00,392,179,339
2015-01-30 15:00:00+01:00,300,163,265
2015-01-30 16:00:00+01:00,80,57,74
2015-01-30 17:00:00+01:00,0,0,0
2015-01-30 18:00:00+01:00,0,0,0
2015-01-30 19:00:00+01:00,0,0,0
2015-01-30 20:00:00+01:00,0,0,0
2015-01-30 21:00:00+01:00,0,0,0
2015-01-30 22:00:00+01:00,0,0,0
2015-01-30 23:00:00+01:00,0,0,0
2015-01-31 00:00:00+01:00,0,0,0
2015-01-31 01:00:00+01:00,0,0,0
2015-01-31 02:00:00+01:00,0,0,0
2015-01-31 03:00:00+01:00,0,0,0
2015-01-31 04:00:00+01:00,0,0,0
2015-01-31 05:00:00+01:00,0,0,0
2015-01-31 06:00:00+01:00,0,0,0
2015-01-31 07:00:00+01:00,0,0,0
2015-01-31 08:00:00+01:00,38,27,35
2015-01-31 09:00:00+01:00,264,146,234
2015-01-31 10:00:00+01:00,348,161,301
2015-01-31 11:00:00+01:00,472,193,402
2015-01-31 12:00:00+01:00,480,192,408
2015-01-31 13:00:00+01:00,433,187,372
2015-01-31 14:00:00+01:00,344,163,299
2015-01-31 15:00:00+01:00,122,80,112
2015-01-31 16:00:00+01:00,21,18,20
2015-01-31 17:00:00+01:00,0,0,0
2015-01-31 18:00:00+01:00,0,0,0
2015-01-31 19:00:00+01:00,0,0,0
2015-01-31 20:00:00+01:00,0,0,0
2015-01-31 21:00:00+01:00,0,0,0
2015-01-31 22:00:00+01:00,0,0,0
2015-01-31 23:00:00+01:00,0,0,0
2015-02-01 00:00:00+01:00,0,0,0
2015-02-01 01:00:00+01:00,0,0,0
2015-02-01 02:00:00+01:00,0,0,0
2015-02-01 03:00:00+01:00,0,0,0
2015-02-01 04:00:00+01:00,0,0,0
2015-02-01 05:00:00+01:00,0,0,0
2015-02-01 06:00:00+01:00,0,0,0
2015-02-01 07:00:00+01:00,0,0,0
2015-02-01 08:00:00+01:00,46,36,44
2015-02-01 09:00:00+01:00,156,98,141
2015-02-01 10:00:00+01:00,86,74,83
2015-02-01 11:00:00+01:00,25,24,25
2015-02-01 12:00:00+01:00,36,34,36
2015-02-01 13:00:00+01:00,43,40,43
2015-02-01 14:00:00+01:00,58,49,56
2015-02-01 15:00:00+01:00,66,50,62
2015-02-01 16:00:00+01:00,31,25,30
2015-02-01 17:00:00+01:00,0,0,0
2015-02-01 18:00:00+01:00,0,0,0
2015-02-01 19:00:00+01:00,0,0,0
2015-02-01 20:00:00+01:00,0,0,0
2015-02-01 21:00:00+01:00,0,0,0
2015-02-01 22:00:00+01:00,0,0,0
2015-02-01 23:00:00+01:00,0,0,0
2015-02-02 00:00:00+01:00,0,0,0
2015-02-02 01:00:00+01:00,0,0,0
2015-02-02 02:00:00+01:00,0,0,0
2015-02-02 03:00:00+01:00,0,0,0
2015-02-02 04:00:00+01:00,0,0,0
2015-02-02 05:00:00+01:00,0,0,0
2015-02-02 06:00:00+01:00,0,0,0
2015-02-02 07:00:00+01:00,0,0,0
2015-02-02 08:00:00+01:00,5,5,5
2015-02-02 09:00:00+01:00,46,41,45
2015-02-02 10:00:00+01:00,153,107,141
2015-02-02 11:00:00+01:00,213,126,191
2015-02-02 12:00:00+01:00,168,126,158
2015-02-02 13:00:00+01:00,113,96,109
2015-02-02 14:00:00+01:00,38,36,38
2015-02-02 15:00:00+01:00,128,82,116
2015-02-02 16:00:00+01:00,23,20,23
2015-02-02 17:00:00+01:00,0,0,0
2015-02-02 18:00:00+01:00,0,0,0
2015-02-02 19:00:00+01:00,0,0,0
2015-02-02 20:00:00+01:00,0,0,0
2015-02-02 21:00:00+01:00,0,0,0
2015-02-02 22:00:00+01:00,0,0,0
2015-02-02 23:00:00+01:00,0,0,0
2015-02-03 00:00:00+01:00,0,0,0
2015-02-03 01:00:00+01:00,0,0,0
2015-02-03 02:00:00+01:00,0,0,0
2015-02-03 03:00:00+01:00,0,0,0
2015-02-03 04:00:00+01:00,0,0,0
2015-02-03 05:00:00+01:00,0,0,0
2015-02-03 06:00:00+01:00,0,0,0
2015-02-03 07:00:00+01:00,0,0,0
2015-02-03 08:00:00+01:00,7,6,6
2015-02-03 09:00:00+01:00,40,37,40
2015-02-03 10:00:00+01:00,223,132,200
2015-02-03 11:00:00+01:00,351,173,307
2015-02-03 12:00:00+01:00,169,132,160
2015-02-03 13:00:00+01:00,207,125,187
2015-02-03 14:00:00+01:00,121,90,113
2015-02-03 15:00:00+01:00,83,63,78
2015-02-03 16:00:00+01:00,4,4,4
2015-02-03 17:00:00+01:00,0,0,0
2015-02-03 18:00:00+01:00,0,0,0
2015-02-03 19:00:00+01:00,0,0,0
2015-02-03 20:00:00+01:00,0,0,0
2015-02-03 21:00:00+01:00,0,0,0
2015-02-03 22:00:00+01:00,0,0,0
2015-02-03 23:00:00+01:00,0,0,0
2015-02-04 00:00:00+01:00,0,0,0
2015-02-04 01:00:00+01:00,0,0,0
2015-02-04 02:00:00+01:00,0,0,0
2015-02-04 03:00:00+01:00,0,0,0
2015-02-04 04:00:00+01:00,0,0,0
2015-02-04 05:00:00+01:00,0,0,0
2015-02-04 06:00:00+01:00,0,0,0
2015-02-04 07:00:00+01:00,0,0,0
2015-02-04 08:00:00+01:00,15,14,15
2015-02-04 09:00:00+01:00,36,35,36
2015-02-04 10:00:00+01:00,69,61,67
2015-02-04 11:00:00+01:00,82,76,80
2015-02-04 12:00:00+01:00,52,49,51
2015-02-04 13:00:00+01:00,67,63,66
2015-02-04 14:00:00+01:00,16,16,16
2015-02-04 15:00:00+01:00,11,10,11
2015-02-04 16:00:00+01:00,5,4,5
2015-02-04 17:00:00+01:00,0,0,0
2015-02-04 18:00:00+01:00,0,0,0
2015-02-04 19:00:00+01:00,0,0,0
2015-02-04 20:00:00+01:00,0,0,0
2015-02-04 21:00:00+01:00,0,0,0
2015-02-04 22:00:00+01:00,0,0,0
2015-02-04 23:00:00+01:00,0,0,0
2015-02-05 00:00:00+01:00,0,0,0
2015-02-05 01:00:00+01:00,0,0,0
2015-02-05 02:00:00+01:00,0,0,0
2015-02-05 03:00:00+01:00,0,0,0
2015-02-05 04:00:00+01:00,0,0,0
2015-02-05 05:00:00+01:00,0,0,0
2015-02-05 06:00:00+01:00,0,0,0
2015-02-05 07:00:00+01:00,0,0,0
2015-02-05 08:00:00+01:00,89,65,83
2015-02-05 09:00:00+01:00,224,135,202
2015-02-05 10:00:00+01:00,416,191,360
2015-02-05 11:00:00+01:00,370,175,321
2015-02-05 12:00:00+01:00,176,128,164
2015-02-05 13:00:00+01:00,94,85,92
2015-02-05 14:00:00+01:00,87,73,83
2015-02-05 15:00:00+01:00,58,45,55
2015-02-05 16:00:00+01:00,9,7,9
2015-02-05 17:00:00+01:00,0,0,0
2015-02-05 18:00:00+01:00,0,0,0
2015-02-05 19:00:00+01:00,0,0,0
2015-02-05 20:00:00+01:00,0,0,0
2015-02-05 21:00:00+01:00,0,0,0
2015-02-05 22:00:00+01:00,0,0,0
2015-02-05 23:00:00+01:00,0,0,0
2015-02-06 00:00:00+01:00,0,0,0
2015-02-06 01:00:00+01:00,0,0,0
2015-02-06 02:00:00+01:00,0,0,0
2015-02-06 03:00:00+01:00,0,0,0
2015-02-06 04:00:00+01:00,0,0,0
2015-02-06 05:00:00+01:00,0,0,0
2015-02-06 06:00:00+01:00,0,0,0
2015-02-06 07:00:00+01:00,0,0,0
2015-02-06 08:00:00+01:00,45,36,42
2015-02-06 09:00:00+01:00,50,44,49
2015-02-06 10:00:00+01:00,40,38,40
2015-02-06 11:00:00+01:00,70,64,68
2015-02-06 12:00:00+01:00,57,53,56
2015-02-06 13:00:00+01:00,32,31,31
2015-02-06 14:00:00+01:00,33,32,33
2015-02-06 15:00:00+01:00,26,25,26
2015-02-06 16:00:00+01:00,8,8,8
2015-02-06 17:00:00+01:00,0,0,0
2015-02-06 18:00:00+01:00,0,0,0
2015-02-06 19:00:00+01:00,0,0,0
2015-02-06 20:00:00+01:00,0,0,0
2015-02-06 21:00:00+01:00,0,0,0
2015-02-06 22:00:00+01:00,0,0,0
2015-02-06 23:00:00+01:00,0,0,0
2015-02-07 00:00:00+01:00,0,0,0
2015-02-07 01:00:00+01:00,0,0,0
2015-02-07 02:00:00+01:00,0,0,0
2015-02-07 03:00:00+01:00,0,0,0
2015-02-07 04:00:00+01:00,0,0,0
2015-02-07 05:00:00+01:00,0,0,0
2015-02-07 06:00:00+01:00,0,0,0
2015-02-07 07:00:00+01:00,0,0,0
2015-02-07 08:00:00+01:00,1,1,1
2015-02-07 09:00:00+01:00,10,9,10
2015-02-07 10:00:00+01:00,50,46,49
2015-02-07 11:00:00+01:00,68,65,68
2015-02-07 12:00:00+01:00,35,34,35
2015-02-07 13:00:00+01:00,59,51,57
2015-02-07 14:00:00+01:00,62,58,61
2015-02-07 15:00:00+01:00,77,62,73
2015-02-07 16:00:00+01:00,26,23,25
2015-02-07 17:00:00+01:00,0,0,0
2015-02-07 18:00:00+01:00,0,0,0
2015-02-07 19:00:00+01:00,0,0,0
2015-02-07 20:00:00+01:00,0,0,0
2015-02-07 21:00:00+01:00,0,0,0
2015-02-07 22:00:00+01:00,0,0,0
2015-02-07 23:00:00+01:00,0,0,0
2015-02-08 00:00:00+01:00,0,0,0
2015-02-08 01:00:00+01:00,0,0,0
2015-02-08 02:00:00+01:00,0,0,0
2015-02-08 03:00:00+01:00,0,0,0
2015-02-08 04:00:00+01:00,0,0,0
2015-02-08 05:00:00+01:00,0,0,0
2015-02-08 06:00:00+01:00,0,0,0
2015-02-08 07:00:00+01:00,0,0,0
2015-02-08 08:00:00+01:00,3,3,3
2015-02-08 09:00:00+01:00,13,11,12
2015-02-08 10:00:00+01:00,32,31,32
2015-02-08 11:00:00+01:00,56,51,55
2015-02-08 12:00:00+01:00,48,46,47
2015-02-08 13:00:00+01:00,53,51,52
2015-02-08 14:00:00+01:00,36,35,36
2015-02-08 15:00:00+01:00,18,16,17
2015-02-08 16:00:00+01:00,2,2,2
2015-02-08 17:00:00+01:00,0,0,0
2015-02-08 18:00:00+01:00,0,0,0
2015-02-08 19:00:00+01:00,0,0,0
2015-02-08 20:00:00+01:00,0,0,0
2015-02-08 21:00:00+01:00,0,0,0
2015-02-08 22:00:00+01:00,0,0,0
2015-02-08 23:00:00+01:00,0,0,0
2015-02-09 00:00:00+01:00,0,0,0
2015-02-09 01:00:00+01:00,0,0,0
2015-02-09 02:00:00+01:00,0,0,0
2015-02-09 03:00:00+01:00,0,0,0
2015-02-09 04:00:00+01:00,0,0,0
2015-02-09 05:00:00+01:00,0,0,0
2015-02-09 06:00:00+01:00,0,0,0
2015-02-09 07:00:00+01:00,0,0,0
2015-02-09 08:00:00+01:00,127,91,118
2015-02-09 09:00:00+01:00,313,175,278
2015-02-09 10:00:00+01:00,215,130,194
2015-02-09 11:00:00+01:00,140,116,134
2015-02-09 12:00:00+01:00,258,158,233
2015-02-09 13:00:00+01:00,298,170,266
2015-02-09 14:00:00+01:00,176,121,162
2015-02-09 15:00:00+01:00,162,116,150
2015-02-09 16:00:00+01:00,52,39,48
2015-02-09 17:00:00+01:00,1,1,1
2015-02-09 18:00:00+01:00,0,0,0
2015-02-09 19:00:00+01:00,0,0,0
2015-02-09 20:00:00+01:00,0,0,0
2015-02-09 21:00:00+01:00,0,0,0
2015-02-09 22:00:00+01:00,0,0,0
2015-02-09 23:00:00+01:00,0,0,0
2015-02-10 00:00:00+01:00,0,0,0
2015-02-10 01:00:00+01:00,0,0,0
2015-02-10 02:00:00+01:00,0,0,0
2015-02-10 03:00:00+01:00,0,0,0
2015-02-10 04:00:00+01:00,0,0,0
2015-02-10 05:00:00+01:00,0,0,0
2015-02-10 06:00:00+01:00,0,0,0
2015-02-10 07:00:00+01:00,0,0,0
2015-02-10 08:00:00+01:00,94,76,90
2015-02-10 09:00:00+01:00,159,105,145
2015-02-10 10:00:00+01:00,373,185,326
2015-02-10 11:00:00+01:00,386,194,338
2015-02-10 12:00:00+01:00,394,202,346
2015-02-10 13:00:00+01:00,377,192,331
2015-02-10 14:00:00+01:00,260,149,232
2015-02-10 15:00:00+01:00,129,82,118
2015-02-10 16:00:00+01:00,27,23,26
2015-02-10 17:00:00+01:00,0,0,0
2015-02-10 18:00:00+01:00,0,0,0
2015-02-10 19:00:00+01:00,0,0,0
2015-02-10 20:00:00+01:00,0,0,0
2015-02-10 21:00:00+01:00,0,0,0
2015-02-10 22:00:00+01:00,0,0,0
2015-02-10 23:00:00+01:00,0,0,0
2015-02-11 00:00:00+01:00,0,0,0
2015-02-11 01:00:00+01:00,0,0,0
2015-02-11 02:00:00+01:00,0,0,0
2015-02-11 03:00:00+01:00,0,0,0
2015-02-11 04:00:00+01:00,0,0,0
2015-02-11 05:00:00+01:00,0,0,0
2015-02-11 06:00:00+01:00,0,0,0
2015-02-11 07:00:00+01:00,0,0,0
2015-02-11 08:00:00+01:00,18,18,18
2015-02-11 09:00:00+01:00,65,57,63
2015-02-11 10:00:00+01:00,90,80,88
2015-02-11 11:00:00+01:00,144,102,134
2015-02-11 12:00:00+01:00,260,172,238
2015-02-11 13:00:00+01:00,249,152,225
2015-02-11 14:00:00+01:00,60,58,60
2015-02-11 15:00:00+01:00,33,32,33
2015-02-11 16:00:00+01:00,10,10,10
2015-02-11 17:00:00+01:00,0,0,0
2015-02-11 18:00:00+01:00,0,0,0
2015-02-11 19:00:00+01:00,0,0,0
2015-02-11 20:00:00+01:00,0,0,0
2015-02-11 21:00:00+01:00,0,0,0
2015-02-11 22:00:00+01:00,0,0,0
2015-02-11 23:00:00+01:00,0,0,0
2015-02-12 00:00:00+01:00,0,0,0
2015-02-12 01:00:00+01:00,0,0,0
2015-02-12 02:00:00+01:00,0,0,0
2015-02-12 03:00:00+01:00,0,0,0
2015-02-12 04:00:00+01:00,0,0,0
2015-02-12 05:00:00+01:00,0,0,0
2015-02-12 06:00:00+01:00,0,0,0
2015-02-12 07:00:00+01:00,0,0,0
2015-02-12 08:00:00+01:00,18,18,18
2015-02-12 09:00:00+01:00,42,40,42
2015-02-12 10:00:00+01:00,131,77,118
2015-02-12 11:00:00+01:00,202,134,185
2015-02-12 12:00:00+01:00,248,175,230
2015-02-12 13:00:00+01:00,252,166,231
2015-02-12 14:00:00+01:00,137,102,128
2015-02-12 15:00:00+01:00,69,61,67
2015-02-12 16:00:00+01:00,27,25,26
2015-02-12 17:00:00+01:00,7,8,7
2015-02-12 18:00:00+01:00,0,0,0
2015-02-12 19:00:00+01:00,0,0,0
2015-02-12 20:00:00+01:00,0,0,0
2015-02-12 21:00:00+01:00,0,0,0
2015-02-12 22:00:00+01:00,0,0,0
2015-02-12 23:00:00+01:00,0,0,0
2015-02-13 00:00:00+01:00,0,0,0
2015-02-13 01:00:00+01:00,0,0,0
2015-02-13 02:00:00+01:00,0,0,0
2015-02-13 03:00:00+01:00,0,0,0
2015-02-13 04:00:00+01:00,0,0,0
2015-02-13 05:00:00+01:00,0,0,0
2015-02-13 06:00:00+01:00,0,0,0
2015-02-13 07:00:00+01:00,0,0,0
2015-02-13 08:00:00+01:00,127,103,121
2015-02-13 09:00:00+01:00,266,163,240
2015-02-13 10:00:00+01:00,424,205,369
2015-02-13 11:00:00+01:00,546,240,469
2015-02-13 12:00:00+01:00,563,250,485
2015-02-13 13:00:00+01:00,522,235,451
2015-02-13 14:00:00+01:00,425,205,370
2015-02-13 15:00:00+01:00,270,163,243
2015-02-13 16:00:00+01:00,107,93,103
2015-02-13 17:00:00+01:00,8,9,9
2015-02-13 18:00:00+01:00,0,0,0
2015-02-13 19:00:00+01:00,0,0,0
2015-02-13 20:00:00+01:00,0,0,0
2015-02-13 21:00:00+01:00,0,0,0
2015-02-13 22:00:00+01:00,0,0,0
2015-02-13 23:00:00+01:00,0,0,0
2015-02-14 00:00:00+01:00,0,0,0
2015-02-14 01:00:00+01:00,0,0,0
2015-02-14 02:00:00+01:00,0,0,0
2015-02-14 03:00:00+01:00,0,0,0
2015-02-14 04:00:00+01:00,0,0,0
2015-02-14 05:00:00+01:00,0,0,0
2015-02-14 06:00:00+01:00,0,0,0
2015-02-14 07:00:00+01:00,0,0,0
2015-02-14 08:00:00+01:00,91,72,86
2015-02-14 09:00:00+01:00,276,169,249
2015-02-14 10:00:00+01:00,366,189,322
2015-02-14 11:00:00+01:00,524,238,453
2015-02-14 12:00:00+01:00,597,258,512
2015-02-14 13:00:00+01:00,561,239,481
2015-02-14 14:00:00+01:00,473,213,408
2015-02-14 15:00:00+01:00,338,193,301
2015-02-14 16:00:00+01:00,158,124,150
2015-02-14 17:00:00+01:00,18,20,18
2015-02-14 18:00:00+01:00,0,0,0
2015-02-14 19:00:00+01:00,0,0,0
2015-02-14 20:00:00+01:00,0,0,0
2015-02-14 21:00:00+01:00,0,0,0
2015-02-14 22:00:00+01:00,0,0,0
2015-02-14 23:00:00+01:00,0,0,0
2015-02-15 00:00:00+01:00,0,0,0
2015-02-15 01:00:00+01:00,0,0,0
2015-02-15 02:00:00+01:00,0,0,0
2015-02-15 03:00:00+01:00,0,0,0
2015-02-15 04:00:00+01:00,0,0,0
2015-02-15 05:00:00+01:00,0,0,0
2015-02-15 06:00:00+01:00,0,0,0
2015-02-15 07:00:00+01:00,0,0,0
2015-02-15 08:00:00+01:00,172,127,161
2015-02-15 09:00:00+01:00,387,219,345
2015-02-15 10:00:00+01:00,554,240,475
2015-02-15 11:00:00+01:00,647,269,552
2015-02-15 12:00:00+01:00,683,289,585
2015-02-15 13:00:00+01:00,656,273,560
2015-02-15 14:00:00+01:00,561,243,481
2015-02-15 15:00:00+01:00,410,225,364
2015-02-15 16:00:00+01:00,184,141,173
2015-02-15 17:00:00+01:00,18,21,19
2015-02-15 18:00:00+01:00,0,0,0
2015-02-15 19:00:00+01:00,0,0,0
2015-02-15 20:00:00+01:00,0,0,0
2015-02-15 21:00:00+01:00,0,0,0
2015-02-15 22:00:00+01:00,0,0,0
2015-02-15 23:00:00+01:00,0,0,0
2015-02-16 00:00:00+01:00,0,0,0
2015-02-16 01:00:00+01:00,0,0,0
2015-02-16 02:00:00+01:00,0,0,0
2015-02-16 03:00:00+01:00,0,0,0
2015-02-16 04:00:00+01:00,0,0,0
2015-02-16 05:00:00+01:00,0,0,0
2015-02-16 06:00:00+01:00,0,0,0
2015-02-16 07:00:00+01:00,2,3,3
2015-02-16 08:00:00+01:00,140,107,132
2015-02-16 09:00:00+01:00,374,217,335
2015-02-16 10:00:00+01:00,552,242,474
2015-02-16 11:00:00+01:00,644,271,551
2015-02-16 12:00:00+01:00,684,292,586
2015-02-16 13:00:00+01:00,653,275,558
2015-02-16 14:00:00+01:00,555,242,477
2015-02-16 15:00:00+01:00,406,224,361
2015-02-16 16:00:00+01:00,185,143,175
2015-02-16 17:00:00+01:00,18,21,19
2015-02-16 18:00:00+01:00,0,0,0
2015-02-16 19:00:00+01:00,0,0,0
2015-02-16 20:00:00+01:00,0,0,0
2015-02-16 21:00:00+01:00,0,0,0
2015-02-16 22:00:00+01:00,0,0,0
2015-02-16 23:00:00+01:00,0,0,0
2015-02-17 00:00:00+01:00,0,0,0
2015-02-17 01:00:00+01:00,0,0,0
2015-02-17 02:00:00+01:00,0,0,0
2015-02-17 03:00:00+01:00,0,0,0
2015-02-17 04:00:00+01:00,0,0,0
2015-02-17 05:00:00+01:00,0,0,0
2015-02-17 06:00:00+01:00,0,0,0
2015-02-17 07:00:00+01:00,0,0,0
2015-02-17 08:00:00+01:00,59,56,59
2015-02-17 09:00:00+01:00,94,81,91
2015-02-17 10:00:00+01:00,69,64,67
2015-02-17 11:00:00+01:00,48,46,47
2015-02-17 12:00:00+01:00,48,45,48
2015-02-17 13:00:00+01:00,34,33,34
2015-02-17 14:00:00+01:00,31,30,31
2015-02-17 15:00:00+01:00,21,21,21
2015-02-17 16:00:00+01:00,12,12,12
2015-02-17 17:00:00+01:00,0,0,0
2015-02-17 18:00:00+01:00,0,0,0
2015-02-17 19:00:00+01:00,0,0,0
2015-02-17 20:00:00+01:00,0,0,0
2015-02-17 21:00:00+01:00,0,0,0
2015-02-17 22:00:00+01:00,0,0,0
2015-02-17 23:00:00+01:00,0,0,0
2015-02-18 00:00:00+01:00,0,0,0
2015-02-18 01:00:00+01:00,0,0,0
2015-02-18 02:00:00+01:00,0,0,0
2015-02-18 03:00:00+01:00,0,0,0
2015-02-18 04:00:00+01:00,0,0,0
2015-02-18 05:00:00+01:00,0,0,0
2015-02-18 06:00:00+01:00,0,0,0
2015-02-18 07:00:00+01:00,1,1,1
2015-02-18 08:00:00+01:00,72,57,68
2015-02-18 09:00:00+01:00,198,140,184
2015-02-18 10:00:00+01:00,221,152,204
2015-02-18 11:00:00+01:00,299,195,273
2015-02-18 12:00:00+01:00,182,126,168
2015-02-18 13:00:00+01:00,57,55,56
2015-02-18 14:00:00+01:00,44,42,43
2015-02-18 15:00:00+01:00,50,47,49
2015-02-18 16:00:00+01:00,65,60,63
2015-02-18 17:00:00+01:00,7,7,7
2015-02-18 18:00:00+01:00,0,0,0
2015-02-18 19:00:00+01:00,0,0,0
2015-02-18 20:00:00+01:00,0,0,0
2015-02-18 21:00:00+01:00,0,0,0
2015-02-18 22:00:00+01:00,0,0,0
2015-02-18 23:00:00+01:00,0,0,0
2015-02-19 00:00:00+01:00,0,0,0
2015-02-19 01:00:00+01:00,0,0,0
2015-02-19 02:00:00+01:00,0,0,0
2015-02-19 03:00:00+01:00,0,0,0
2015-02-19 04:00:00+01:00,0,0,0
2015-02-19 05:00:00+01:00,0,0,0
2015-02-19 06:00:00+01:00,0,0,0
2015-02-19 07:00:00+01:00,3,3,3
2015-02-19 08:00:00+01:00,90,76,86
2015-02-19 09:00:00+01:00,138,105,130
2015-02-19 10:00:00+01:00,54,52,53
2015-02-19 11:00:00+01:00,38,36,37
2015-02-19 12:00:00+01:00,39,38,38
2015-02-19 13:00:00+01:00,26,25,26
2015-02-19 14:00:00+01:00,30,28,30
2015-02-19 15:00:00+01:00,22,20,21
2015-02-19 16:00:00+01:00,11,11,11
2015-02-19 17:00:00+01:00,0,0,0
2015-02-19 18:00:00+01:00,0,0,0
2015-02-19 19:00:00+01:00,0,0,0
2015-02-19 20:00:00+01:00,0,0,0
2015-02-19 21:00:00+01:00,0,0,0
2015-02-19 22:00:00+01:00,0,0,0
2015-02-19 23:00:00+01:00,0,0,0
2015-02-20 00:00:00+01:00,0,0,0
2015-02-20 01:00:00+01:00,0,0,0
2015-02-20 02:00:00+01:00,0,0,0
2015-02-20 03:00:00+01:00,0,0,0
2015-02-20 04:00:00+01:00,0,0,0
2015-02-20 05:00:00+01:00,0,0,0
2015-02-20 06:00:00+01:00,0,0,0
2015-02-20 07:00:00+01:00,0,0,0
2015-02-20 08:00:00+01:00,41,41,41
2015-02-20 09:00:00+01:00,115,92,109
2015-02-20 10:00:00+01:00,238,157,218
2015-02-20 11:00:00+01:00,209,165,198
2015-02-20 12:00:00+01:00,136,107,129
2015-02-20 13:00:00+01:00,96,83,93
2015-02-20 14:00:00+01:00,47,46,47
2015-02-20 15:00:00+01:00,50,48,50
2015-02-20 16:00:00+01:00,43,39,42
2015-02-20 17:00:00+01:00,0,0,0
2015-02-20 18:00:00+01:00,0,0,0
2015-02-20 19:00:00+01:00,0,0,0
2015-02-20 20:00:00+01:00,0,0,0
2015-02-20 21:00:00+01:00,0,0,0
2015-02-20 22:00:00+01:00,0,0,0
2015-02-20 23:00:00+01:00,0,0,0
2015-02-21 00:00:00+01:00,0,0,0
2015-02-21 01:00:00+01:00,0,0,0
2015-02-21 02:00:00+01:00,0,0,0
2015-02-21 03:00:00+01:00,0,0,0
2015-02-21 04:00:00+01:00,0,0,0
2015-02-21 05:00:00+01:00,0,0,0
2015-02-21 06:00:00+01:00,0,0,0
2015-02-21 07:00:00+01:00,1,2,1
2015-02-21 08:00:00+01:00,37,35,36
2015-02-21 09:00:00+01:00,81,70,78
2015-02-21 10:00:00+01:00,126,107,121
2015-02-21 11:00:00+01:00,94,75,89
2015-02-21 12:00:00+01:00,77,70,76
2015-02-21 13:00:00+01:00,33,33,33
2015-02-21 14:00:00+01:00,52,49,51
2015-02-21 15:00:00+01:00,86,70,82
2015-02-21 16:00:00+01:00,70,59,67
2015-02-21 17:00:00+01:00,31,39,33
2015-02-21 18:00:00+01:00,0,0,0
2015-02-21 19:00:00+01:00,0,0,0
2015-02-21 20:00:00+01:00,0,0,0
2015-02-21 21:00:00+01:00,0,0,0
2015-02-21 22:00:00+01:00,0,0,0
2015-02-21 23:00:00+01:00,0,0,0
2015-02-22 00:00:00+01:00,0,0,0
2015-02-22 01:00:00+01:00,0,0,0
2015-02-22 02:00:00+01:00,0,0,0
2015-02-22 03:00:00+01:00,0,0,0
2015-02-22 04:00:00+01:00,0,0,0
2015-02-22 05:00:00+01:00,0,0,0
2015-02-22 06:00:00+01:00,0,0,0
2015-02-22 07:00:00+01:00,0,0,0
2015-02-22 08:00:00+01:00,25,25,25
2015-02-22 09:00:00+01:00,32,31,32
2015-02-22 10:00:00+01:00,38,38,38
2015-02-22 11:00:00+01:00,43,42,43
2015-02-22 12:00:00+01:00,45,42,44
2015-02-22 13:00:00+01:00,80,72,78
2015-02-22 14:00:00+01:00,105,93,102
2015-02-22 15:00:00+01:00,44,42,44
2015-02-22 16:00:00+01:00,24,23,23
2015-02-22 17:00:00+01:00,3,3,3
2015-02-22 18:00:00+01:00,0,0,0
2015-02-22 19:00:00+01:00,0,0,0
2015-02-22 20:00:00+01:00,0,0,0
2015-02-22 21:00:00+01:00,0,0,0
2015-02-22 22:00:00+01:00,0,0,0
2015-02-22 23:00:00+01:00,0,0,0
2015-02-23 00:00:00+01:00,0,0,0
2015-02-23 01:00:00+01:00,0,0,0
2015-02-23 02:00:00+01:00,0,0,0
2015-02-23 03:00:00+01:00,0,0,0
2015-02-23 04:00:00+01:00,0,0,0
2015-02-23 05:00:00+01:00,0,0,0
2015-02-23 06:00:00+01:00,0,0,0
2015-02-23 07:00:00+01:00,8,8,8
2015-02-23 08:00:00+01:00,50,48,49
2015-02-23 09:00:00+01:00,76,71,75
2015-02-23 10:00:00+01:00,79,75,78
2015-02-23 11:00:00+01:00,179,142,170
2015-02-23 12:00:00+01:00,161,112,149
2015-02-23 13:00:00+01:00,179,127,166
2015-02-23 14:00:00+01:00,208,148,193
2015-02-23 15:00:00+01:00,162,128,154
2015-02-23 16:00:00+01:00,87,77,85
2015-02-23 17:00:00+01:00,0,0,0
2015-02-23 18:00:00+01:00,0,0,0
2015-02-23 19:00:00+01:00,0,0,0
2015-02-23 20:00:00+01:00,0,0,0
2015-02-23 21:00:00+01:00,0,0,0
2015-02-23 22:00:00+01:00,0,0,0
2015-02-23 23:00:00+01:00,0,0,0
2015-02-24 00:00:00+01:00,0,0,0
2015-02-24 01:00:00+01:00,0,0,0
2015-02-24 02:00:00+01:00,0,0,0
2015-02-24 03:00:00+01:00,0,0,0
2015-02-24 04:00:00+01:00,0,0,0
2015-02-24 05:00:00+01:00,0,0,0
2015-02-24 06:00:00+01:00,0,0,0
2015-02-24 07:00:00+01:00,8,9,8
2015-02-24 08:00:00+01:00,166,128,157
2015-02-24 09:00:00+01:00,413,242,371
2015-02-24 10:00:00+01:00,469,250,414
2015-02-24 11:00:00+01:00,497,264,439
2015-02-24 12:00:00+01:00,409,238,366
2015-02-24 13:00:00+01:00,247,174,228
2015-02-24 14:00:00+01:00,328,203,296
2015-02-24 15:00:00+01:00,379,223,340
2015-02-24 16:00:00+01:00,245,203,234
2015-02-24 17:00:00+01:00,38,48,41
2015-02-24 18:00:00+01:00,0,0,0
2015-02-24 19:00:00+01:00,0,0,0
2015-02-24 20:00:00+01:00,0,0,0
2015-02-24 21:00:00+01:00,0,0,0
2015-02-24 22:00:00+01:00,0,0,0
2015-02-24 23:00:00+01:00,0,0,0
2015-02-25 00:00:00+01:00,0,0,0
2015-02-25 01:00:00+01:00,0,0,0
2015-02-25 02:00:00+01:00,0,0,0
2015-02-25 03:00:00+01:00,0,0,0
2015-02-25 04:00:00+01:00,0,0,0
2015-02-25 05:00:00+01:00,0,0,0
2015-02-25 06:00:00+01:00,0,0,0
2015-02-25 07:00:00+01:00,3,4,3
2015-02-25 08:00:00+01:00,83,72,80
2015-02-25 09:00:00+01:00,170,124,158
2015-02-25 10:00:00+01:00,152,126,145
2015-02-25 11:00:00+01:00,200,160,190
2015-02-25 12:00:00+01:00,161,142,156
2015-02-25 13:00:00+01:00,137,124,134
2015-02-25 14:00:00+01:00,209,143,192
2015-02-25 15:00:00+01:00,144,111,136
2015-02-25 16:00:00+01:00,56,54,55
2015-02-25 17:00:00+01:00,10,11,11
2015-02-25 18:00:00+01:00,0,0,0
2015-02-25 19:00:00+01:00,0,0,0
2015-02-25 20:00:00+01:00,0,0,0
2015-02-25 21:00:00+01:00,0,0,0
2015-02-25 22:00:00+01:00,0,0,0
2015-02-25 23:00:00+01:00,0,0,0
2015-02-26 00:00:00+01:00,0,0,0
2015-02-26 01:00:00+01:00,0,0,0
2015-02-26 02:00:00+01:00,0,0,0
2015-02-26 03:00:00+01:00,0,0,0
2015-02-26 04:00:00+01:00,0,0,0
2015-02-26 05:00:00+01:00,0,0,0
2015-02-26 06:00:00+01:00,0,0,0
2015-02-26 07:00:00+01:00,0,0,0
2015-02-26 08:00:00+01:00,23,22,23
2015-02-26 09:00:00+01:00,49,48,48
2015-02-26 10:00:00+01:00,176,129,164
2015-02-26 11:00:00+01:00,362,218,326
2015-02-26 12:00:00+01:00,304,218,282
2015-02-26 13:00:00+01:00,245,185,230
2015-02-26 14:00:00+01:00,248,179,231
2015-02-26 15:00:00+01:00,138,110,131
2015-02-26 16:00:00+01:00,61,56,60
2015-02-26 17:00:00+01:00,0,0,0
2015-02-26 18:00:00+01:00,0,0,0
2015-02-26 19:00:00+01:00,0,0,0
2015-02-26 20:00:00+01:00,0,0,0
2015-02-26 21:00:00+01:00,0,0,0
2015-02-26 22:00:00+01:00,0,0,0
2015-02-26 23:00:00+01:00,0,0,0
2015-02-27 00:00:00+01:00,0,0,0
2015-02-27 01:00:00+01:00,0,0,0
2015-02-27 02:00:00+01:00,0,0,0
2015-02-27 03:00:00+01:00,0,0,0
2015-02-27 04:00:00+01:00,0,0,0
2015-02-27 05:00:00+01:00,0,0,0
2015-02-27 06:00:00+01:00,0,0,0
2015-02-27 07:00:00+01:00,30,39,32
2015-02-27 08:00:00+01:00,234,192,223
2015-02-27 09:00:00+01:00,421,247,378
2015-02-27 10:00:00+01:00,597,284,519
2015-02-27 11:00:00+01:00,688,322,596
2015-02-27 12:00:00+01:00,735,348,638
2015-02-27 13:00:00+01:00,682,319,592
2015-02-27 14:00:00+01:00,423,229,374
2015-02-27 15:00:00+01:00,152,122,144
2015-02-27 16:00:00+01:00,89,77,86
2015-02-27 17:00:00+01:00,11,12,12
2015-02-27 18:00:00+01:00,0,0,0
2015-02-27 19:00:00+01:00,0,0,0
2015-02-27 20:00:00+01:00,0,0,0
2015-02-27 21:00:00+01:00,0,0,0
2015-02-27 22:00:00+01:00,0,0,0
2015-02-27 23:00:00+01:00,0,0,0
2015-02-28 00:00:00+01:00,0,0,0
2015-02-28 01:00:00+01:00,0,0,0
2015-02-28 02:00:00+01:00,0,0,0
2015-02-28 03:00:00+01:00,0,0,0
2015-02-28 04:00:00+01:00,0,0,0
2015-02-28 05:00:00+01:00,0,0,0
2015-02-28 06:00:00+01:00,0,0,0
2015-02-28 07:00:00+01:00,3,3,3
2015-02-28 08:00:00+01:00,53,49,52
2015-02-28 09:00:00+01:00,114,94,109
2015-02-28 10:00:00+01:00,102,82,97
2015-02-28 11:00:00+01:00,258,180,239
2015-02-28 12:00:00+01:00,516,294,461
2015-02-28 13:00:00+01:00,345,226,315
2015-02-28 14:00:00+01:00,414,224,367
2015-02-28 15:00:00+01:00,384,266,354
2015-02-28 16:00:00+01:00,240,192,228
2015-02-28 17:00:00+01:00,34,39,35
2015-02-28 18:00:00+01:00,0,0,0
2015-02-28 19:00:00+01:00,0,0,0
2015-02-28 20:00:00+01:00,0,0,0
2015-02-28 21:00:00+01:00,0,0,0
2015-02-28 22:00:00+01:00,0,0,0
2015-02-28 23:00:00+01:00,0,0,0
2015-03-01 00:00:00+01:00,0,0,0
2015-03-01 01:00:00+01:00,0,0,0
2015-03-01 02:00:00+01:00,0,0,0
2015-03-01 03:00:00+01:00,0,0,0
2015-03-01 04:00:00+01:00,0,0,0
2015-03-01 05:00:00+01:00,0,0,0
2015-03-01 06:00:00+01:00,0,0,0
2015-03-01 07:00:00+01:00,2,2,2
2015-03-01 08:00:00+01:00,26,26,26
2015-03-01 09:00:00+01:00,58,56,58
2015-03-01 10:00:00+01:00,52,51,52
2015-03-01 11:00:00+01:00,105,95,102
2015-03-01 12:00:00+01:00,83,77,82
2015-03-01 13:00:00+01:00,70,66,69
2015-03-01 14:00:00+01:00,51,48,50
2015-03-01 15:00:00+01:00,25,24,25
2015-03-01 16:00:00+01:00,19,19,19
2015-03-01 17:00:00+01:00,6,6,6
2015-03-01 18:00:00+01:00,0,0,0
2015-03-01 19:00:00+01:00,0,0,0
2015-03-01 20:00:00+01:00,0,0,0
2015-03-01 21:00:00+01:00,0,0,0
2015-03-01 22:00:00+01:00,0,0,0
2015-03-01 23:00:00+01:00,0,0,0
2015-03-02 00:00:00+01:00,0,0,0
2015-03-02 01:00:00+01:00,0,0,0
2015-03-02 02:00:00+01:00,0,0,0
2015-03-02 03:00:00+01:00,0,0,0
2015-03-02 04:00:00+01:00,0,0,0
2015-03-02 05:00:00+01:00,0,0,0
2015-03-02 06:00:00+01:00,0,0,0
2015-03-02 07:00:00+01:00,12,16,13
2015-03-02 08:00:00+01:00,52,50,52
2015-03-02 09:00:00+01:00,106,89,102
2015-03-02 10:00:00+01:00,132,117,128
2015-03-02 11:00:00+01:00,105,99,103
2015-03-02 12:00:00+01:00,76,69,74
2015-03-02 13:00:00+01:00,64,63,64
2015-03-02 14:00:00+01:00,62,58,61
2015-03-02 15:00:00+01:00,40,40,40
2015-03-02 16:00:00+01:00,22,22,22
2015-03-02 17:00:00+01:00,5,6,5
2015-03-02 18:00:00+01:00,0,0,0
2015-03-02 19:00:00+01:00,0,0,0
2015-03-02 20:00:00+01:00,0,0,0
2015-03-02 21:00:00+01:00,0,0,0
2015-03-02 22:00:00+01:00,0,0,0
2015-03-02 23:00:00+01:00,0,0,0
2015-03-03 00:00:00+01:00,0,0,0
2015-03-03 01:00:00+01:00,0,0,0
2015-03-03 02:00:00+01:00,0,0,0
2015-03-03 03:00:00+01:00,0,0,0
2015-03-03 04:00:00+01:00,0,0,0
2015-03-03 05:00:00+01:00,0,0,0
2015-03-03 06:00:00+01:00,0,0,0
2015-03-03 07:00:00+01:00,1,1,1
2015-03-03 08:00:00+01:00,26,25,26
2015-03-03 09:00:00+01:00,43,42,43
2015-03-03 10:00:00+01:00,41,40,41
2015-03-03 11:00:00+01:00,48,47,48
2015-03-03 12:00:00+01:00,43,42,43
2015-03-03 13:00:00+01:00,56,54,55
2015-03-03 14:00:00+01:00,104,86,100
2015-03-03 15:00:00+01:00,236,170,220
2015-03-03 16:00:00+01:00,207,183,201
2015-03-03 17:00:00+01:00,39,45,40
2015-03-03 18:00:00+01:00,0,0,0
2015-03-03 19:00:00+01:00,0,0,0
2015-03-03 20:00:00+01:00,0,0,0
2015-03-03 21:00:00+01:00,0,0,0
2015-03-03 22:00:00+01:00,0,0,0
2015-03-03 23:00:00+01:00,0,0,0
2015-03-04 00:00:00+01:00,0,0,0
2015-03-04 01:00:00+01:00,0,0,0
2015-03-04 02:00:00+01:00,0,0,0
2015-03-04 03:00:00+01:00,0,0,0
2015-03-04 04:00:00+01:00,0,0,0
2015-03-04 05:00:00+01:00,0,0,0
2015-03-04 06:00:00+01:00,0,0,0
2015-03-04 07:00:00+01:00,23,30,25
2015-03-04 08:00:00+01:00,46,45,45
2015-03-04 09:00:00+01:00,163,131,155
2015-03-04 10:00:00+01:00,217,163,203
2015-03-04 11:00:00+01:00,164,136,157
2015-03-04 12:00:00+01:00,199,161,189
2015-03-04 13:00:00+01:00,129,119,127
2015-03-04 14:00:00+01:00,146,122,140
2015-03-04 15:00:00+01:00,89,81,87
2015-03-04 16:00:00+01:00,41,41,41
2015-03-04 17:00:00+01:00,11,12,11
2015-03-04 18:00:00+01:00,0,0,0
2015-03-04 19:00:00+01:00,0,0,0
2015-03-04 20:00:00+01:00,0,0,0
2015-03-04 21:00:00+01:00,0,0,0
2015-03-04 22:00:00+01:00,0,0,0
2015-03-04 23:00:00+01:00,0,0,0
2015-03-05 00:00:00+01:00,0,0,0
2015-03-05 01:00:00+01:00,0,0,0
2015-03-05 02:00:00+01:00,0,0,0
2015-03-05 03:00:00+01:00,0,0,0
2015-03-05 04:00:00+01:00,0,0,0
2015-03-05 05:00:00+01:00,0,0,0
2015-03-05 06:00:00+01:00,0,0,0
2015-03-05 07:00:00+01:00,3,3,3
2015-03-05 08:00:00+01:00,34,34,34
2015-03-05 09:00:00+01:00,46,45,46
2015-03-05 10:00:00+01:00,86,82,85
2015-03-05 11:00:00+01:00,109,104,108
2015-03-05 12:00:00+01:00,181,157,175
2015-03-05 13:00:00+01:00,163,148,159
2015-03-05 14:00:00+01:00,153,135,148
2015-03-05 15:00:00+01:00,96,86,93
2015-03-05 16:00:00+01:00,80,75,79
2015-03-05 17:00:00+01:00,10,10,10
2015-03-05 18:00:00+01:00,0,0,0
2015-03-05 19:00:00+01:00,0,0,0
2015-03-05 20:00:00+01:00,0,0,0
2015-03-05 21:00:00+01:00,0,0,0
2015-03-05 22:00:00+01:00,0,0,0
2015-03-05 23:00:00+01:00,0,0,0
2015-03-06 00:00:00+01:00,0,0,0
2015-03-06 01:00:00+01:00,0,0,0
2015-03-06 02:00:00+01:00,0,0,0
2015-03-06 03:00:00+01:00,0,0,0
2015-03-06 04:00:00+01:00,0,0,0
2015-03-06 05:00:00+01:00,0,0,0
2015-03-06 06:00:00+01:00,0,0,0
2015-03-06 07:00:00+01:00,7,7,7
2015-03-06 08:00:00+01:00,36,36,36
2015-03-06 09:00:00+01:00,83,79,82
2015-03-06 10:00:00+01:00,158,130,151
2015-03-06 11:00:00+01:00,161,128,153
2015-03-06 12:00:00+01:00,68,65,68
2015-03-06 13:00:00+01:00,75,71,74
2015-03-06 14:00:00+01:00,157,127,150
2015-03-06 15:00:00+01:00,233,178,220
2015-03-06 16:00:00+01:00,208,168,198
2015-03-06 17:00:00+01:00,33,41,35
2015-03-06 18:00:00+01:00,0,0,0
2015-03-06 19:00:00+01:00,0,0,0
2015-03-06 20:00:00+01:00,0,0,0
2015-03-06 21:00:00+01:00,0,0,0
2015-03-06 22:00:00+01:00,0,0,0
2015-03-06 23:00:00+01:00,0,0,0
2015-03-07 00:00:00+01:00,0,0,0
2015-03-07 01:00:00+01:00,0,0,0
2015-03-07 02:00:00+01:00,0,0,0
2015-03-07 03:00:00+01:00,0,0,0
2015-03-07 04:00:00+01:00,0,0,0
2015-03-07 05:00:00+01:00,0,0,0
2015-03-07 06:00:00+01:00,0,0,0
2015-03-07 07:00:00+01:00,17,26,19
2015-03-07 08:00:00+01:00,82,74,80
2015-03-07 09:00:00+01:00,205,160,194
2015-03-07 10:00:00+01:00,322,224,297
2015-03-07 11:00:00+01:00,266,216,254
2015-03-07 12:00:00+01:00,279,225,266
2015-03-07 13:00:00+01:00,224,188,215
2015-03-07 14:00:00+01:00,147,133,143
2015-03-07 15:00:00+01:00,101,94,99
2015-03-07 16:00:00+01:00,64,61,63
2015-03-07 17:00:00+01:00,8,9,9
2015-03-07 18:00:00+01:00,0,0,0
2015-03-07 19:00:00+01:00,0,0,0
2015-03-07 20:00:00+01:00,0,0,0
2015-03-07 21:00:00+01:00,0,0,0
2015-03-07 22:00:00+01:00,0,0,0
2015-03-07 23:00:00+01:00,0,0,0
2015-03-08 00:00:00+01:00,0,0,0
2015-03-08 01:00:00+01:00,0,0,0
2015-03-08 02:00:00+01:00,0,0,0
2015-03-08 03:00:00+01:00,0,0,0
2015-03-08 04:00:00+01:00,0,0,0
2015-03-08 05:00:00+01:00,0,0,0
2015-03-08 06:00:00+01:00,0,0,0
2015-03-08 07:00:00+01:00,26,30,27
2015-03-08 08:00:00+01:00,121,108,118
2015-03-08 09:00:00+01:00,158,133,152
2015-03-08 10:00:00+01:00,88,82,87
2015-03-08 11:00:00+01:00,125,117,123
2015-03-08 12:00:00+01:00,115,109,113
2015-03-08 13:00:00+01:00,61,60,61
2015-03-08 14:00:00+01:00,172,113,157
2015-03-08 15:00:00+01:00,154,127,147
2015-03-08 16:00:00+01:00,119,107,116
2015-03-08 17:00:00+01:00,29,34,30
2015-03-08 18:00:00+01:00,0,0,0
2015-03-08 19:00:00+01:00,0,0,0
2015-03-08 20:00:00+01:00,0,0,0
2015-03-08 21:00:00+01:00,0,0,0
2015-03-08 22:00:00+01:00,0,0,0
2015-03-08 23:00:00+01:00,0,0,0
2015-03-09 00:00:00+01:00,0,0,0
2015-03-09 01:00:00+01:00,0,0,0
2015-03-09 02:00:00+01:00,0,0,0
2015-03-09 03:00:00+01:00,0,0,0
2015-03-09 04:00:00+01:00,0,0,0
2015-03-09 05:00:00+01:00,0,0,0
2015-03-09 06:00:00+01:00,0,0,0
2015-03-09 07:00:00+01:00,18,19,18
2015-03-09 08:00:00+01:00,45,45,45
2015-03-09 09:00:00+01:00,64,62,63
2015-03-09 10:00:00+01:00,50,49,50
2015-03-09 11:00:00+01:00,65,61,64
2015-03-09 12:00:00+01:00,86,78,84
2015-03-09 13:00:00+01:00,100,94,99
2015-03-09 14:00:00+01:00,68,65,67
2015-03-09 15:00:00+01:00,39,38,39
2015-03-09 16:00:00+01:00,25,24,25
2015-03-09 17:00:00+01:00,15,17,16
2015-03-09 18:00:00+01:00,0,0,0
2015-03-09 19:00:00+01:00,0,0,0
2015-03-09 20:00:00+01:00,0,0,0
2015-03-09 21:00:00+01:00,0,0,0
2015-03-09 22:00:00+01:00,0,0,0
2015-03-09 23:00:00+01:00,0,0,0
2015-03-10 00:00:00+01:00,0,0,0
2015-03-10 01:00:00+01:00,0,0,0
2015-03-10 02:00:00+01:00,0,0,0
2015-03-10 03:00:00+01:00,0,0,0
2015-03-10 04:00:00+01:00,0,0,0
2015-03-10 05:00:00+01:00,0,0,0
2015-03-10 06:00:00+01:00,0,0,0
2015-03-10 07:00:00+01:00,51,73,56
2015-03-10 08:00:00+01:00,94,88,93
2015-03-10 09:00:00+01:00,382,254,350
2015-03-10 10:00:00+01:00,496,287,443
2015-03-10 11:00:00+01:00,598,340,534
2015-03-10 12:00:00+01:00,686,373,608
2015-03-10 13:00:00+01:00,429,264,388
2015-03-10 14:00:00+01:00,104,84,99
2015-03-10 15:00:00+01:00,88,81,86
2015-03-10 16:00:00+01:00,124,121,123
2015-03-10 17:00:00+01:00,24,29,25
2015-03-10 18:00:00+01:00,0,0,0
2015-03-10 19:00:00+01:00,0,0,0
2015-03-10 20:00:00+01:00,0,0,0
2015-03-10 21:00:00+01:00,0,0,0
2015-03-10 22:00:00+01:00,0,0,0
2015-03-10 23:00:00+01:00,0,0,0
2015-03-11 00:00:00+01:00,0,0,0
2015-03-11 01:00:00+01:00,0,0,0
2015-03-11 02:00:00+01:00,0,0,0
2015-03-11 03:00:00+01:00,0,0,0
2015-03-11 04:00:00+01:00,0,0,0
2015-03-11 05:00:00+01:00,0,0,0
2015-03-11 06:00:00+01:00,0,0,0
2015-03-11 07:00:00+01:00,2,2,2
2015-03-11 08:00:00+01:00,18,18,18
2015-03-11 09:00:00+01:00,68,64,67
2015-03-11 10:00:00+01:00,58,55,57
2015-03-11 11:00:00+01:00,96,91,95
2015-03-11 12:00:00+01:00,129,118,126
2015-03-11 13:00:00+01:00,121,114,119
2015-03-11 14:00:00+01:00,102,93,100
2015-03-11 15:00:00+01:00,89,84,88
2015-03-11 16:00:00+01:00,58,56,57
2015-03-11 17:00:00+01:00,8,9,9
2015-03-11 18:00:00+01:00,0,0,0
2015-03-11 19:00:00+01:00,0,0,0
2015-03-11 20:00:00+01:00,0,0,0
2015-03-11 21:00:00+01:00,0,0,0
2015-03-11 22:00:00+01:00,0,0,0
2015-03-11 23:00:00+01:00,0,0,0
2015-03-12 00:00:00+01:00,0,0,0
2015-03-12 01:00:00+01:00,0,0,0
2015-03-12 02:00:00+01:00,0,0,0
2015-03-12 03:00:00+01:00,0,0,0
2015-03-12 04:00:00+01:00,0,0,0
2015-03-12 05:00:00+01:00,0,0,0
2015-03-12 06:00:00+01:00,0,0,0
2015-03-12 07:00:00+01:00,3,3,3
2015-03-12 08:00:00+01:00,26,26,26
2015-03-12 09:00:00+01:00,50,48,49
2015-03-12 10:00:00+01:00,63,62,63
2015-03-12 11:00:00+01:00,138,123,134
2015-03-12 12:00:00+01:00,181,164,176
2015-03-12 13:00:00+01:00,71,68,70
2015-03-12 14:00:00+01:00,61,56,59
2015-03-12 15:00:00+01:00,52,51,52
2015-03-12 16:00:00+01:00,44,43,44
2015-03-12 17:00:00+01:00,13,13,13
2015-03-12 18:00:00+01:00,0,0,0
2015-03-12 19:00:00+01:00,0,0,0
2015-03-12 20:00:00+01:00,0,0,0
2015-03-12 21:00:00+01:00,0,0,0
2015-03-12 22:00:00+01:00,0,0,0
2015-03-12 23:00:00+01:00,0,0,0
2015-03-13 00:00:00+01:00,0,0,0
2015-03-13 01:00:00+01:00,0,0,0
2015-03-13 02:00:00+01:00,0,0,0
2015-03-13 03:00:00+01:00,0,0,0
2015-03-13 04:00:00+01:00,0,0,0
2015-03-13 05:00:00+01:00,0,0,0
2015-03-13 06:00:00+01:00,0,0,0
2015-03-13 07:00:00+01:00,91,124,100
2015-03-13 08:00:00+01:00,297,246,284
2015-03-13 09:00:00+01:00,519,306,466
2015-03-13 10:00:00+01:00,676,348,594
2015-03-13 11:00:00+01:00,763,397,671
2015-03-13 12:00:00+01:00,609,351,544
2015-03-13 13:00:00+01:00,503,317,456
2015-03-13 14:00:00+01:00,612,337,543
2015-03-13 15:00:00+01:00,481,293,434
2015-03-13 16:00:00+01:00,267,225,257
2015-03-13 17:00:00+01:00,81,121,91
2015-03-13 18:00:00+01:00,0,1,0
2015-03-13 19:00:00+01:00,0,0,0
2015-03-13 20:00:00+01:00,0,0,0
2015-03-13 21:00:00+01:00,0,0,0
2015-03-13 22:00:00+01:00,0,0,0
2015-03-13 23:00:00+01:00,0,0,0
2015-03-14 00:00:00+01:00,0,0,0
2015-03-14 01:00:00+01:00,0,0,0
2015-03-14 02:00:00+01:00,0,0,0
2015-03-14 03:00:00+01:00,0,0,0
2015-03-14 04:00:00+01:00,0,0,0
2015-03-14 05:00:00+01:00,0,0,0
2015-03-14 06:00:00+01:00,0,0,0
2015-03-14 07:00:00+01:00,107,136,114
2015-03-14 08:00:00+01:00,319,257,304
2015-03-14 09:00:00+01:00,398,259,363
2015-03-14 10:00:00+01:00,314,219,290
2015-03-14 11:00:00+01:00,359,263,335
2015-03-14 12:00:00+01:00,313,236,294
2015-03-14 13:00:00+01:00,318,234,297
2015-03-14 14:00:00+01:00,250,194,236
2015-03-14 15:00:00+01:00,113,103,110
2015-03-14 16:00:00+01:00,57,56,56
2015-03-14 17:00:00+01:00,20,28,22
2015-03-14 18:00:00+01:00,0,1,1
2015-03-14 19:00:00+01:00,0,0,0
2015-03-14 20:00:00+01:00,0,0,0
2015-03-14 21:00:00+01:00,0,0,0
2015-03-14 22:00:00+01:00,0,0,0
2015-03-14 23:00:00+01:00,0,0,0
2015-03-15 00:00:00+01:00,0,0,0
2015-03-15 01:00:00+01:00,0,0,0
2015-03-15 02:00:00+01:00,0,0,0
2015-03-15 03:00:00+01:00,0,0,0
2015-03-15 04:00:00+01:00,0,0,0
2015-03-15 05:00:00+01:00,0,0,0
2015-03-15 06:00:00+01:00,0,1,1
2015-03-15 07:00:00+01:00,92,111,97
2015-03-15 08:00:00+01:00,204,180,198
2015-03-15 09:00:00+01:00,413,260,374
2015-03-15 10:00:00+01:00,276,206,259
2015-03-15 11:00:00+01:00,268,211,254
2015-03-15 12:00:00+01:00,602,371,544
2015-03-15 13:00:00+01:00,720,398,639
2015-03-15 14:00:00+01:00,644,358,573
2015-03-15 15:00:00+01:00,495,317,451
2015-03-15 16:00:00+01:00,311,261,298
2015-03-15 17:00:00+01:00,90,130,100
2015-03-15 18:00:00+01:00,1,4,1
2015-03-15 19:00:00+01:00,0,0,0
2015-03-15 20:00:00+01:00,0,0,0
2015-03-15 21:00:00+01:00,0,0,0
2015-03-15 22:00:00+01:00,0,0,0
2015-03-15 23:00:00+01:00,0,0,0
2015-03-16 00:00:00+01:00,0,0,0
2015-03-16 01:00:00+01:00,0,0,0
2015-03-16 02:00:00+01:00,0,0,0
2015-03-16 03:00:00+01:00,0,0,0
2015-03-16 04:00:00+01:00,0,0,0
2015-03-16 05:00:00+01:00,0,0,0
2015-03-16 06:00:00+01:00,0,3,1
2015-03-16 07:00:00+01:00,102,137,110
2015-03-16 08:00:00+01:00,301,244,287
2015-03-16 09:00:00+01:00,504,300,453
2015-03-16 10:00:00+01:00,653,348,577
2015-03-16 11:00:00+01:00,744,403,659
2015-03-16 12:00:00+01:00,773,423,686
2015-03-16 13:00:00+01:00,734,397,650
2015-03-16 14:00:00+01:00,644,344,569
2015-03-16 15:00:00+01:00,493,302,445
2015-03-16 16:00:00+01:00,296,251,285
2015-03-16 17:00:00+01:00,92,118,98
2015-03-16 18:00:00+01:00,3,8,4
2015-03-16 19:00:00+01:00,0,0,0
2015-03-16 20:00:00+01:00,0,0,0
2015-03-16 21:00:00+01:00,0,0,0
2015-03-16 22:00:00+01:00,0,0,0
2015-03-16 23:00:00+01:00,0,0,0
2015-03-17 00:00:00+01:00,0,0,0
2015-03-17 01:00:00+01:00,0,0,0
2015-03-17 02:00:00+01:00,0,0,0
2015-03-17 03:00:00+01:00,0,0,0
2015-03-17 04:00:00+01:00,0,0,0
2015-03-17 05:00:00+01:00,0,0,0
2015-03-17 06:00:00+01:00,0,0,0
2015-03-17 07:00:00+01:00,58,79,63
2015-03-17 08:00:00+01:00,136,121,132
2015-03-17 09:00:00+01:00,140,127,137
2015-03-17 10:00:00+01:00,331,230,306
2015-03-17 11:00:00+01:00,566,347,511
2015-03-17 12:00:00+01:00,604,368,545
2015-03-17 13:00:00+01:00,656,380,587
2015-03-17 14:00:00+01:00,607,341,540
2015-03-17 15:00:00+01:00,461,289,418
2015-03-17 16:00:00+01:00,287,252,279
2015-03-17 17:00:00+01:00,97,129,105
2015-03-17 18:00:00+01:00,2,8,4
2015-03-17 19:00:00+01:00,0,0,0
2015-03-17 20:00:00+01:00,0,0,0
2015-03-17 21:00:00+01:00,0,0,0
2015-03-17 22:00:00+01:00,0,0,0
2015-03-17 23:00:00+01:00,0,0,0
2015-03-18 00:00:00+01:00,0,0,0
2015-03-18 01:00:00+01:00,0,0,0
2015-03-18 02:00:00+01:00,0,0,0
2015-03-18 03:00:00+01:00,0,0,0
2015-03-18 04:00:00+01:00,0,0,0
2015-03-18 05:00:00+01:00,0,0,0
2015-03-18 06:00:00+01:00,4,10,5
2015-03-18 07:00:00+01:00,117,172,131
2015-03-18 08:00:00+01:00,315,250,299
2015-03-18 09:00:00+01:00,516,320,467
2015-03-18 10:00:00+01:00,637,373,571
2015-03-18 11:00:00+01:00,722,432,649
2015-03-18 12:00:00+01:00,741,439,666
2015-03-18 13:00:00+01:00,728,420,651
2015-03-18 14:00:00+01:00,450,286,409
2015-03-18 15:00:00+01:00,146,121,139
2015-03-18 16:00:00+01:00,297,259,288
2015-03-18 17:00:00+01:00,106,154,118
2015-03-18 18:00:00+01:00,3,11,5
2015-03-18 19:00:00+01:00,0,0,0
2015-03-18 20:00:00+01:00,0,0,0
2015-03-18 21:00:00+01:00,0,0,0
2015-03-18 22:00:00+01:00,0,0,0
2015-03-18 23:00:00+01:00,0,0,0
2015-03-19 00:00:00+01:00,0,0,0
2015-03-19 01:00:00+01:00,0,0,0
2015-03-19 02:00:00+01:00,0,0,0
2015-03-19 03:00:00+01:00,0,0,0
2015-03-19 04:00:00+01:00,0,0,0
2015-03-19 05:00:00+01:00,0,0,0
2015-03-19 06:00:00+01:00,4,16,7
2015-03-19 07:00:00+01:00,118,140,124
2015-03-19 08:00:00+01:00,314,255,299
2015-03-19 09:00:00+01:00,517,313,466
2015-03-19 10:00:00+01:00,662,362,587
2015-03-19 11:00:00+01:00,746,415,663
2015-03-19 12:00:00+01:00,747,418,665
2015-03-19 13:00:00+01:00,706,391,627
2015-03-19 14:00:00+01:00,419,272,382
2015-03-19 15:00:00+01:00,290,188,264
2015-03-19 16:00:00+01:00,257,228,250
2015-03-19 17:00:00+01:00,87,126,97
2015-03-19 18:00:00+01:00,3,12,5
2015-03-19 19:00:00+01:00,0,0,0
2015-03-19 20:00:00+01:00,0,0,0
2015-03-19 21:00:00+01:00,0,0,0
2015-03-19 22:00:00+01:00,0,0,0
2015-03-19 23:00:00+01:00,0,0,0
2015-03-20 00:00:00+01:00,0,0,0
2015-03-20 01:00:00+01:00,0,0,0
2015-03-20 02:00:00+01:00,0,0,0
2015-03-20 03:00:00+01:00,0,0,0
2015-03-20 04:00:00+01:00,0,0,0
2015-03-20 05:00:00+01:00,0,0,0
2015-03-20 06:00:00+01:00,2,6,3
2015-03-20 07:00:00+01:00,64,67,65
2015-03-20 08:00:00+01:00,145,135,142
2015-03-20 09:00:00+01:00,314,226,292
2015-03-20 10:00:00+01:00,571,342,514
2015-03-20 11:00:00+01:00,714,413,639
2015-03-20 12:00:00+01:00,592,378,538
2015-03-20 13:00:00+01:00,232,168,216
2015-03-20 14:00:00+01:00,69,68,69
2015-03-20 15:00:00+01:00,50,49,49
2015-03-20 16:00:00+01:00,30,30,30
2015-03-20 17:00:00+01:00,9,10,10
2015-03-20 18:00:00+01:00,0,1,1
2015-03-20 19:00:00+01:00,0,0,0
2015-03-20 20:00:00+01:00,0,0,0
2015-03-20 21:00:00+01:00,0,0,0
2015-03-20 22:00:00+01:00,0,0,0
2015-03-20 23:00:00+01:00,0,0,0
2015-03-21 00:00:00+01:00,0,0,0
2015-03-21 01:00:00+01:00,0,0,0
2015-03-21 02:00:00+01:00,0,0,0
2015-03-21 03:00:00+01:00,0,0,0
2015-03-21 04:00:00+01:00,0,0,0
2015-03-21 05:00:00+01:00,0,0,0
2015-03-21 06:00:00+01:00,2,3,3
2015-03-21 07:00:00+01:00,70,78,72
2015-03-21 08:00:00+01:00,203,172,196
2015-03-21 09:00:00+01:00,443,289,405
2015-03-21 10:00:00+01:00,565,341,509
2015-03-21 11:00:00+01:00,664,391,596
2015-03-21 12:00:00+01:00,746,429,666
2015-03-21 13:00:00+01:00,763,432,680
2015-03-21 14:00:00+01:00,673,380,600
2015-03-21 15:00:00+01:00,517,332,471
2015-03-21 16:00:00+01:00,313,272,302
2015-03-21 17:00:00+01:00,109,136,116
2015-03-21 18:00:00+01:00,6,20,10
2015-03-21 19:00:00+01:00,0,0,0
2015-03-21 20:00:00+01:00,0,0,0
2015-03-21 21:00:00+01:00,0,0,0
2015-03-21 22:00:00+01:00,0,0,0
2015-03-21 23:00:00+01:00,0,0,0
2015-03-22 00:00:00+01:00,0,0,0
2015-03-22 01:00:00+01:00,0,0,0
2015-03-22 02:00:00+01:00,0,0,0
2015-03-22 03:00:00+01:00,0,0,0
2015-03-22 04:00:00+01:00,0,0,0
2015-03-22 05:00:00+01:00,0,0,0
2015-03-22 06:00:00+01:00,10,29,15
2015-03-22 07:00:00+01:00,131,175,142
2015-03-22 08:00:00+01:00,324,263,308
2015-03-22 09:00:00+01:00,534,324,482
2015-03-22 10:00:00+01:00,673,375,599
2015-03-22 11:00:00+01:00,752,426,671
2015-03-22 12:00:00+01:00,779,445,695
2015-03-22 13:00:00+01:00,734,415,655
2015-03-22 14:00:00+01:00,648,361,576
2015-03-22 15:00:00+01:00,506,319,459
2015-03-22 16:00:00+01:00,310,268,300
2015-03-22 17:00:00+01:00,108,144,117
2015-03-22 18:00:00+01:00,6,23,10
2015-03-22 19:00:00+01:00,0,0,0
2015-03-22 20:00:00+01:00,0,0,0
2015-03-22 21:00:00+01:00,0,0,0
2015-03-22 22:00:00+01:00,0,0,0
2015-03-22 23:00:00+01:00,0,0,0
2015-03-23 00:00:00+01:00,0,0,0
2015-03-23 01:00:00+01:00,0,0,0
2015-03-23 02:00:00+01:00,0,0,0
2015-03-23 03:00:00+01:00,0,0,0
2015-03-23 04:00:00+01:00,0,0,0
2015-03-23 05:00:00+01:00,0,0,0
2015-03-23 06:00:00+01:00,6,26,11
2015-03-23 07:00:00+01:00,127,172,139
2015-03-23 08:00:00+01:00,292,242,280
2015-03-23 09:00:00+01:00,486,300,440
2015-03-23 10:00:00+01:00,617,348,549
2015-03-23 11:00:00+01:00,693,395,619
2015-03-23 12:00:00+01:00,719,412,642
2015-03-23 13:00:00+01:00,682,388,608
2015-03-23 14:00:00+01:00,597,338,532
2015-03-23 15:00:00+01:00,456,292,415
2015-03-23 16:00:00+01:00,281,244,272
2015-03-23 17:00:00+01:00,104,140,113
2015-03-23 18:00:00+01:00,5,20,9
2015-03-23 19:00:00+01:00,0,0,0
2015-03-23 20:00:00+01:00,0,0,0
2015-03-23 21:00:00+01:00,0,0,0
2015-03-23 22:00:00+01:00,0,0,0
2015-03-23 23:00:00+01:00,0,0,0
2015-03-24 00:00:00+01:00,0,0,0
2015-03-24 01:00:00+01:00,0,0,0
2015-03-24 02:00:00+01:00,0,0,0
2015-03-24 03:00:00+01:00,0,0,0
2015-03-24 04:00:00+01:00,0,0,0
2015-03-24 05:00:00+01:00,0,0,0
2015-03-24 06:00:00+01:00,12,36,18
2015-03-24 07:00:00+01:00,149,203,163
2015-03-24 08:00:00+01:00,346,279,329
2015-03-24 09:00:00+01:00,549,333,495
2015-03-24 10:00:00+01:00,690,388,615
2015-03-24 11:00:00+01:00,775,442,692
2015-03-24 12:00:00+01:00,800,461,715
2015-03-24 13:00:00+01:00,764,436,682
2015-03-24 14:00:00+01:00,668,376,595
2015-03-24 15:00:00+01:00,519,328,472
2015-03-24 16:00:00+01:00,320,278,310
2015-03-24 17:00:00+01:00,116,162,128
2015-03-24 18:00:00+01:00,8,22,12
2015-03-24 19:00:00+01:00,0,0,0
2015-03-24 20:00:00+01:00,0,0,0
2015-03-24 21:00:00+01:00,0,0,0
2015-03-24 22:00:00+01:00,0,0,0
2015-03-24 23:00:00+01:00,0,0,0
2015-03-25 00:00:00+01:00,0,0,0
2015-03-25 01:00:00+01:00,0,0,0
2015-03-25 02:00:00+01:00,0,0,0
2015-03-25 03:00:00+01:00,0,0,0
2015-03-25 04:00:00+01:00,0,0,0
2015-03-25 05:00:00+01:00,0,0,0
2015-03-25 06:00:00+01:00,10,25,14
2015-03-25 07:00:00+01:00,137,172,146
2015-03-25 08:00:00+01:00,319,257,303
2015-03-25 09:00:00+01:00,522,323,472
2015-03-25 10:00:00+01:00,638,375,572
2015-03-25 11:00:00+01:00,730,429,655
2015-03-25 12:00:00+01:00,695,444,632
2015-03-25 13:00:00+01:00,710,427,639
2015-03-25 14:00:00+01:00,553,332,498
2015-03-25 15:00:00+01:00,366,255,338
2015-03-25 16:00:00+01:00,267,239,260
2015-03-25 17:00:00+01:00,107,155,119
2015-03-25 18:00:00+01:00,5,32,11
2015-03-25 19:00:00+01:00,0,0,0
2015-03-25 20:00:00+01:00,0,0,0
2015-03-25 21:00:00+01:00,0,0,0
2015-03-25 22:00:00+01:00,0,0,0
2015-03-25 23:00:00+01:00,0,0,0
2015-03-26 00:00:00+01:00,0,0,0
2015-03-26 01:00:00+01:00,0,0,0
2015-03-26 02:00:00+01:00,0,0,0
2015-03-26 03:00:00+01:00,0,0,0
2015-03-26 04:00:00+01:00,0,0,0
2015-03-26 05:00:00+01:00,0,0,0
2015-03-26 06:00:00+01:00,10,33,16
2015-03-26 07:00:00+01:00,135,182,147
2015-03-26 08:00:00+01:00,306,243,290
2015-03-26 09:00:00+01:00,506,318,459
2015-03-26 10:00:00+01:00,620,383,561
2015-03-26 11:00:00+01:00,711,434,642
2015-03-26 12:00:00+01:00,731,451,661
2015-03-26 13:00:00+01:00,633,426,581
2015-03-26 14:00:00+01:00,576,350,520
2015-03-26 15:00:00+01:00,445,302,409
2015-03-26 16:00:00+01:00,290,252,280
2015-03-26 17:00:00+01:00,103,172,120
2015-03-26 18:00:00+01:00,5,33,12
2015-03-26 19:00:00+01:00,0,0,0
2015-03-26 20:00:00+01:00,0,0,0
2015-03-26 21:00:00+01:00,0,0,0
2015-03-26 22:00:00+01:00,0,0,0
2015-03-26 23:00:00+01:00,0,0,0
2015-03-27 00:00:00+01:00,0,0,0
2015-03-27 01:00:00+01:00,0,0,0
2015-03-27 02:00:00+01:00,0,0,0
2015-03-27 03:00:00+01:00,0,0,0
2015-03-27 04:00:00+01:00,0,0,0
2015-03-27 05:00:00+01:00,0,0,0
2015-03-27 06:00:00+01:00,9,20,12
2015-03-27 07:00:00+01:00,80,92,83
2015-03-27 08:00:00+01:00,164,140,158
2015-03-27 09:00:00+01:00,394,265,362
2015-03-27 10:00:00+01:00,535,341,487
2015-03-27 11:00:00+01:00,446,319,414
2015-03-27 12:00:00+01:00,273,212,258
2015-03-27 13:00:00+01:00,167,155,164
2015-03-27 14:00:00+01:00,206,182,200
2015-03-27 15:00:00+01:00,168,153,164
2015-03-27 16:00:00+01:00,200,189,197
2015-03-27 17:00:00+01:00,87,114,94
2015-03-27 18:00:00+01:00,5,36,13
2015-03-27 19:00:00+01:00,0,0,0
2015-03-27 20:00:00+01:00,0,0,0
2015-03-27 21:00:00+01:00,0,0,0
2015-03-27 22:00:00+01:00,0,0,0
2015-03-27 23:00:00+01:00,0,0,0
2015-03-28 00:00:00+01:00,0,0,0
2015-03-28 01:00:00+01:00,0,0,0
2015-03-28 02:00:00+01:00,0,0,0
2015-03-28 03:00:00+01:00,0,0,0
2015-03-28 04:00:00+01:00,0,0,0
2015-03-28 05:00:00+01:00,0,0,0
2015-03-28 06:00:00+01:00,11,36,17
2015-03-28 07:00:00+01:00,146,171,152
2015-03-28 08:00:00+01:00,317,258,303
2015-03-28 09:00:00+01:00,508,324,462
2015-03-28 10:00:00+01:00,588,388,538
2015-03-28 11:00:00+01:00,629,444,583
2015-03-28 12:00:00+01:00,724,452,656
2015-03-28 13:00:00+01:00,642,400,581
2015-03-28 14:00:00+01:00,493,326,451
2015-03-28 15:00:00+01:00,433,299,400
2015-03-28 16:00:00+01:00,280,244,271
2015-03-28 17:00:00+01:00,106,167,121
2015-03-28 18:00:00+01:00,6,36,14
2015-03-28 19:00:00+01:00,0,0,0
2015-03-28 20:00:00+01:00,0,0,0
2015-03-28 21:00:00+01:00,0,0,0
2015-03-28 22:00:00+01:00,0,0,0
2015-03-28 23:00:00+01:00,0,0,0
2015-03-29 00:00:00+01:00,0,0,0
2015-03-29 01:00:00+01:00,0,0,0
2015-03-29 03:00:00+02:00,0,0,0
2015-03-29 04:00:00+02:00,0,0,0
2015-03-29 05:00:00+02:00,0,0,0
2015-03-29 06:00:00+02:00,0,0,0
2015-03-29 07:00:00+02:00,16,25,18
2015-03-29 08:00:00+02:00,149,171,155
2015-03-29 09:00:00+02:00,316,264,303
2015-03-29 10:00:00+02:00,502,322,457
2015-03-29 11:00:00+02:00,629,392,569
2015-03-29 12:00:00+02:00,737,442,663
2015-03-29 13:00:00+02:00,729,465,663
2015-03-29 14:00:00+02:00,675,436,615
2015-03-29 15:00:00+02:00,554,349,503
2015-03-29 16:00:00+02:00,343,250,320
2015-03-29 17:00:00+02:00,138,130,136
2015-03-29 18:00:00+02:00,48,52,49
2015-03-29 19:00:00+02:00,2,20,6
2015-03-29 20:00:00+02:00,0,0,0
2015-03-29 21:00:00+02:00,0,0,0
2015-03-29 22:00:00+02:00,0,0,0
2015-03-29 23:00:00+02:00,0,0,0
2015-03-30 00:00:00+02:00,0,0,0
2015-03-30 01:00:00+02:00,0,0,0
2015-03-30 02:00:00+02:00,0,0,0
2015-03-30 03:00:00+02:00,0,0,0
2015-03-30 04:00:00+02:00,0,0,0
2015-03-30 05:00:00+02:00,0,0,0
2015-03-30 06:00:00+02:00,0,0,0
2015-03-30 07:00:00+02:00,13,22,15
2015-03-30 08:00:00+02:00,143,183,153
2015-03-30 09:00:00+02:00,289,239,277
2015-03-30 10:00:00+02:00,431,292,396
2015-03-30 11:00:00+02:00,622,392,565
2015-03-30 12:00:00+02:00,723,451,655
2015-03-30 13:00:00+02:00,759,472,687
2015-03-30 14:00:00+02:00,727,454,659
2015-03-30 15:00:00+02:00,652,386,586
2015-03-30 16:00:00+02:00,493,329,452
2015-03-30 17:00:00+02:00,308,279,301
2015-03-30 18:00:00+02:00,123,188,139
2015-03-30 19:00:00+02:00,9,41,17
2015-03-30 20:00:00+02:00,0,0,0
2015-03-30 21:00:00+02:00,0,0,0
2015-03-30 22:00:00+02:00,0,0,0
2015-03-30 23:00:00+02:00,0,0,0
2015-03-31 00:00:00+02:00,0,0,0
2015-03-31 01:00:00+02:00,0,0,0
2015-03-31 02:00:00+02:00,0,0,0
2015-03-31 03:00:00+02:00,0,0,0
2015-03-31 04:00:00+02:00,0,0,0
2015-03-31 05:00:00+02:00,0,0,0
2015-03-31 06:00:00+02:00,0,0,0
2015-03-31 07:00:00+02:00,17,24,19
2015-03-31 08:00:00+02:00,102,110,104
2015-03-31 09:00:00+02:00,187,158,180
2015-03-31 10:00:00+02:00,223,176,211
2015-03-31 11:00:00+02:00,456,343,428
2015-03-31 12:00:00+02:00,759,482,690
2015-03-31 13:00:00+02:00,783,502,712
2015-03-31 14:00:00+02:00,735,484,672
2015-03-31 15:00:00+02:00,667,416,604
2015-03-31 16:00:00+02:00,501,351,464
2015-03-31 17:00:00+02:00,325,289,316
2015-03-31 18:00:00+02:00,134,207,152
2015-03-31 19:00:00+02:00,7,45,17
2015-03-31 20:00:00+02:00,0,0,0
2015-03-31 21:00:00+02:00,0,0,0
2015-03-31 22:00:00+02:00,0,0,0
2015-03-31 23:00:00+02:00,0,0,0
2015-04-01 00:00:00+02:00,0,0,0
2015-04-01 01:00:00+02:00,0,0,0
2015-04-01 02:00:00+02:00,0,0,0
2015-04-01 03:00:00+02:00,0,0,0
2015-04-01 04:00:00+02:00,0,0,0
2015-04-01 05:00:00+02:00,0,0,0
2015-04-01 06:00:00+02:00,0,0,0
2015-04-01 07:00:00+02:00,23,82,38
2015-04-01 08:00:00+02:00,177,230,190
2015-04-01 09:00:00+02:00,388,309,368
2015-04-01 10:00:00+02:00,554,340,501
2015-04-01 11:00:00+02:00,674,394,604
2015-04-01 12:00:00+02:00,602,395,551
2015-04-01 13:00:00+02:00,532,367,491
2015-04-01 14:00:00+02:00,628,427,577
2015-04-01 15:00:00+02:00,643,389,580
2015-04-01 16:00:00+02:00,474,309,432
2015-04-01 17:00:00+02:00,246,218,239
2015-04-01 18:00:00+02:00,60,78,64
2015-04-01 19:00:00+02:00,4,7,5
2015-04-01 20:00:00+02:00,0,0,0
2015-04-01 21:00:00+02:00,0,0,0
2015-04-01 22:00:00+02:00,0,0,0
2015-04-01 23:00:00+02:00,0,0,0
2015-04-02 00:00:00+02:00,0,0,0
2015-04-02 01:00:00+02:00,0,0,0
2015-04-02 02:00:00+02:00,0,0,0
2015-04-02 03:00:00+02:00,0,0,0
2015-04-02 04:00:00+02:00,0,0,0
2015-04-02 05:00:00+02:00,0,0,0
2015-04-02 06:00:00+02:00,0,0,0
2015-04-02 07:00:00+02:00,11,18,13
2015-04-02 08:00:00+02:00,105,123,110
2015-04-02 09:00:00+02:00,144,133,141
2015-04-02 10:00:00+02:00,70,68,69
2015-04-02 11:00:00+02:00,235,170,219
2015-04-02 12:00:00+02:00,384,297,362
2015-04-02 13:00:00+02:00,192,174,188
2015-04-02 14:00:00+02:00,332,270,317
2015-04-02 15:00:00+02:00,301,230,283
2015-04-02 16:00:00+02:00,355,254,329
2015-04-02 17:00:00+02:00,137,131,135
2015-04-02 18:00:00+02:00,62,67,63
2015-04-02 19:00:00+02:00,8,48,18
2015-04-02 20:00:00+02:00,0,0,0
2015-04-02 21:00:00+02:00,0,0,0
2015-04-02 22:00:00+02:00,0,0,0
2015-04-02 23:00:00+02:00,0,0,0
2015-04-03 00:00:00+02:00,0,0,0
2015-04-03 01:00:00+02:00,0,0,0
2015-04-03 02:00:00+02:00,0,0,0
2015-04-03 03:00:00+02:00,0,0,0
2015-04-03 04:00:00+02:00,0,0,0
2015-04-03 05:00:00+02:00,0,0,0
2015-04-03 06:00:00+02:00,0,0,0
2015-04-03 07:00:00+02:00,26,67,36
2015-04-03 08:00:00+02:00,154,199,165
2015-04-03 09:00:00+02:00,346,279,329
2015-04-03 10:00:00+02:00,537,340,487
2015-04-03 11:00:00+02:00,668,404,602
2015-04-03 12:00:00+02:00,734,450,663
2015-04-03 13:00:00+02:00,746,460,675
2015-04-03 14:00:00+02:00,690,420,623
2015-04-03 15:00:00+02:00,580,364,526
2015-04-03 16:00:00+02:00,494,332,454
2015-04-03 17:00:00+02:00,305,274,297
2015-04-03 18:00:00+02:00,119,183,135
2015-04-03 19:00:00+02:00,10,58,22
2015-04-03 20:00:00+02:00,0,0,0
2015-04-03 21:00:00+02:00,0,0,0
2015-04-03 22:00:00+02:00,0,0,0
2015-04-03 23:00:00+02:00,0,0,0
2015-04-04 00:00:00+02:00,0,0,0
2015-04-04 01:00:00+02:00,0,0,0
2015-04-04 02:00:00+02:00,0,0,0
2015-04-04 03:00:00+02:00,0,0,0
2015-04-04 04:00:00+02:00,0,0,0
2015-04-04 05:00:00+02:00,0,0,0
2015-04-04 06:00:00+02:00,0,0,0
2015-04-04 07:00:00+02:00,16,37,21
2015-04-04 08:00:00+02:00,141,179,150
2015-04-04 09:00:00+02:00,158,149,155
2015-04-04 10:00:00+02:00,101,97,100
2015-04-04 11:00:00+02:00,64,62,64
2015-04-04 12:00:00+02:00,127,122,126
2015-04-04 13:00:00+02:00,434,320,406
2015-04-04 14:00:00+02:00,217,186,209
2015-04-04 15:00:00+02:00,175,160,171
2015-04-04 16:00:00+02:00,200,176,194
2015-04-04 17:00:00+02:00,213,192,208
2015-04-04 18:00:00+02:00,112,172,127
2015-04-04 19:00:00+02:00,9,14,10
2015-04-04 20:00:00+02:00,0,0,0
2015-04-04 21:00:00+02:00,0,0,0
2015-04-04 22:00:00+02:00,0,0,0
2015-04-04 23:00:00+02:00,0,0,0
2015-04-05 00:00:00+02:00,0,0,0
2015-04-05 01:00:00+02:00,0,0,0
2015-04-05 02:00:00+02:00,0,0,0
2015-04-05 03:00:00+02:00,0,0,0
2015-04-05 04:00:00+02:00,0,0,0
2015-04-05 05:00:00+02:00,0,0,0
2015-04-05 06:00:00+02:00,0,0,0
2015-04-05 07:00:00+02:00,21,40,26
2015-04-05 08:00:00+02:00,59,61,60
2015-04-05 09:00:00+02:00,112,107,111
2015-04-05 10:00:00+02:00,143,135,141
2015-04-05 11:00:00+02:00,155,146,152
2015-04-05 12:00:00+02:00,137,131,135
2015-04-05 13:00:00+02:00,113,108,112
2015-04-05 14:00:00+02:00,104,96,102
2015-04-05 15:00:00+02:00,182,162,177
2015-04-05 16:00:00+02:00,380,295,359
2015-04-05 17:00:00+02:00,306,271,297
2015-04-05 18:00:00+02:00,122,202,142
2015-04-05 19:00:00+02:00,16,52,25
2015-04-05 20:00:00+02:00,0,0,0
2015-04-05 21:00:00+02:00,0,0,0
2015-04-05 22:00:00+02:00,0,0,0
2015-04-05 23:00:00+02:00,0,0,0
2015-04-06 00:00:00+02:00,0,0,0
2015-04-06 01:00:00+02:00,0,0,0
2015-04-06 02:00:00+02:00,0,0,0
2015-04-06 03:00:00+02:00,0,0,0
2015-04-06 04:00:00+02:00,0,0,0
2015-04-06 05:00:00+02:00,0,0,0
2015-04-06 06:00:00+02:00,0,0,0
2015-04-06 07:00:00+02:00,31,59,38
2015-04-06 08:00:00+02:00,42,44,43
2015-04-06 09:00:00+02:00,67,67,67
2015-04-06 10:00:00+02:00,125,117,123
2015-04-06 11:00:00+02:00,160,152,158
2015-04-06 12:00:00+02:00,276,237,266
2015-04-06 13:00:00+02:00,321,275,310
2015-04-06 14:00:00+02:00,434,327,407
2015-04-06 15:00:00+02:00,344,275,326
2015-04-06 16:00:00+02:00,353,259,329
2015-04-06 17:00:00+02:00,106,104,105
2015-04-06 18:00:00+02:00,76,84,78
2015-04-06 19:00:00+02:00,11,44,19
2015-04-06 20:00:00+02:00,0,0,0
2015-04-06 21:00:00+02:00,0,0,0
2015-04-06 22:00:00+02:00,0,0,0
2015-04-06 23:00:00+02:00,0,0,0
2015-04-07 00:00:00+02:00,0,0,0
2015-04-07 01:00:00+02:00,0,0,0
2015-04-07 02:00:00+02:00,0,0,0
2015-04-07 03:00:00+02:00,0,0,0
2015-04-07 04:00:00+02:00,0,0,0
2015-04-07 05:00:00+02:00,0,0,0
2015-04-07 06:00:00+02:00,0,0,0
2015-04-07 07:00:00+02:00,27,37,29
2015-04-07 08:00:00+02:00,61,62,61
2015-04-07 09:00:00+02:00,163,148,159
2015-04-07 10:00:00+02:00,233,189,222
2015-04-07 11:00:00+02:00,202,186,198
2015-04-07 12:00:00+02:00,156,149,154
2015-04-07 13:00:00+02:00,250,227,244
2015-04-07 14:00:00+02:00,332,273,317
2015-04-07 15:00:00+02:00,197,181,193
2015-04-07 16:00:00+02:00,98,95,97
2015-04-07 17:00:00+02:00,72,72,72
2015-04-07 18:00:00+02:00,75,96,81
2015-04-07 19:00:00+02:00,13,38,19
2015-04-07 20:00:00+02:00,0,0,0
2015-04-07 21:00:00+02:00,0,0,0
2015-04-07 22:00:00+02:00,0,0,0
2015-04-07 23:00:00+02:00,0,0,0
2015-04-08 00:00:00+02:00,0,0,0
2015-04-08 01:00:00+02:00,0,0,0
2015-04-08 02:00:00+02:00,0,0,0
2015-04-08 03:00:00+02:00,0,0,0
2015-04-08 04:00:00+02:00,0,0,0
2015-04-08 05:00:00+02:00,0,0,0
2015-04-08 06:00:00+02:00,0,0,0
2015-04-08 07:00:00+02:00,10,12,10
2015-04-08 08:00:00+02:00,51,51,51
2015-04-08 09:00:00+02:00,136,132,135
2015-04-08 10:00:00+02:00,144,137,142
2015-04-08 11:00:00+02:00,165,157,163
2015-04-08 12:00:00+02:00,196,182,192
2015-04-08 13:00:00+02:00,262,219,252
2015-04-08 14:00:00+02:00,230,211,225
2015-04-08 15:00:00+02:00,178,168,175
2015-04-08 16:00:00+02:00,176,161,172
2015-04-08 17:00:00+02:00,95,92,94
2015-04-08 18:00:00+02:00,32,32,32
2015-04-08 19:00:00+02:00,1,1,1
2015-04-08 20:00:00+02:00,0,0,0
2015-04-08 21:00:00+02:00,0,0,0
2015-04-08 22:00:00+02:00,0,0,0
2015-04-08 23:00:00+02:00,0,0,0
2015-04-09 00:00:00+02:00,0,0,0
2015-04-09 01:00:00+02:00,0,0,0
2015-04-09 02:00:00+02:00,0,0,0
2015-04-09 03:00:00+02:00,0,0,0
2015-04-09 04:00:00+02:00,0,0,0
2015-04-09 05:00:00+02:00,0,0,0
2015-04-09 06:00:00+02:00,0,0,0
2015-04-09 07:00:00+02:00,31,45,34
2015-04-09 08:00:00+02:00,74,78,75
2015-04-09 09:00:00+02:00,104,101,103
2015-04-09 10:00:00+02:00,167,157,164
2015-04-09 11:00:00+02:00,147,140,146
2015-04-09 12:00:00+02:00,140,133,138
2015-04-09 13:00:00+02:00,133,120,130
2015-04-09 14:00:00+02:00,157,148,155
2015-04-09 15:00:00+02:00,141,134,139
2015-04-09 16:00:00+02:00,151,143,149
2015-04-09 17:00:00+02:00,81,81,81
2015-04-09 18:00:00+02:00,43,44,43
2015-04-09 19:00:00+02:00,11,66,25
2015-04-09 20:00:00+02:00,0,0,0
2015-04-09 21:00:00+02:00,0,0,0
2015-04-09 22:00:00+02:00,0,0,0
2015-04-09 23:00:00+02:00,0,0,0
2015-04-10 00:00:00+02:00,0,0,0
2015-04-10 01:00:00+02:00,0,0,0
2015-04-10 02:00:00+02:00,0,0,0
2015-04-10 03:00:00+02:00,0,0,0
2015-04-10 04:00:00+02:00,0,0,0
2015-04-10 05:00:00+02:00,0,0,0
2015-04-10 06:00:00+02:00,0,0,0
2015-04-10 07:00:00+02:00,8,8,8
2015-04-10 08:00:00+02:00,30,30,30
2015-04-10 09:00:00+02:00,77,77,77
2015-04-10 10:00:00+02:00,140,133,138
2015-04-10 11:00:00+02:00,188,176,185
2015-04-10 12:00:00+02:00,156,150,155
2015-04-10 13:00:00+02:00,245,219,238
2015-04-10 14:00:00+02:00,209,194,205
2015-04-10 15:00:00+02:00,232,208,226
2015-04-10 16:00:00+02:00,197,181,193
2015-04-10 17:00:00+02:00,124,122,124
2015-04-10 18:00:00+02:00,74,106,82
2015-04-10 19:00:00+02:00,12,57,23
2015-04-10 20:00:00+02:00,0,0,0
2015-04-10 21:00:00+02:00,0,0,0
2015-04-10 22:00:00+02:00,0,0,0
2015-04-10 23:00:00+02:00,0,0,0
2015-04-11 00:00:00+02:00,0,0,0
2015-04-11 01:00:00+02:00,0,0,0
2015-04-11 02:00:00+02:00,0,0,0
2015-04-11 03:00:00+02:00,0,0,0
2015-04-11 04:00:00+02:00,0,0,0
2015-04-11 05:00:00+02:00,0,0,0
2015-04-11 06:00:00+02:00,0,0,0
2015-04-11 07:00:00+02:00,48,124,67
2015-04-11 08:00:00+02:00,205,261,219
2015-04-11 09:00:00+02:00,415,333,395
2015-04-11 10:00:00+02:00,584,391,536
2015-04-11 11:00:00+02:00,416,321,392
2015-04-11 12:00:00+02:00,174,154,169
2015-04-11 13:00:00+02:00,113,109,112
2015-04-11 14:00:00+02:00,109,106,108
2015-04-11 15:00:00+02:00,102,98,101
2015-04-11 16:00:00+02:00,77,76,77
2015-04-11 17:00:00+02:00,108,107,108
2015-04-11 18:00:00+02:00,104,171,121
2015-04-11 19:00:00+02:00,15,86,33
2015-04-11 20:00:00+02:00,0,0,0
2015-04-11 21:00:00+02:00,0,0,0
2015-04-11 22:00:00+02:00,0,0,0
2015-04-11 23:00:00+02:00,0,0,0
2015-04-12 00:00:00+02:00,0,0,0
2015-04-12 01:00:00+02:00,0,0,0
2015-04-12 02:00:00+02:00,0,0,0
2015-04-12 03:00:00+02:00,0,0,0
2015-04-12 04:00:00+02:00,0,0,0
2015-04-12 05:00:00+02:00,0,0,0
2015-04-12 06:00:00+02:00,1,1,1
2015-04-12 07:00:00+02:00,50,155,77
2015-04-12 08:00:00+02:00,226,281,240
2015-04-12 09:00:00+02:00,422,338,401
2015-04-12 10:00:00+02:00,539,370,497
2015-04-12 11:00:00+02:00,589,404,542
2015-04-12 12:00:00+02:00,483,350,450
2015-04-12 13:00:00+02:00,354,286,337
2015-04-12 14:00:00+02:00,220,191,212
2015-04-12 15:00:00+02:00,188,176,185
2015-04-12 16:00:00+02:00,245,215,238
2015-04-12 17:00:00+02:00,311,279,303
2015-04-12 18:00:00+02:00,148,244,172
2015-04-12 19:00:00+02:00,17,98,37
2015-04-12 20:00:00+02:00,0,0,0
2015-04-12 21:00:00+02:00,0,0,0
2015-04-12 22:00:00+02:00,0,0,0
2015-04-12 23:00:00+02:00,0,0,0
2015-04-13 00:00:00+02:00,0,0,0
2015-04-13 01:00:00+02:00,0,0,0
2015-04-13 02:00:00+02:00,0,0,0
2015-04-13 03:00:00+02:00,0,0,0
2015-04-13 04:00:00+02:00,0,0,0
2015-04-13 05:00:00+02:00,0,0,0
2015-04-13 06:00:00+02:00,2,2,2
2015-04-13 07:00:00+02:00,63,129,79
2015-04-13 08:00:00+02:00,204,257,217
2015-04-13 09:00:00+02:00,324,280,313
2015-04-13 10:00:00+02:00,339,270,322
2015-04-13 11:00:00+02:00,230,212,226
2015-04-13 12:00:00+02:00,182,172,179
2015-04-13 13:00:00+02:00,180,171,178
2015-04-13 14:00:00+02:00,154,148,152
2015-04-13 15:00:00+02:00,100,97,99
2015-04-13 16:00:00+02:00,60,58,60
2015-04-13 17:00:00+02:00,50,50,50
2015-04-13 18:00:00+02:00,33,34,33
2015-04-13 19:00:00+02:00,6,12,8
2015-04-13 20:00:00+02:00,0,0,0
2015-04-13 21:00:00+02:00,0,0,0
2015-04-13 22:00:00+02:00,0,0,0
2015-04-13 23:00:00+02:00,0,0,0
2015-04-14 00:00:00+02:00,0,0,0
2015-04-14 01:00:00+02:00,0,0,0
2015-04-14 02:00:00+02:00,0,0,0
2015-04-14 03:00:00+02:00,0,0,0
2015-04-14 04:00:00+02:00,0,0,0
2015-04-14 05:00:00+02:00,0,0,0
2015-04-14 06:00:00+02:00,0,0,0
2015-04-14 07:00:00+02:00,29,34,30
2015-04-14 08:00:00+02:00,91,95,92
2015-04-14 09:00:00+02:00,217,197,212
2015-04-14 10:00:00+02:00,365,284,345
2015-04-14 11:00:00+02:00,382,276,356
2015-04-14 12:00:00+02:00,226,211,222
2015-04-14 13:00:00+02:00,153,148,152
2015-04-14 14:00:00+02:00,192,180,189
2015-04-14 15:00:00+02:00,167,158,164
2015-04-14 16:00:00+02:00,109,105,108
2015-04-14 17:00:00+02:00,92,91,92
2015-04-14 18:00:00+02:00,48,50,48
2015-04-14 19:00:00+02:00,13,14,13
2015-04-14 20:00:00+02:00,0,0,0
2015-04-14 21:00:00+02:00,0,0,0
2015-04-14 22:00:00+02:00,0,0,0
2015-04-14 23:00:00+02:00,0,0,0
2015-04-15 00:00:00+02:00,0,0,0
2015-04-15 01:00:00+02:00,0,0,0
2015-04-15 02:00:00+02:00,0,0,0
2015-04-15 03:00:00+02:00,0,0,0
2015-04-15 04:00:00+02:00,0,0,0
2015-04-15 05:00:00+02:00,0,0,0
2015-04-15 06:00:00+02:00,0,0,0
2015-04-15 07:00:00+02:00,18,28,21
2015-04-15 08:00:00+02:00,66,66,66
2015-04-15 09:00:00+02:00,200,186,196
2015-04-15 10:00:00+02:00,314,261,301
2015-04-15 11:00:00+02:00,478,346,445
2015-04-15 12:00:00+02:00,589,429,549
2015-04-15 13:00:00+02:00,652,461,604
2015-04-15 14:00:00+02:00,657,454,606
2015-04-15 15:00:00+02:00,562,392,519
2015-04-15 16:00:00+02:00,457,325,424
2015-04-15 17:00:00+02:00,316,297,311
2015-04-15 18:00:00+02:00,137,231,160
2015-04-15 19:00:00+02:00,20,110,43
2015-04-15 20:00:00+02:00,0,0,0
2015-04-15 21:00:00+02:00,0,0,0
2015-04-15 22:00:00+02:00,0,0,0
2015-04-15 23:00:00+02:00,0,0,0
2015-04-16 00:00:00+02:00,0,0,0
2015-04-16 01:00:00+02:00,0,0,0
2015-04-16 02:00:00+02:00,0,0,0
2015-04-16 03:00:00+02:00,0,0,0
2015-04-16 04:00:00+02:00,0,0,0
2015-04-16 05:00:00+02:00,0,0,0
2015-04-16 06:00:00+02:00,3,10,5
2015-04-16 07:00:00+02:00,69,144,88
2015-04-16 08:00:00+02:00,233,280,245
2015-04-16 09:00:00+02:00,437,348,415
2015-04-16 10:00:00+02:00,615,406,563
2015-04-16 11:00:00+02:00,740,481,676
2015-04-16 12:00:00+02:00,814,533,744
2015-04-16 13:00:00+02:00,839,550,766
2015-04-16 14:00:00+02:00,805,526,735
2015-04-16 15:00:00+02:00,619,413,567
2015-04-16 16:00:00+02:00,358,278,338
2015-04-16 17:00:00+02:00,172,163,170
2015-04-16 18:00:00+02:00,71,75,72
2015-04-16 19:00:00+02:00,18,20,19
2015-04-16 20:00:00+02:00,0,0,0
2015-04-16 21:00:00+02:00,0,0,0
2015-04-16 22:00:00+02:00,0,0,0
2015-04-16 23:00:00+02:00,0,0,0
2015-04-17 00:00:00+02:00,0,0,0
2015-04-17 01:00:00+02:00,0,0,0
2015-04-17 02:00:00+02:00,0,0,0
2015-04-17 03:00:00+02:00,0,0,0
2015-04-17 04:00:00+02:00,0,0,0
2015-04-17 05:00:00+02:00,0,0,0
2015-04-17 06:00:00+02:00,3,13,6
2015-04-17 07:00:00+02:00,55,120,71
2015-04-17 08:00:00+02:00,139,155,143
2015-04-17 09:00:00+02:00,309,255,295
2015-04-17 10:00:00+02:00,542,371,500
2015-04-17 11:00:00+02:00,565,403,524
2015-04-17 12:00:00+02:00,504,357,468
2015-04-17 13:00:00+02:00,497,371,465
2015-04-17 14:00:00+02:00,490,358,457
2015-04-17 15:00:00+02:00,307,252,293
2015-04-17 16:00:00+02:00,297,229,280
2015-04-17 17:00:00+02:00,276,264,273
2015-04-17 18:00:00+02:00,124,167,135
2015-04-17 19:00:00+02:00,19,94,38
2015-04-17 20:00:00+02:00,0,0,0
2015-04-17 21:00:00+02:00,0,0,0
2015-04-17 22:00:00+02:00,0,0,0
2015-04-17 23:00:00+02:00,0,0,0
2015-04-18 00:00:00+02:00,0,0,0
2015-04-18 01:00:00+02:00,0,0,0
2015-04-18 02:00:00+02:00,0,0,0
2015-04-18 03:00:00+02:00,0,0,0
2015-04-18 04:00:00+02:00,0,0,0
2015-04-18 05:00:00+02:00,0,0,0
2015-04-18 06:00:00+02:00,4,8,5
2015-04-18 07:00:00+02:00,63,106,74
2015-04-18 08:00:00+02:00,186,232,197
2015-04-18 09:00:00+02:00,343,276,326
2015-04-18 10:00:00+02:00,516,363,477
2015-04-18 11:00:00+02:00,642,422,587
2015-04-18 12:00:00+02:00,651,455,602
2015-04-18 13:00:00+02:00,699,480,644
2015-04-18 14:00:00+02:00,717,468,654
2015-04-18 15:00:00+02:00,636,412,580
2015-04-18 16:00:00+02:00,541,372,499
2015-04-18 17:00:00+02:00,336,305,328
2015-04-18 18:00:00+02:00,146,236,169
2015-04-18 19:00:00+02:00,25,116,47
2015-04-18 20:00:00+02:00,0,2,1
2015-04-18 21:00:00+02:00,0,0,0
2015-04-18 22:00:00+02:00,0,0,0
2015-04-18 23:00:00+02:00,0,0,0
2015-04-19 00:00:00+02:00,0,0,0
2015-04-19 01:00:00+02:00,0,0,0
2015-04-19 02:00:00+02:00,0,0,0
2015-04-19 03:00:00+02:00,0,0,0
2015-04-19 04:00:00+02:00,0,0,0
2015-04-19 05:00:00+02:00,0,0,0
2015-04-19 06:00:00+02:00,1,1,1
2015-04-19 07:00:00+02:00,46,65,51
2015-04-19 08:00:00+02:00,181,228,193
2015-04-19 09:00:00+02:00,353,292,338
2015-04-19 10:00:00+02:00,398,310,376
2015-04-19 11:00:00+02:00,262,223,253
2015-04-19 12:00:00+02:00,265,219,254
2015-04-19 13:00:00+02:00,307,263,296
2015-04-19 14:00:00+02:00,275,243,267
2015-04-19 15:00:00+02:00,315,258,301
2015-04-19 16:00:00+02:00,319,255,303
2015-04-19 17:00:00+02:00,333,302,325
2015-04-19 18:00:00+02:00,153,256,179
2015-04-19 19:00:00+02:00,22,120,46
2015-04-19 20:00:00+02:00,0,3,1
2015-04-19 21:00:00+02:00,0,0,0
2015-04-19 22:00:00+02:00,0,0,0
2015-04-19 23:00:00+02:00,0,0,0
2015-04-20 00:00:00+02:00,0,0,0
2015-04-20 01:00:00+02:00,0,0,0
2015-04-20 02:00:00+02:00,0,0,0
2015-04-20 03:00:00+02:00,0,0,0
2015-04-20 04:00:00+02:00,0,0,0
2015-04-20 05:00:00+02:00,0,0,0
2015-04-20 06:00:00+02:00,0,0,0
2015-04-20 07:00:00+02:00,23,36,26
2015-04-20 08:00:00+02:00,55,56,55
2015-04-20 09:00:00+02:00,58,57,58
2015-04-20 10:00:00+02:00,75,74,75
2015-04-20 11:00:00+02:00,168,136,160
2015-04-20 12:00:00+02:00,312,257,299
2015-04-20 13:00:00+02:00,334,284,322
2015-04-20 14:00:00+02:00,606,443,565
2015-04-20 15:00:00+02:00,474,360,446
2015-04-20 16:00:00+02:00,308,244,292
2015-04-20 17:00:00+02:00,161,158,160
2015-04-20 18:00:00+02:00,121,194,139
2015-04-20 19:00:00+02:00,32,94,48
2015-04-20 20:00:00+02:00,0,5,1
2015-04-20 21:00:00+02:00,0,0,0
2015-04-20 22:00:00+02:00,0,0,0
2015-04-20 23:00:00+02:00,0,0,0
2015-04-21 00:00:00+02:00,0,0,0
2015-04-21 01:00:00+02:00,0,0,0
2015-04-21 02:00:00+02:00,0,0,0
2015-04-21 03:00:00+02:00,0,0,0
2015-04-21 04:00:00+02:00,0,0,0
2015-04-21 05:00:00+02:00,0,0,0
2015-04-21 06:00:00+02:00,6,34,13
2015-04-21 07:00:00+02:00,83,207,114
2015-04-21 08:00:00+02:00,270,327,284
2015-04-21 09:00:00+02:00,482,388,459
2015-04-21 10:00:00+02:00,651,459,603
2015-04-21 11:00:00+02:00,540,386,502
2015-04-21 12:00:00+02:00,377,296,357
2015-04-21 13:00:00+02:00,422,335,400
2015-04-21 14:00:00+02:00,298,257,287
2015-04-21 15:00:00+02:00,298,255,288
2015-04-21 16:00:00+02:00,253,212,243
2015-04-21 17:00:00+02:00,119,110,116
2015-04-21 18:00:00+02:00,123,199,142
2015-04-21 19:00:00+02:00,25,105,45
2015-04-21 20:00:00+02:00,0,3,1
2015-04-21 21:00:00+02:00,0,0,0
2015-04-21 22:00:00+02:00,0,0,0
2015-04-21 23:00:00+02:00,0,0,0
2015-04-22 00:00:00+02:00,0,0,0
2015-04-22 01:00:00+02:00,0,0,0
2015-04-22 02:00:00+02:00,0,0,0
2015-04-22 03:00:00+02:00,0,0,0
2015-04-22 04:00:00+02:00,0,0,0
2015-04-22 05:00:00+02:00,0,0,0
2015-04-22 06:00:00+02:00,5,5,5
2015-04-22 07:00:00+02:00,42,58,46
2015-04-22 08:00:00+02:00,80,81,80
2015-04-22 09:00:00+02:00,163,152,160
2015-04-22 10:00:00+02:00,390,297,367
2015-04-22 11:00:00+02:00,583,427,544
2015-04-22 12:00:00+02:00,455,357,431
2015-04-22 13:00:00+02:00,397,307,375
2015-04-22 14:00:00+02:00,375,310,358
2015-04-22 15:00:00+02:00,373,298,354
2015-04-22 16:00:00+02:00,390,305,368
2015-04-22 17:00:00+02:00,255,240,251
2015-04-22 18:00:00+02:00,104,160,118
2015-04-22 19:00:00+02:00,26,116,48
2015-04-22 20:00:00+02:00,0,8,2
2015-04-22 21:00:00+02:00,0,0,0
2015-04-22 22:00:00+02:00,0,0,0
2015-04-22 23:00:00+02:00,0,0,0
2015-04-23 00:00:00+02:00,0,0,0
2015-04-23 01:00:00+02:00,0,0,0
2015-04-23 02:00:00+02:00,0,0,0
2015-04-23 03:00:00+02:00,0,0,0
2015-04-23 04:00:00+02:00,0,0,0
2015-04-23 05:00:00+02:00,0,0,0
2015-04-23 06:00:00+02:00,4,6,4
2015-04-23 07:00:00+02:00,57,93,66
2015-04-23 08:00:00+02:00,202,243,212
2015-04-23 09:00:00+02:00,392,322,375
2015-04-23 10:00:00+02:00,451,335,422
2015-04-23 11:00:00+02:00,605,430,562
2015-04-23 12:00:00+02:00,627,439,580
2015-04-23 13:00:00+02:00,393,315,373
2015-04-23 14:00:00+02:00,375,316,360
2015-04-23 15:00:00+02:00,354,289,338
2015-04-23 16:00:00+02:00,232,207,226
2015-04-23 17:00:00+02:00,167,166,167
2015-04-23 18:00:00+02:00,91,106,95
2015-04-23 19:00:00+02:00,23,25,24
2015-04-23 20:00:00+02:00,0,0,0
2015-04-23 21:00:00+02:00,0,0,0
2015-04-23 22:00:00+02:00,0,0,0
2015-04-23 23:00:00+02:00,0,0,0
2015-04-24 00:00:00+02:00,0,0,0
2015-04-24 01:00:00+02:00,0,0,0
2015-04-24 02:00:00+02:00,0,0,0
2015-04-24 03:00:00+02:00,0,0,0
2015-04-24 04:00:00+02:00,0,0,0
2015-04-24 05:00:00+02:00,0,0,0
2015-04-24 06:00:00+02:00,11,30,16
2015-04-24 07:00:00+02:00,80,168,102
2015-04-24 08:00:00+02:00,235,286,248
2015-04-24 09:00:00+02:00,434,346,412
2015-04-24 10:00:00+02:00,611,415,562
2015-04-24 11:00:00+02:00,743,496,681
2015-04-24 12:00:00+02:00,823,551,755
2015-04-24 13:00:00+02:00,836,560,767
2015-04-24 14:00:00+02:00,790,528,724
2015-04-24 15:00:00+02:00,684,458,627
2015-04-24 16:00:00+02:00,530,377,492
2015-04-24 17:00:00+02:00,348,326,343
2015-04-24 18:00:00+02:00,161,252,184
2015-04-24 19:00:00+02:00,30,137,57
2015-04-24 20:00:00+02:00,0,9,2
2015-04-24 21:00:00+02:00,0,0,0
2015-04-24 22:00:00+02:00,0,0,0
2015-04-24 23:00:00+02:00,0,0,0
2015-04-25 00:00:00+02:00,0,0,0
2015-04-25 01:00:00+02:00,0,0,0
2015-04-25 02:00:00+02:00,0,0,0
2015-04-25 03:00:00+02:00,0,0,0
2015-04-25 04:00:00+02:00,0,0,0
2015-04-25 05:00:00+02:00,0,0,0
2015-04-25 06:00:00+02:00,7,23,11
2015-04-25 07:00:00+02:00,79,190,107
2015-04-25 08:00:00+02:00,250,300,263
2015-04-25 09:00:00+02:00,455,368,433
2015-04-25 10:00:00+02:00,604,425,559
2015-04-25 11:00:00+02:00,521,385,487
2015-04-25 12:00:00+02:00,658,475,612
2015-04-25 13:00:00+02:00,503,389,475
2015-04-25 14:00:00+02:00,483,374,455
2015-04-25 15:00:00+02:00,524,384,489
2015-04-25 16:00:00+02:00,333,273,318
2015-04-25 17:00:00+02:00,91,89,91
2015-04-25 18:00:00+02:00,27,27,27
2015-04-25 19:00:00+02:00,5,5,5
2015-04-25 20:00:00+02:00,0,1,0
2015-04-25 21:00:00+02:00,0,0,0
2015-04-25 22:00:00+02:00,0,0,0
2015-04-25 23:00:00+02:00,0,0,0
2015-04-26 00:00:00+02:00,0,0,0
2015-04-26 01:00:00+02:00,0,0,0
2015-04-26 02:00:00+02:00,0,0,0
2015-04-26 03:00:00+02:00,0,0,0
2015-04-26 04:00:00+02:00,0,0,0
2015-04-26 05:00:00+02:00,0,0,0
2015-04-26 06:00:00+02:00,6,9,6
2015-04-26 07:00:00+02:00,47,85,57
2015-04-26 08:00:00+02:00,133,138,134
2015-04-26 09:00:00+02:00,206,173,198
2015-04-26 10:00:00+02:00,312,262,299
2015-04-26 11:00:00+02:00,480,369,452
2015-04-26 12:00:00+02:00,464,367,440
2015-04-26 13:00:00+02:00,577,438,542
2015-04-26 14:00:00+02:00,502,379,471
2015-04-26 15:00:00+02:00,323,274,310
2015-04-26 16:00:00+02:00,238,214,232
2015-04-26 17:00:00+02:00,157,143,154
2015-04-26 18:00:00+02:00,55,56,55
2015-04-26 19:00:00+02:00,18,26,20
2015-04-26 20:00:00+02:00,0,9,2
2015-04-26 21:00:00+02:00,0,0,0
2015-04-26 22:00:00+02:00,0,0,0
2015-04-26 23:00:00+02:00,0,0,0
2015-04-27 00:00:00+02:00,0,0,0
2015-04-27 01:00:00+02:00,0,0,0
2015-04-27 02:00:00+02:00,0,0,0
2015-04-27 03:00:00+02:00,0,0,0
2015-04-27 04:00:00+02:00,0,0,0
2015-04-27 05:00:00+02:00,0,0,0
2015-04-27 06:00:00+02:00,12,39,18
2015-04-27 07:00:00+02:00,33,34,33
2015-04-27 08:00:00+02:00,60,60,60
2015-04-27 09:00:00+02:00,186,176,183
2015-04-27 10:00:00+02:00,414,324,391
2015-04-27 11:00:00+02:00,627,451,583
2015-04-27 12:00:00+02:00,766,539,709
2015-04-27 13:00:00+02:00,756,553,705
2015-04-27 14:00:00+02:00,705,496,653
2015-04-27 15:00:00+02:00,553,410,517
2015-04-27 16:00:00+02:00,507,389,478
2015-04-27 17:00:00+02:00,357,336,351
2015-04-27 18:00:00+02:00,162,253,185
2015-04-27 19:00:00+02:00,34,109,52
2015-04-27 20:00:00+02:00,0,12,3
2015-04-27 21:00:00+02:00,0,0,0
2015-04-27 22:00:00+02:00,0,0,0
2015-04-27 23:00:00+02:00,0,0,0
2015-04-28 00:00:00+02:00,0,0,0
2015-04-28 01:00:00+02:00,0,0,0
2015-04-28 02:00:00+02:00,0,0,0
2015-04-28 03:00:00+02:00,0,0,0
2015-04-28 04:00:00+02:00,0,0,0
2015-04-28 05:00:00+02:00,0,0,0
2015-04-28 06:00:00+02:00,0,1,1
2015-04-28 07:00:00+02:00,22,23,22
2015-04-28 08:00:00+02:00,57,57,57
2015-04-28 09:00:00+02:00,88,88,88
2015-04-28 10:00:00+02:00,102,100,102
2015-04-28 11:00:00+02:00,99,96,98
2015-04-28 12:00:00+02:00,106,103,105
2015-04-28 13:00:00+02:00,155,149,153
2015-04-28 14:00:00+02:00,219,198,214
2015-04-28 15:00:00+02:00,351,299,338
2015-04-28 16:00:00+02:00,442,349,418
2015-04-28 17:00:00+02:00,352,333,347
2015-04-28 18:00:00+02:00,161,235,180
2015-04-28 19:00:00+02:00,40,100,55
2015-04-28 20:00:00+02:00,1,14,4
2015-04-28 21:00:00+02:00,0,0,0
2015-04-28 22:00:00+02:00,0,0,0
2015-04-28 23:00:00+02:00,0,0,0
2015-04-29 00:00:00+02:00,0,0,0
2015-04-29 01:00:00+02:00,0,0,0
2015-04-29 02:00:00+02:00,0,0,0
2015-04-29 03:00:00+02:00,0,0,0
2015-04-29 04:00:00+02:00,0,0,0
2015-04-29 05:00:00+02:00,0,0,0
2015-04-29 06:00:00+02:00,9,34,15
2015-04-29 07:00:00+02:00,60,149,82
2015-04-29 08:00:00+02:00,260,287,267
2015-04-29 09:00:00+02:00,463,374,441
2015-04-29 10:00:00+02:00,600,423,556
2015-04-29 11:00:00+02:00,610,447,570
2015-04-29 12:00:00+02:00,747,526,692
2015-04-29 13:00:00+02:00,829,575,765
2015-04-29 14:00:00+02:00,778,538,718
2015-04-29 15:00:00+02:00,631,437,583
2015-04-29 16:00:00+02:00,407,327,387
2015-04-29 17:00:00+02:00,289,274,285
2015-04-29 18:00:00+02:00,143,213,160
2015-04-29 19:00:00+02:00,32,52,37
2015-04-29 20:00:00+02:00,0,0,0
2015-04-29 21:00:00+02:00,0,0,0
2015-04-29 22:00:00+02:00,0,0,0
2015-04-29 23:00:00+02:00,0,0,0
2015-04-30 00:00:00+02:00,0,0,0
2015-04-30 01:00:00+02:00,0,0,0
2015-04-30 02:00:00+02:00,0,0,0
2015-04-30 03:00:00+02:00,0,0,0
2015-04-30 04:00:00+02:00,0,0,0
2015-04-30 05:00:00+02:00,0,0,0
2015-04-30 06:00:00+02:00,4,5,5
2015-04-30 07:00:00+02:00,30,33,31
2015-04-30 08:00:00+02:00,92,93,92
2015-04-30 09:00:00+02:00,158,154,157
2015-04-30 10:00:00+02:00,218,198,213
2015-04-30 11:00:00+02:00,251,219,243
2015-04-30 12:00:00+02:00,222,207,218
2015-04-30 13:00:00+02:00,181,172,179
2015-04-30 14:00:00+02:00,171,161,169
2015-04-30 15:00:00+02:00,133,129,132
2015-04-30 16:00:00+02:00,109,107,108
2015-04-30 17:00:00+02:00,114,113,114
2015-04-30 18:00:00+02:00,52,53,53
2015-04-30 19:00:00+02:00,15,18,16
2015-04-30 20:00:00+02:00,0,0,0
2015-04-30 21:00:00+02:00,0,0,0
2015-04-30 22:00:00+02:00,0,0,0
2015-04-30 23:00:00+02:00,0,0,0
2015-05-01 00:00:00+02:00,0,0,0
2015-05-01 01:00:00+02:00,0,0,0
2015-05-01 02:00:00+02:00,0,0,0
2015-05-01 03:00:00+02:00,0,0,0
2015-05-01 04:00:00+02:00,0,0,0
2015-05-01 05:00:00+02:00,0,0,0
2015-05-01 06:00:00+02:00,0,0,0
2015-05-01 07:00:00+02:00,25,30,27
2015-05-01 08:00:00+02:00,80,81,80
2015-05-01 09:00:00+02:00,158,150,156
2015-05-01 10:00:00+02:00,339,288,326
2015-05-01 11:00:00+02:00,623,456,582
2015-05-01 12:00:00+02:00,633,469,592
2015-05-01 13:00:00+02:00,467,375,444
2015-05-01 14:00:00+02:00,502,388,473
2015-05-01 15:00:00+02:00,530,399,498
2015-05-01 16:00:00+02:00,445,346,420
2015-05-01 17:00:00+02:00,273,259,270
2015-05-01 18:00:00+02:00,157,236,177
2015-05-01 19:00:00+02:00,35,128,58
2015-05-01 20:00:00+02:00,2,12,5
2015-05-01 21:00:00+02:00,0,0,0
2015-05-01 22:00:00+02:00,0,0,0
2015-05-01 23:00:00+02:00,0,0,0
2015-05-02 00:00:00+02:00,0,0,0
2015-05-02 01:00:00+02:00,0,0,0
2015-05-02 02:00:00+02:00,0,0,0
2015-05-02 03:00:00+02:00,0,0,0
2015-05-02 04:00:00+02:00,0,0,0
2015-05-02 05:00:00+02:00,0,0,0
2015-05-02 06:00:00+02:00,18,51,26
2015-05-02 07:00:00+02:00,90,202,118
2015-05-02 08:00:00+02:00,260,308,272
2015-05-02 09:00:00+02:00,457,372,436
2015-05-02 10:00:00+02:00,580,431,542
2015-05-02 11:00:00+02:00,666,494,623
2015-05-02 12:00:00+02:00,723,521,672
2015-05-02 13:00:00+02:00,754,547,702
2015-05-02 14:00:00+02:00,751,532,696
2015-05-02 15:00:00+02:00,668,477,620
2015-05-02 16:00:00+02:00,507,386,477
2015-05-02 17:00:00+02:00,305,302,304
2015-05-02 18:00:00+02:00,164,212,176
2015-05-02 19:00:00+02:00,42,115,61
2015-05-02 20:00:00+02:00,2,12,4
2015-05-02 21:00:00+02:00,0,0,0
2015-05-02 22:00:00+02:00,0,0,0
2015-05-02 23:00:00+02:00,0,0,0
2015-05-03 00:00:00+02:00,0,0,0
2015-05-03 01:00:00+02:00,0,0,0
2015-05-03 02:00:00+02:00,0,0,0
2015-05-03 03:00:00+02:00,0,0,0
2015-05-03 04:00:00+02:00,0,0,0
2015-05-03 05:00:00+02:00,0,0,0
2015-05-03 06:00:00+02:00,16,67,29
2015-05-03 07:00:00+02:00,97,236,132
2015-05-03 08:00:00+02:00,282,328,293
2015-05-03 09:00:00+02:00,469,384,448
2015-05-03 10:00:00+02:00,629,460,587
2015-05-03 11:00:00+02:00,747,542,695
2015-05-03 12:00:00+02:00,791,564,734
2015-05-03 13:00:00+02:00,758,556,708
2015-05-03 14:00:00+02:00,709,512,659
2015-05-03 15:00:00+02:00,645,474,602
2015-05-03 16:00:00+02:00,540,410,507
2015-05-03 17:00:00+02:00,377,358,372
2015-05-03 18:00:00+02:00,174,271,198
2015-05-03 19:00:00+02:00,39,140,64
2015-05-03 20:00:00+02:00,3,16,7
2015-05-03 21:00:00+02:00,0,0,0
2015-05-03 22:00:00+02:00,0,0,0
2015-05-03 23:00:00+02:00,0,0,0
2015-05-04 00:00:00+02:00,0,0,0
2015-05-04 01:00:00+02:00,0,0,0
2015-05-04 02:00:00+02:00,0,0,0
2015-05-04 03:00:00+02:00,0,0,0
2015-05-04 04:00:00+02:00,0,0,0
2015-05-04 05:00:00+02:00,0,0,0
2015-05-04 06:00:00+02:00,14,28,18
2015-05-04 07:00:00+02:00,80,126,92
2015-05-04 08:00:00+02:00,218,231,221
2015-05-04 09:00:00+02:00,388,328,373
2015-05-04 10:00:00+02:00,540,402,506
2015-05-04 11:00:00+02:00,683,495,636
2015-05-04 12:00:00+02:00,685,507,640
2015-05-04 13:00:00+02:00,722,529,674
2015-05-04 14:00:00+02:00,711,533,666
2015-05-04 15:00:00+02:00,696,487,644
2015-05-04 16:00:00+02:00,544,406,510
2015-05-04 17:00:00+02:00,343,330,340
2015-05-04 18:00:00+02:00,164,236,181
2015-05-04 19:00:00+02:00,29,134,55
2015-05-04 20:00:00+02:00,2,19,7
2015-05-04 21:00:00+02:00,0,0,0
2015-05-04 22:00:00+02:00,0,0,0
2015-05-04 23:00:00+02:00,0,0,0
2015-05-05 00:00:00+02:00,0,0,0
2015-05-05 01:00:00+02:00,0,0,0
2015-05-05 02:00:00+02:00,0,0,0
2015-05-05 03:00:00+02:00,0,0,0
2015-05-05 04:00:00+02:00,0,0,0
2015-05-05 05:00:00+02:00,0,0,0
2015-05-05 06:00:00+02:00,24,47,30
2015-05-05 07:00:00+02:00,80,200,110
2015-05-05 08:00:00+02:00,255,298,266
2015-05-05 09:00:00+02:00,449,364,428
2015-05-05 10:00:00+02:00,606,434,563
2015-05-05 11:00:00+02:00,704,498,653
2015-05-05 12:00:00+02:00,765,543,710
2015-05-05 13:00:00+02:00,752,533,697
2015-05-05 14:00:00+02:00,721,510,669
2015-05-05 15:00:00+02:00,636,450,589
2015-05-05 16:00:00+02:00,491,366,460
2015-05-05 17:00:00+02:00,296,286,293
2015-05-05 18:00:00+02:00,120,141,125
2015-05-05 19:00:00+02:00,47,63,51
2015-05-05 20:00:00+02:00,4,5,4
2015-05-05 21:00:00+02:00,0,0,0
2015-05-05 22:00:00+02:00,0,0,0
2015-05-05 23:00:00+02:00,0,0,0
2015-05-06 00:00:00+02:00,0,0,0
2015-05-06 01:00:00+02:00,0,0,0
2015-05-06 02:00:00+02:00,0,0,0
2015-05-06 03:00:00+02:00,0,0,0
2015-05-06 04:00:00+02:00,0,0,0
2015-05-06 05:00:00+02:00,0,0,0
2015-05-06 06:00:00+02:00,20,53,28
2015-05-06 07:00:00+02:00,86,114,93
2015-05-06 08:00:00+02:00,205,213,207
2015-05-06 09:00:00+02:00,390,329,375
2015-05-06 10:00:00+02:00,559,407,521
2015-05-06 11:00:00+02:00,681,478,630
2015-05-06 12:00:00+02:00,770,542,713
2015-05-06 13:00:00+02:00,800,563,741
2015-05-06 14:00:00+02:00,755,531,699
2015-05-06 15:00:00+02:00,624,440,578
2015-05-06 16:00:00+02:00,463,360,438
2015-05-06 17:00:00+02:00,305,293,302
2015-05-06 18:00:00+02:00,157,218,172
2015-05-06 19:00:00+02:00,48,112,64
2015-05-06 20:00:00+02:00,4,11,6
2015-05-06 21:00:00+02:00,0,0,0
2015-05-06 22:00:00+02:00,0,0,0
2015-05-06 23:00:00+02:00,0,0,0
2015-05-07 00:00:00+02:00,0,0,0
2015-05-07 01:00:00+02:00,0,0,0
2015-05-07 02:00:00+02:00,0,0,0
2015-05-07 03:00:00+02:00,0,0,0
2015-05-07 04:00:00+02:00,0,0,0
2015-05-07 05:00:00+02:00,0,0,0
2015-05-07 06:00:00+02:00,18,33,22
2015-05-07 07:00:00+02:00,60,78,64
2015-05-07 08:00:00+02:00,146,159,149
2015-05-07 09:00:00+02:00,377,320,363
2015-05-07 10:00:00+02:00,572,436,538
2015-05-07 11:00:00+02:00,693,515,649
2015-05-07 12:00:00+02:00,763,570,715
2015-05-07 13:00:00+02:00,770,588,725
2015-05-07 14:00:00+02:00,766,556,713
2015-05-07 15:00:00+02:00,656,486,614
2015-05-07 16:00:00+02:00,515,408,488
2015-05-07 17:00:00+02:00,346,324,340
2015-05-07 18:00:00+02:00,175,258,196
2015-05-07 19:00:00+02:00,40,150,67
2015-05-07 20:00:00+02:00,4,22,9
2015-05-07 21:00:00+02:00,0,0,0
2015-05-07 22:00:00+02:00,0,0,0
2015-05-07 23:00:00+02:00,0,0,0
2015-05-08 00:00:00+02:00,0,0,0
2015-05-08 01:00:00+02:00,0,0,0
2015-05-08 02:00:00+02:00,0,0,0
2015-05-08 03:00:00+02:00,0,0,0
2015-05-08 04:00:00+02:00,0,0,0
2015-05-08 05:00:00+02:00,0,0,0
2015-05-08 06:00:00+02:00,9,14,10
2015-05-08 07:00:00+02:00,71,122,83
2015-05-08 08:00:00+02:00,248,261,251
2015-05-08 09:00:00+02:00,331,296,322
2015-05-08 10:00:00+02:00,483,364,453
2015-05-08 11:00:00+02:00,296,266,289
2015-05-08 12:00:00+02:00,98,97,98
2015-05-08 13:00:00+02:00,206,181,200
2015-05-08 14:00:00+02:00,527,411,498
2015-05-08 15:00:00+02:00,490,383,464
2015-05-08 16:00:00+02:00,320,269,307
2015-05-08 17:00:00+02:00,278,256,273
2015-05-08 18:00:00+02:00,139,208,156
2015-05-08 19:00:00+02:00,45,73,52
2015-05-08 20:00:00+02:00,4,5,4
2015-05-08 21:00:00+02:00,0,0,0
2015-05-08 22:00:00+02:00,0,0,0
2015-05-08 23:00:00+02:00,0,0,0
2015-05-09 00:00:00+02:00,0,0,0
2015-05-09 01:00:00+02:00,0,0,0
2015-05-09 02:00:00+02:00,0,0,0
2015-05-09 03:00:00+02:00,0,0,0
2015-05-09 04:00:00+02:00,0,0,0
2015-05-09 05:00:00+02:00,0,0,0
2015-05-09 06:00:00+02:00,1,1,1
2015-05-09 07:00:00+02:00,38,41,38
2015-05-09 08:00:00+02:00,57,57,57
2015-05-09 09:00:00+02:00,114,111,113
2015-05-09 10:00:00+02:00,185,178,183
2015-05-09 11:00:00+02:00,169,157,166
2015-05-09 12:00:00+02:00,285,260,278
2015-05-09 13:00:00+02:00,374,332,364
2015-05-09 14:00:00+02:00,249,233,245
2015-05-09 15:00:00+02:00,230,211,225
2015-05-09 16:00:00+02:00,165,160,164
2015-05-09 17:00:00+02:00,171,177,172
2015-05-09 18:00:00+02:00,44,47,45
2015-05-09 19:00:00+02:00,24,30,25
2015-05-09 20:00:00+02:00,3,3,3
2015-05-09 21:00:00+02:00,0,0,0
2015-05-09 22:00:00+02:00,0,0,0
2015-05-09 23:00:00+02:00,0,0,0
2015-05-10 00:00:00+02:00,0,0,0
2015-05-10 01:00:00+02:00,0,0,0
2015-05-10 02:00:00+02:00,0,0,0
2015-05-10 03:00:00+02:00,0,0,0
2015-05-10 04:00:00+02:00,0,0,0
2015-05-10 05:00:00+02:00,0,0,0
2015-05-10 06:00:00+02:00,4,5,4
2015-05-10 07:00:00+02:00,47,51,48
2015-05-10 08:00:00+02:00,78,79,79
2015-05-10 09:00:00+02:00,123,121,123
2015-05-10 10:00:00+02:00,171,164,169
2015-05-10 11:00:00+02:00,227,208,222
2015-05-10 12:00:00+02:00,345,290,331
2015-05-10 13:00:00+02:00,476,388,454
2015-05-10 14:00:00+02:00,232,218,228
2015-05-10 15:00:00+02:00,215,206,213
2015-05-10 16:00:00+02:00,247,227,242
2015-05-10 17:00:00+02:00,203,203,203
2015-05-10 18:00:00+02:00,83,85,83
2015-05-10 19:00:00+02:00,39,52,42
2015-05-10 20:00:00+02:00,6,8,6
2015-05-10 21:00:00+02:00,0,0,0
2015-05-10 22:00:00+02:00,0,0,0
2015-05-10 23:00:00+02:00,0,0,0
2015-05-11 00:00:00+02:00,0,0,0
2015-05-11 01:00:00+02:00,0,0,0
2015-05-11 02:00:00+02:00,0,0,0
2015-05-11 03:00:00+02:00,0,0,0
2015-05-11 04:00:00+02:00,0,0,0
2015-05-11 05:00:00+02:00,0,0,0
2015-05-11 06:00:00+02:00,6,7,7
2015-05-11 07:00:00+02:00,63,71,65
2015-05-11 08:00:00+02:00,136,142,137
2015-05-11 09:00:00+02:00,214,204,212
2015-05-11 10:00:00+02:00,231,219,228
2015-05-11 11:00:00+02:00,250,234,246
2015-05-11 12:00:00+02:00,353,307,342
2015-05-11 13:00:00+02:00,291,267,285
2015-05-11 14:00:00+02:00,257,243,254
2015-05-11 15:00:00+02:00,237,220,233
2015-05-11 16:00:00+02:00,231,213,226
2015-05-11 17:00:00+02:00,184,174,181
2015-05-11 18:00:00+02:00,117,134,122
2015-05-11 19:00:00+02:00,47,101,61
2015-05-11 20:00:00+02:00,8,13,9
2015-05-11 21:00:00+02:00,0,0,0
2015-05-11 22:00:00+02:00,0,0,0
2015-05-11 23:00:00+02:00,0,0,0
2015-05-12 00:00:00+02:00,0,0,0
2015-05-12 01:00:00+02:00,0,0,0
2015-05-12 02:00:00+02:00,0,0,0
2015-05-12 03:00:00+02:00,0,0,0
2015-05-12 04:00:00+02:00,0,0,0
2015-05-12 05:00:00+02:00,0,0,0
2015-05-12 06:00:00+02:00,16,22,18
2015-05-12 07:00:00+02:00,88,135,100
2015-05-12 08:00:00+02:00,266,305,276
2015-05-12 09:00:00+02:00,418,372,407
2015-05-12 10:00:00+02:00,487,387,462
2015-05-12 11:00:00+02:00,371,325,359
2015-05-12 12:00:00+02:00,243,212,235
2015-05-12 13:00:00+02:00,145,139,144
2015-05-12 14:00:00+02:00,149,143,147
2015-05-12 15:00:00+02:00,89,88,89
2015-05-12 16:00:00+02:00,65,64,64
2015-05-12 17:00:00+02:00,49,49,49
2015-05-12 18:00:00+02:00,38,39,39
2015-05-12 19:00:00+02:00,18,19,18
2015-05-12 20:00:00+02:00,0,0,0
2015-05-12 21:00:00+02:00,0,0,0
2015-05-12 22:00:00+02:00,0,0,0
2015-05-12 23:00:00+02:00,0,0,0
2015-05-13 00:00:00+02:00,0,0,0
2015-05-13 01:00:00+02:00,0,0,0
2015-05-13 02:00:00+02:00,0,0,0
2015-05-13 03:00:00+02:00,0,0,0
2015-05-13 04:00:00+02:00,0,0,0
2015-05-13 05:00:00+02:00,0,0,0
2015-05-13 06:00:00+02:00,10,11,10
2015-05-13 07:00:00+02:00,41,43,42
2015-05-13 08:00:00+02:00,37,37,37
2015-05-13 09:00:00+02:00,43,43,43
2015-05-13 10:00:00+02:00,51,49,51
2015-05-13 11:00:00+02:00,75,74,75
2015-05-13 12:00:00+02:00,89,84,88
2015-05-13 13:00:00+02:00,88,86,88
2015-05-13 14:00:00+02:00,77,76,77
2015-05-13 15:00:00+02:00,61,60,61
2015-05-13 16:00:00+02:00,64,64,64
2015-05-13 17:00:00+02:00,54,54,54
2015-05-13 18:00:00+02:00,25,25,25
2015-05-13 19:00:00+02:00,15,17,15
2015-05-13 20:00:00+02:00,4,7,5
2015-05-13 21:00:00+02:00,0,0,0
2015-05-13 22:00:00+02:00,0,0,0
2015-05-13 23:00:00+02:00,0,0,0
2015-05-14 00:00:00+02:00,0,0,0
2015-05-14 01:00:00+02:00,0,0,0
2015-05-14 02:00:00+02:00,0,0,0
2015-05-14 03:00:00+02:00,0,0,0
2015-05-14 04:00:00+02:00,0,0,0
2015-05-14 05:00:00+02:00,0,0,0
2015-05-14 06:00:00+02:00,10,12,11
2015-05-14 07:00:00+02:00,49,67,53
2015-05-14 08:00:00+02:00,176,184,178
2015-05-14 09:00:00+02:00,429,363,412
2015-05-14 10:00:00+02:00,613,458,574
2015-05-14 11:00:00+02:00,652,494,612
2015-05-14 12:00:00+02:00,536,413,505
2015-05-14 13:00:00+02:00,306,272,298
2015-05-14 14:00:00+02:00,246,228,242
2015-05-14 15:00:00+02:00,309,276,301
2015-05-14 16:00:00+02:00,388,324,372
2015-05-14 17:00:00+02:00,302,301,302
2015-05-14 18:00:00+02:00,140,185,151
2015-05-14 19:00:00+02:00,52,111,67
2015-05-14 20:00:00+02:00,4,5,4
2015-05-14 21:00:00+02:00,0,0,0
2015-05-14 22:00:00+02:00,0,0,0
2015-05-14 23:00:00+02:00,0,0,0
2015-05-15 00:00:00+02:00,0,0,0
2015-05-15 01:00:00+02:00,0,0,0
2015-05-15 02:00:00+02:00,0,0,0
2015-05-15 03:00:00+02:00,0,0,0
2015-05-15 04:00:00+02:00,0,0,0
2015-05-15 05:00:00+02:00,0,0,0
2015-05-15 06:00:00+02:00,6,10,7
2015-05-15 07:00:00+02:00,44,45,44
2015-05-15 08:00:00+02:00,66,66,66
2015-05-15 09:00:00+02:00,80,79,80
2015-05-15 10:00:00+02:00,110,109,110
2015-05-15 11:00:00+02:00,156,151,155
2015-05-15 12:00:00+02:00,136,132,135
2015-05-15 13:00:00+02:00,136,132,135
2015-05-15 14:00:00+02:00,124,121,123
2015-05-15 15:00:00+02:00,122,119,121
2015-05-15 16:00:00+02:00,108,106,108
2015-05-15 17:00:00+02:00,96,96,96
2015-05-15 18:00:00+02:00,88,93,89
2015-05-15 19:00:00+02:00,18,19,18
2015-05-15 20:00:00+02:00,0,0,0
2015-05-15 21:00:00+02:00,0,0,0
2015-05-15 22:00:00+02:00,0,0,0
2015-05-15 23:00:00+02:00,0,0,0
2015-05-16 00:00:00+02:00,0,0,0
2015-05-16 01:00:00+02:00,0,0,0
2015-05-16 02:00:00+02:00,0,0,0
2015-05-16 03:00:00+02:00,0,0,0
2015-05-16 04:00:00+02:00,0,0,0
2015-05-16 05:00:00+02:00,0,0,0
2015-05-16 06:00:00+02:00,9,13,10
2015-05-16 07:00:00+02:00,89,155,106
2015-05-16 08:00:00+02:00,199,234,208
2015-05-16 09:00:00+02:00,331,289,320
2015-05-16 10:00:00+02:00,471,384,449
2015-05-16 11:00:00+02:00,661,499,621
2015-05-16 12:00:00+02:00,675,517,636
2015-05-16 13:00:00+02:00,462,395,445
2015-05-16 14:00:00+02:00,287,262,281
2015-05-16 15:00:00+02:00,305,249,291
2015-05-16 16:00:00+02:00,442,355,421
2015-05-16 17:00:00+02:00,351,339,348
2015-05-16 18:00:00+02:00,176,273,200
2015-05-16 19:00:00+02:00,58,127,76
2015-05-16 20:00:00+02:00,7,15,9
2015-05-16 21:00:00+02:00,0,0,0
2015-05-16 22:00:00+02:00,0,0,0
2015-05-16 23:00:00+02:00,0,0,0
2015-05-17 00:00:00+02:00,0,0,0
2015-05-17 01:00:00+02:00,0,0,0
2015-05-17 02:00:00+02:00,0,0,0
2015-05-17 03:00:00+02:00,0,0,0
2015-05-17 04:00:00+02:00,0,0,0
2015-05-17 05:00:00+02:00,1,3,1
2015-05-17 06:00:00+02:00,17,88,35
2015-05-17 07:00:00+02:00,112,189,131
2015-05-17 08:00:00+02:00,246,265,251
2015-05-17 09:00:00+02:00,372,323,360
2015-05-17 10:00:00+02:00,568,437,535
2015-05-17 11:00:00+02:00,487,393,464
2015-05-17 12:00:00+02:00,448,378,431
2015-05-17 13:00:00+02:00,735,576,695
2015-05-17 14:00:00+02:00,749,567,704
2015-05-17 15:00:00+02:00,572,438,538
2015-05-17 16:00:00+02:00,231,213,227
2015-05-17 17:00:00+02:00,219,220,219
2015-05-17 18:00:00+02:00,150,220,168
2015-05-17 19:00:00+02:00,33,38,34
2015-05-17 20:00:00+02:00,0,0,0
2015-05-17 21:00:00+02:00,0,0,0
2015-05-17 22:00:00+02:00,0,0,0
2015-05-17 23:00:00+02:00,0,0,0
2015-05-18 00:00:00+02:00,0,0,0
2015-05-18 01:00:00+02:00,0,0,0
2015-05-18 02:00:00+02:00,0,0,0
2015-05-18 03:00:00+02:00,0,0,0
2015-05-18 04:00:00+02:00,0,0,0
2015-05-18 05:00:00+02:00,0,0,0
2015-05-18 06:00:00+02:00,11,14,12
2015-05-18 07:00:00+02:00,86,141,100
2015-05-18 08:00:00+02:00,269,308,278
2015-05-18 09:00:00+02:00,388,337,375
2015-05-18 10:00:00+02:00,528,409,498
2015-05-18 11:00:00+02:00,666,508,627
2015-05-18 12:00:00+02:00,381,333,369
2015-05-18 13:00:00+02:00,539,418,509
2015-05-18 14:00:00+02:00,684,518,642
2015-05-18 15:00:00+02:00,562,440,532
2015-05-18 16:00:00+02:00,300,262,290
2015-05-18 17:00:00+02:00,263,242,258
2015-05-18 18:00:00+02:00,176,232,190
2015-05-18 19:00:00+02:00,47,173,78
2015-05-18 20:00:00+02:00,7,25,12
2015-05-18 21:00:00+02:00,0,0,0
2015-05-18 22:00:00+02:00,0,0,0
2015-05-18 23:00:00+02:00,0,0,0
2015-05-19 00:00:00+02:00,0,0,0
2015-05-19 01:00:00+02:00,0,0,0
2015-05-19 02:00:00+02:00,0,0,0
2015-05-19 03:00:00+02:00,0,0,0
2015-05-19 04:00:00+02:00,0,0,0
2015-05-19 05:00:00+02:00,1,4,2
2015-05-19 06:00:00+02:00,30,80,43
2015-05-19 07:00:00+02:00,106,237,138
2015-05-19 08:00:00+02:00,290,335,302
2015-05-19 09:00:00+02:00,460,376,439
2015-05-19 10:00:00+02:00,612,451,572
2015-05-19 11:00:00+02:00,739,536,688
2015-05-19 12:00:00+02:00,741,537,690
2015-05-19 13:00:00+02:00,635,492,599
2015-05-19 14:00:00+02:00,662,506,623
2015-05-19 15:00:00+02:00,441,367,422
2015-05-19 16:00:00+02:00,283,257,277
2015-05-19 17:00:00+02:00,275,269,274
2015-05-19 18:00:00+02:00,146,214,163
2015-05-19 19:00:00+02:00,62,133,80
2015-05-19 20:00:00+02:00,15,33,19
2015-05-19 21:00:00+02:00,0,0,0
2015-05-19 22:00:00+02:00,0,0,0
2015-05-19 23:00:00+02:00,0,0,0
2015-05-20 00:00:00+02:00,0,0,0
2015-05-20 01:00:00+02:00,0,0,0
2015-05-20 02:00:00+02:00,0,0,0
2015-05-20 03:00:00+02:00,0,0,0
2015-05-20 04:00:00+02:00,0,0,0
2015-05-20 05:00:00+02:00,2,5,3
2015-05-20 06:00:00+02:00,28,111,49
2015-05-20 07:00:00+02:00,100,254,138
2015-05-20 08:00:00+02:00,262,307,273
2015-05-20 09:00:00+02:00,364,314,351
2015-05-20 10:00:00+02:00,453,368,432
2015-05-20 11:00:00+02:00,549,433,520
2015-05-20 12:00:00+02:00,594,472,563
2015-05-20 13:00:00+02:00,559,443,530
2015-05-20 14:00:00+02:00,548,438,520
2015-05-20 15:00:00+02:00,470,376,446
2015-05-20 16:00:00+02:00,369,318,356
2015-05-20 17:00:00+02:00,294,296,295
2015-05-20 18:00:00+02:00,151,183,159
2015-05-20 19:00:00+02:00,45,60,49
2015-05-20 20:00:00+02:00,8,9,8
2015-05-20 21:00:00+02:00,0,0,0
2015-05-20 22:00:00+02:00,0,0,0
2015-05-20 23:00:00+02:00,0,0,0
2015-05-21 00:00:00+02:00,0,0,0
2015-05-21 01:00:00+02:00,0,0,0
2015-05-21 02:00:00+02:00,0,0,0
2015-05-21 03:00:00+02:00,0,0,0
2015-05-21 04:00:00+02:00,0,0,0
2015-05-21 05:00:00+02:00,1,1,1
2015-05-21 06:00:00+02:00,19,21,20
2015-05-21 07:00:00+02:00,54,60,56
2015-05-21 08:00:00+02:00,165,168,166
2015-05-21 09:00:00+02:00,249,233,245
2015-05-21 10:00:00+02:00,140,134,139
2015-05-21 11:00:00+02:00,79,77,79
2015-05-21 12:00:00+02:00,176,168,174
2015-05-21 13:00:00+02:00,500,421,481
2015-05-21 14:00:00+02:00,491,402,469
2015-05-21 15:00:00+02:00,226,206,221
2015-05-21 16:00:00+02:00,245,222,239
2015-05-21 17:00:00+02:00,202,188,199
2015-05-21 18:00:00+02:00,85,89,86
2015-05-21 19:00:00+02:00,26,29,26
2015-05-21 20:00:00+02:00,1,3,2
2015-05-21 21:00:00+02:00,0,0,0
2015-05-21 22:00:00+02:00,0,0,0
2015-05-21 23:00:00+02:00,0,0,0
2015-05-22 00:00:00+02:00,0,0,0
2015-05-22 01:00:00+02:00,0,0,0
2015-05-22 02:00:00+02:00,0,0,0
2015-05-22 03:00:00+02:00,0,0,0
2015-05-22 04:00:00+02:00,0,0,0
2015-05-22 05:00:00+02:00,2,3,2
2015-05-22 06:00:00+02:00,13,13,13
2015-05-22 07:00:00+02:00,65,68,66
2015-05-22 08:00:00+02:00,112,114,113
2015-05-22 09:00:00+02:00,227,206,222
2015-05-22 10:00:00+02:00,389,334,375
2015-05-22 11:00:00+02:00,765,577,718
2015-05-22 12:00:00+02:00,735,557,690
2015-05-22 13:00:00+02:00,539,434,513
2015-05-22 14:00:00+02:00,546,429,517
2015-05-22 15:00:00+02:00,397,334,381
2015-05-22 16:00:00+02:00,372,315,358
2015-05-22 17:00:00+02:00,306,305,306
2015-05-22 18:00:00+02:00,144,166,150
2015-05-22 19:00:00+02:00,58,140,79
2015-05-22 20:00:00+02:00,10,29,15
2015-05-22 21:00:00+02:00,0,0,0
2015-05-22 22:00:00+02:00,0,0,0
2015-05-22 23:00:00+02:00,0,0,0
2015-05-23 00:00:00+02:00,0,0,0
2015-05-23 01:00:00+02:00,0,0,0
2015-05-23 02:00:00+02:00,0,0,0
2015-05-23 03:00:00+02:00,0,0,0
2015-05-23 04:00:00+02:00,0,0,0
2015-05-23 05:00:00+02:00,1,5,2
2015-05-23 06:00:00+02:00,19,132,47
2015-05-23 07:00:00+02:00,106,272,148
2015-05-23 08:00:00+02:00,270,312,281
2015-05-23 09:00:00+02:00,474,395,454
2015-05-23 10:00:00+02:00,603,454,566
2015-05-23 11:00:00+02:00,687,504,641
2015-05-23 12:00:00+02:00,687,525,647
2015-05-23 13:00:00+02:00,723,544,678
2015-05-23 14:00:00+02:00,706,517,659
2015-05-23 15:00:00+02:00,622,457,581
2015-05-23 16:00:00+02:00,522,400,492
2015-05-23 17:00:00+02:00,356,337,351
2015-05-23 18:00:00+02:00,175,217,185
2015-05-23 19:00:00+02:00,60,100,70
2015-05-23 20:00:00+02:00,1,1,1
2015-05-23 21:00:00+02:00,0,0,0
2015-05-23 22:00:00+02:00,0,0,0
2015-05-23 23:00:00+02:00,0,0,0
2015-05-24 00:00:00+02:00,0,0,0
2015-05-24 01:00:00+02:00,0,0,0
2015-05-24 02:00:00+02:00,0,0,0
2015-05-24 03:00:00+02:00,0,0,0
2015-05-24 04:00:00+02:00,0,0,0
2015-05-24 05:00:00+02:00,3,9,5
2015-05-24 06:00:00+02:00,27,132,53
2015-05-24 07:00:00+02:00,129,267,164
2015-05-24 08:00:00+02:00,304,349,315
2015-05-24 09:00:00+02:00,490,409,470
2015-05-24 10:00:00+02:00,647,490,608
2015-05-24 11:00:00+02:00,758,566,710
2015-05-24 12:00:00+02:00,815,605,763
2015-05-24 13:00:00+02:00,824,611,771
2015-05-24 14:00:00+02:00,772,573,722
2015-05-24 15:00:00+02:00,661,494,619
2015-05-24 16:00:00+02:00,528,412,499
2015-05-24 17:00:00+02:00,374,355,369
2015-05-24 18:00:00+02:00,196,287,219
2015-05-24 19:00:00+02:00,60,186,92
2015-05-24 20:00:00+02:00,15,36,20
2015-05-24 21:00:00+02:00,0,0,0
2015-05-24 22:00:00+02:00,0,0,0
2015-05-24 23:00:00+02:00,0,0,0
2015-05-25 00:00:00+02:00,0,0,0
2015-05-25 01:00:00+02:00,0,0,0
2015-05-25 02:00:00+02:00,0,0,0
2015-05-25 03:00:00+02:00,0,0,0
2015-05-25 04:00:00+02:00,0,0,0
2015-05-25 05:00:00+02:00,3,8,4
2015-05-25 06:00:00+02:00,33,100,50
2015-05-25 07:00:00+02:00,116,255,151
2015-05-25 08:00:00+02:00,290,336,302
2015-05-25 09:00:00+02:00,474,392,454
2015-05-25 10:00:00+02:00,632,474,592
2015-05-25 11:00:00+02:00,743,551,695
2015-05-25 12:00:00+02:00,791,587,740
2015-05-25 13:00:00+02:00,802,595,750
2015-05-25 14:00:00+02:00,768,570,718
2015-05-25 15:00:00+02:00,689,512,645
2015-05-25 16:00:00+02:00,554,429,523
2015-05-25 17:00:00+02:00,388,367,382
2015-05-25 18:00:00+02:00,195,298,221
2015-05-25 19:00:00+02:00,58,190,91
2015-05-25 20:00:00+02:00,12,33,17
2015-05-25 21:00:00+02:00,0,0,0
2015-05-25 22:00:00+02:00,0,0,0
2015-05-25 23:00:00+02:00,0,0,0
2015-05-26 00:00:00+02:00,0,0,0
2015-05-26 01:00:00+02:00,0,0,0
2015-05-26 02:00:00+02:00,0,0,0
2015-05-26 03:00:00+02:00,0,0,0
2015-05-26 04:00:00+02:00,0,0,0
2015-05-26 05:00:00+02:00,2,8,3
2015-05-26 06:00:00+02:00,32,103,50
2015-05-26 07:00:00+02:00,82,118,91
2015-05-26 08:00:00+02:00,103,105,103
2015-05-26 09:00:00+02:00,382,330,369
2015-05-26 10:00:00+02:00,587,461,555
2015-05-26 11:00:00+02:00,647,499,610
2015-05-26 12:00:00+02:00,691,542,654
2015-05-26 13:00:00+02:00,507,414,484
2015-05-26 14:00:00+02:00,360,321,350
2015-05-26 15:00:00+02:00,127,125,126
2015-05-26 16:00:00+02:00,143,140,142
2015-05-26 17:00:00+02:00,135,135,135
2015-05-26 18:00:00+02:00,63,66,64
2015-05-26 19:00:00+02:00,39,56,43
2015-05-26 20:00:00+02:00,3,3,3
2015-05-26 21:00:00+02:00,0,0,0
2015-05-26 22:00:00+02:00,0,0,0
2015-05-26 23:00:00+02:00,0,0,0
2015-05-27 00:00:00+02:00,0,0,0
2015-05-27 01:00:00+02:00,0,0,0
2015-05-27 02:00:00+02:00,0,0,0
2015-05-27 03:00:00+02:00,0,0,0
2015-05-27 04:00:00+02:00,0,0,0
2015-05-27 05:00:00+02:00,2,3,3
2015-05-27 06:00:00+02:00,38,150,66
2015-05-27 07:00:00+02:00,139,300,179
2015-05-27 08:00:00+02:00,297,348,310
2015-05-27 09:00:00+02:00,272,252,267
2015-05-27 10:00:00+02:00,194,187,192
2015-05-27 11:00:00+02:00,157,150,155
2015-05-27 12:00:00+02:00,144,139,143
2015-05-27 13:00:00+02:00,200,193,198
2015-05-27 14:00:00+02:00,375,330,364
2015-05-27 15:00:00+02:00,204,194,201
2015-05-27 16:00:00+02:00,200,194,199
2015-05-27 17:00:00+02:00,157,154,156
2015-05-27 18:00:00+02:00,105,132,112
2015-05-27 19:00:00+02:00,43,59,47
2015-05-27 20:00:00+02:00,7,8,8
2015-05-27 21:00:00+02:00,0,0,0
2015-05-27 22:00:00+02:00,0,0,0
2015-05-27 23:00:00+02:00,0,0,0
2015-05-28 00:00:00+02:00,0,0,0
2015-05-28 01:00:00+02:00,0,0,0
2015-05-28 02:00:00+02:00,0,0,0
2015-05-28 03:00:00+02:00,0,0,0
2015-05-28 04:00:00+02:00,0,0,0
2015-05-28 05:00:00+02:00,2,3,2
2015-05-28 06:00:00+02:00,32,107,51
2015-05-28 07:00:00+02:00,134,271,168
2015-05-28 08:00:00+02:00,297,349,310
2015-05-28 09:00:00+02:00,418,363,404
2015-05-28 10:00:00+02:00,609,479,577
2015-05-28 11:00:00+02:00,569,455,541
2015-05-28 12:00:00+02:00,374,326,362
2015-05-28 13:00:00+02:00,336,301,327
2015-05-28 14:00:00+02:00,169,163,167
2015-05-28 15:00:00+02:00,342,301,332
2015-05-28 16:00:00+02:00,229,208,224
2015-05-28 17:00:00+02:00,149,149,149
2015-05-28 18:00:00+02:00,161,241,181
2015-05-28 19:00:00+02:00,62,203,97
2015-05-28 20:00:00+02:00,16,49,24
2015-05-28 21:00:00+02:00,0,0,0
2015-05-28 22:00:00+02:00,0,0,0
2015-05-28 23:00:00+02:00,0,0,0
2015-05-29 00:00:00+02:00,0,0,0
2015-05-29 01:00:00+02:00,0,0,0
2015-05-29 02:00:00+02:00,0,0,0
2015-05-29 03:00:00+02:00,0,0,0
2015-05-29 04:00:00+02:00,0,0,0
2015-05-29 05:00:00+02:00,0,0,0
2015-05-29 06:00:00+02:00,6,6,6
2015-05-29 07:00:00+02:00,32,33,32
2015-05-29 08:00:00+02:00,179,181,179
2015-05-29 09:00:00+02:00,335,304,328
2015-05-29 10:00:00+02:00,483,398,462
2015-05-29 11:00:00+02:00,425,358,408
2015-05-29 12:00:00+02:00,459,363,435
2015-05-29 13:00:00+02:00,514,425,492
2015-05-29 14:00:00+02:00,551,443,524
2015-05-29 15:00:00+02:00,618,500,589
2015-05-29 16:00:00+02:00,555,445,528
2015-05-29 17:00:00+02:00,393,369,387
2015-05-29 18:00:00+02:00,200,308,227
2015-05-29 19:00:00+02:00,55,218,96
2015-05-29 20:00:00+02:00,13,46,22
2015-05-29 21:00:00+02:00,0,0,0
2015-05-29 22:00:00+02:00,0,0,0
2015-05-29 23:00:00+02:00,0,0,0
2015-05-30 00:00:00+02:00,0,0,0
2015-05-30 01:00:00+02:00,0,0,0
2015-05-30 02:00:00+02:00,0,0,0
2015-05-30 03:00:00+02:00,0,0,0
2015-05-30 04:00:00+02:00,0,0,0
2015-05-30 05:00:00+02:00,9,19,12
2015-05-30 06:00:00+02:00,29,151,59
2015-05-30 07:00:00+02:00,115,277,155
2015-05-30 08:00:00+02:00,299,347,311
2015-05-30 09:00:00+02:00,480,402,460
2015-05-30 10:00:00+02:00,638,485,599
2015-05-30 11:00:00+02:00,742,555,696
2015-05-30 12:00:00+02:00,800,597,749
2015-05-30 13:00:00+02:00,808,603,757
2015-05-30 14:00:00+02:00,759,568,711
2015-05-30 15:00:00+02:00,682,512,640
2015-05-30 16:00:00+02:00,552,432,522
2015-05-30 17:00:00+02:00,385,364,379
2015-05-30 18:00:00+02:00,199,301,224
2015-05-30 19:00:00+02:00,63,206,99
2015-05-30 20:00:00+02:00,17,51,25
2015-05-30 21:00:00+02:00,0,0,0
2015-05-30 22:00:00+02:00,0,0,0
2015-05-30 23:00:00+02:00,0,0,0
2015-05-31 00:00:00+02:00,0,0,0
2015-05-31 01:00:00+02:00,0,0,0
2015-05-31 02:00:00+02:00,0,0,0
2015-05-31 03:00:00+02:00,0,0,0
2015-05-31 04:00:00+02:00,0,0,0
2015-05-31 05:00:00+02:00,4,13,6
2015-05-31 06:00:00+02:00,27,147,57
2015-05-31 07:00:00+02:00,140,288,177
2015-05-31 08:00:00+02:00,311,360,323
2015-05-31 09:00:00+02:00,469,401,452
2015-05-31 10:00:00+02:00,405,339,389
2015-05-31 11:00:00+02:00,184,178,183
2015-05-31 12:00:00+02:00,88,87,88
2015-05-31 13:00:00+02:00,108,105,107
2015-05-31 14:00:00+02:00,113,111,112
2015-05-31 15:00:00+02:00,368,300,351
2015-05-31 16:00:00+02:00,331,288,320
2015-05-31 17:00:00+02:00,164,158,163
2015-05-31 18:00:00+02:00,32,32,32
2015-05-31 19:00:00+02:00,21,24,22
2015-05-31 20:00:00+02:00,1,1,1
2015-05-31 21:00:00+02:00,0,0,0
2015-05-31 22:00:00+02:00,0,0,0
2015-05-31 23:00:00+02:00,0,0,0
2015-06-01 00:00:00+02:00,0,0,0
2015-06-01 01:00:00+02:00,0,0,0
2015-06-01 02:00:00+02:00,0,0,0
2015-06-01 03:00:00+02:00,0,0,0
2015-06-01 04:00:00+02:00,0,0,0
2015-06-01 05:00:00+02:00,0,1,0
2015-06-01 06:00:00+02:00,6,7,6
2015-06-01 07:00:00+02:00,43,45,44
2015-06-01 08:00:00+02:00,145,155,148
2015-06-01 09:00:00+02:00,247,229,243
2015-06-01 10:00:00+02:00,399,344,385
2015-06-01 11:00:00+02:00,607,488,577
2015-06-01 12:00:00+02:00,568,450,538
2015-06-01 13:00:00+02:00,370,323,358
2015-06-01 14:00:00+02:00,413,349,397
2015-06-01 15:00:00+02:00,580,459,550
2015-06-01 16:00:00+02:00,549,452,525
2015-06-01 17:00:00+02:00,388,374,385
2015-06-01 18:00:00+02:00,207,305,232
2015-06-01 19:00:00+02:00,60,213,98
2015-06-01 20:00:00+02:00,13,54,23
2015-06-01 21:00:00+02:00,0,0,0
2015-06-01 22:00:00+02:00,0,0,0
2015-06-01 23:00:00+02:00,0,0,0
2015-06-02 00:00:00+02:00,0,0,0
2015-06-02 01:00:00+02:00,0,0,0
2015-06-02 02:00:00+02:00,0,0,0
2015-06-02 03:00:00+02:00,0,0,0
2015-06-02 04:00:00+02:00,0,0,0
2015-06-02 05:00:00+02:00,3,12,5
2015-06-02 06:00:00+02:00,23,154,56
2015-06-02 07:00:00+02:00,145,279,178
2015-06-02 08:00:00+02:00,309,365,323
2015-06-02 09:00:00+02:00,500,420,481
2015-06-02 10:00:00+02:00,649,495,611
2015-06-02 11:00:00+02:00,757,570,710
2015-06-02 12:00:00+02:00,820,615,769
2015-06-02 13:00:00+02:00,824,618,772
2015-06-02 14:00:00+02:00,786,590,737
2015-06-02 15:00:00+02:00,704,531,661
2015-06-02 16:00:00+02:00,578,452,546
2015-06-02 17:00:00+02:00,402,379,396
2015-06-02 18:00:00+02:00,210,319,237
2015-06-02 19:00:00+02:00,66,221,105
2015-06-02 20:00:00+02:00,21,58,30
2015-06-02 21:00:00+02:00,0,0,0
2015-06-02 22:00:00+02:00,0,0,0
2015-06-02 23:00:00+02:00,0,0,0
2015-06-03 00:00:00+02:00,0,0,0
2015-06-03 01:00:00+02:00,0,0,0
2015-06-03 02:00:00+02:00,0,0,0
2015-06-03 03:00:00+02:00,0,0,0
2015-06-03 04:00:00+02:00,0,0,0
2015-06-03 05:00:00+02:00,3,12,5
2015-06-03 06:00:00+02:00,35,146,63
2015-06-03 07:00:00+02:00,128,280,166
2015-06-03 08:00:00+02:00,305,357,318
2015-06-03 09:00:00+02:00,490,413,471
2015-06-03 10:00:00+02:00,641,491,604
2015-06-03 11:00:00+02:00,747,562,701
2015-06-03 12:00:00+02:00,804,604,754
2015-06-03 13:00:00+02:00,796,597,746
2015-06-03 14:00:00+02:00,709,533,665
2015-06-03 15:00:00+02:00,686,518,644
2015-06-03 16:00:00+02:00,548,430,518
2015-06-03 17:00:00+02:00,382,361,377
2015-06-03 18:00:00+02:00,198,296,222
2015-06-03 19:00:00+02:00,61,186,92
2015-06-03 20:00:00+02:00,18,31,21
2015-06-03 21:00:00+02:00,0,0,0
2015-06-03 22:00:00+02:00,0,0,0
2015-06-03 23:00:00+02:00,0,0,0
2015-06-04 00:00:00+02:00,0,0,0
2015-06-04 01:00:00+02:00,0,0,0
2015-06-04 02:00:00+02:00,0,0,0
2015-06-04 03:00:00+02:00,0,0,0
2015-06-04 04:00:00+02:00,0,0,0
2015-06-04 05:00:00+02:00,5,15,8
2015-06-04 06:00:00+02:00,26,134,53
2015-06-04 07:00:00+02:00,119,270,157
2015-06-04 08:00:00+02:00,300,345,311
2015-06-04 09:00:00+02:00,476,405,458
2015-06-04 10:00:00+02:00,623,482,588
2015-06-04 11:00:00+02:00,731,555,687
2015-06-04 12:00:00+02:00,787,595,739
2015-06-04 13:00:00+02:00,795,601,747
2015-06-04 14:00:00+02:00,749,567,703
2015-06-04 15:00:00+02:00,656,500,617
2015-06-04 16:00:00+02:00,544,433,516
2015-06-04 17:00:00+02:00,380,360,375
2015-06-04 18:00:00+02:00,196,280,217
2015-06-04 19:00:00+02:00,68,189,99
2015-06-04 20:00:00+02:00,17,47,24
2015-06-04 21:00:00+02:00,0,0,0
2015-06-04 22:00:00+02:00,0,0,0
2015-06-04 23:00:00+02:00,0,0,0
2015-06-05 00:00:00+02:00,0,0,0
2015-06-05 01:00:00+02:00,0,0,0
2015-06-05 02:00:00+02:00,0,0,0
2015-06-05 03:00:00+02:00,0,0,0
2015-06-05 04:00:00+02:00,0,0,0
2015-06-05 05:00:00+02:00,6,17,9
2015-06-05 06:00:00+02:00,32,122,55
2015-06-05 07:00:00+02:00,106,268,147
2015-06-05 08:00:00+02:00,290,342,303
2015-06-05 09:00:00+02:00,474,397,455
2015-06-05 10:00:00+02:00,627,478,590
2015-06-05 11:00:00+02:00,737,553,691
2015-06-05 12:00:00+02:00,770,576,721
2015-06-05 13:00:00+02:00,664,517,627
2015-06-05 14:00:00+02:00,607,482,576
2015-06-05 15:00:00+02:00,537,436,512
2015-06-05 16:00:00+02:00,467,388,447
2015-06-05 17:00:00+02:00,322,315,320
2015-06-05 18:00:00+02:00,198,282,218
2015-06-05 19:00:00+02:00,59,172,88
2015-06-05 20:00:00+02:00,15,21,16
2015-06-05 21:00:00+02:00,0,0,0
2015-06-05 22:00:00+02:00,0,0,0
2015-06-05 23:00:00+02:00,0,0,0
2015-06-06 00:00:00+02:00,0,0,0
2015-06-06 01:00:00+02:00,0,0,0
2015-06-06 02:00:00+02:00,0,0,0
2015-06-06 03:00:00+02:00,0,0,0
2015-06-06 04:00:00+02:00,0,0,0
2015-06-06 05:00:00+02:00,5,15,7
2015-06-06 06:00:00+02:00,28,150,59
2015-06-06 07:00:00+02:00,136,286,174
2015-06-06 08:00:00+02:00,302,359,316
2015-06-06 09:00:00+02:00,457,389,440
2015-06-06 10:00:00+02:00,599,473,568
2015-06-06 11:00:00+02:00,727,557,684
2015-06-06 12:00:00+02:00,781,605,737
2015-06-06 13:00:00+02:00,470,387,450
2015-06-06 14:00:00+02:00,199,180,194
2015-06-06 15:00:00+02:00,115,113,114
2015-06-06 16:00:00+02:00,67,66,66
2015-06-06 17:00:00+02:00,77,77,77
2015-06-06 18:00:00+02:00,66,67,66
2015-06-06 19:00:00+02:00,27,27,27
2015-06-06 20:00:00+02:00,9,11,9
2015-06-06 21:00:00+02:00,0,0,0
2015-06-06 22:00:00+02:00,0,0,0
2015-06-06 23:00:00+02:00,0,0,0
2015-06-07 00:00:00+02:00,0,0,0
2015-06-07 01:00:00+02:00,0,0,0
2015-06-07 02:00:00+02:00,0,0,0
2015-06-07 03:00:00+02:00,0,0,0
2015-06-07 04:00:00+02:00,0,0,0
2015-06-07 05:00:00+02:00,0,0,0
2015-06-07 06:00:00+02:00,9,14,10
2015-06-07 07:00:00+02:00,45,47,46
2015-06-07 08:00:00+02:00,79,80,79
2015-06-07 09:00:00+02:00,125,123,125
2015-06-07 10:00:00+02:00,218,196,212
2015-06-07 11:00:00+02:00,370,320,357
2015-06-07 12:00:00+02:00,460,388,442
2015-06-07 13:00:00+02:00,487,413,468
2015-06-07 14:00:00+02:00,423,354,406
2015-06-07 15:00:00+02:00,477,384,454
2015-06-07 16:00:00+02:00,485,400,463
2015-06-07 17:00:00+02:00,336,317,331
2015-06-07 18:00:00+02:00,164,242,183
2015-06-07 19:00:00+02:00,69,158,92
2015-06-07 20:00:00+02:00,24,50,30
2015-06-07 21:00:00+02:00,0,0,0
2015-06-07 22:00:00+02:00,0,0,0
2015-06-07 23:00:00+02:00,0,0,0
2015-06-08 00:00:00+02:00,0,0,0
2015-06-08 01:00:00+02:00,0,0,0
2015-06-08 02:00:00+02:00,0,0,0
2015-06-08 03:00:00+02:00,0,0,0
2015-06-08 04:00:00+02:00,0,0,0
2015-06-08 05:00:00+02:00,7,16,10
2015-06-08 06:00:00+02:00,36,41,37
2015-06-08 07:00:00+02:00,80,90,83
2015-06-08 08:00:00+02:00,118,119,118
2015-06-08 09:00:00+02:00,87,86,87
2015-06-08 10:00:00+02:00,86,85,86
2015-06-08 11:00:00+02:00,102,100,102
2015-06-08 12:00:00+02:00,96,95,96
2015-06-08 13:00:00+02:00,125,123,125
2015-06-08 14:00:00+02:00,151,148,150
2015-06-08 15:00:00+02:00,108,106,107
2015-06-08 16:00:00+02:00,107,104,106
2015-06-08 17:00:00+02:00,86,86,86
2015-06-08 18:00:00+02:00,58,59,58
2015-06-08 19:00:00+02:00,54,61,56
2015-06-08 20:00:00+02:00,7,7,7
2015-06-08 21:00:00+02:00,0,0,0
2015-06-08 22:00:00+02:00,0,0,0
2015-06-08 23:00:00+02:00,0,0,0
2015-06-09 00:00:00+02:00,0,0,0
2015-06-09 01:00:00+02:00,0,0,0
2015-06-09 02:00:00+02:00,0,0,0
2015-06-09 03:00:00+02:00,0,0,0
2015-06-09 04:00:00+02:00,0,0,0
2015-06-09 05:00:00+02:00,8,12,9
2015-06-09 06:00:00+02:00,34,130,58
2015-06-09 07:00:00+02:00,127,274,164
2015-06-09 08:00:00+02:00,286,339,299
2015-06-09 09:00:00+02:00,425,370,412
2015-06-09 10:00:00+02:00,571,447,540
2015-06-09 11:00:00+02:00,580,464,551
2015-06-09 12:00:00+02:00,637,503,603
2015-06-09 13:00:00+02:00,731,570,691
2015-06-09 14:00:00+02:00,720,546,677
2015-06-09 15:00:00+02:00,577,463,548
2015-06-09 16:00:00+02:00,447,381,431
2015-06-09 17:00:00+02:00,311,300,308
2015-06-09 18:00:00+02:00,195,257,211
2015-06-09 19:00:00+02:00,70,194,101
2015-06-09 20:00:00+02:00,14,63,26
2015-06-09 21:00:00+02:00,0,0,0
2015-06-09 22:00:00+02:00,0,0,0
2015-06-09 23:00:00+02:00,0,0,0
2015-06-10 00:00:00+02:00,0,0,0
2015-06-10 01:00:00+02:00,0,0,0
2015-06-10 02:00:00+02:00,0,0,0
2015-06-10 03:00:00+02:00,0,0,0
2015-06-10 04:00:00+02:00,0,0,0
2015-06-10 05:00:00+02:00,7,18,10
2015-06-10 06:00:00+02:00,42,119,61
2015-06-10 07:00:00+02:00,87,114,94
2015-06-10 08:00:00+02:00,86,86,86
2015-06-10 09:00:00+02:00,196,191,195
2015-06-10 10:00:00+02:00,412,357,398
2015-06-10 11:00:00+02:00,398,342,384
2015-06-10 12:00:00+02:00,133,130,133
2015-06-10 13:00:00+02:00,190,182,188
2015-06-10 14:00:00+02:00,207,199,205
2015-06-10 15:00:00+02:00,221,213,219
2015-06-10 16:00:00+02:00,130,128,130
2015-06-10 17:00:00+02:00,68,67,68
2015-06-10 18:00:00+02:00,56,58,56
2015-06-10 19:00:00+02:00,69,84,73
2015-06-10 20:00:00+02:00,24,40,28
2015-06-10 21:00:00+02:00,0,0,0
2015-06-10 22:00:00+02:00,0,0,0
2015-06-10 23:00:00+02:00,0,0,0
2015-06-11 00:00:00+02:00,0,0,0
2015-06-11 01:00:00+02:00,0,0,0
2015-06-11 02:00:00+02:00,0,0,0
2015-06-11 03:00:00+02:00,0,0,0
2015-06-11 04:00:00+02:00,0,0,0
2015-06-11 05:00:00+02:00,5,14,8
2015-06-11 06:00:00+02:00,45,79,53
2015-06-11 07:00:00+02:00,98,142,109
2015-06-11 08:00:00+02:00,212,224,215
2015-06-11 09:00:00+02:00,210,196,207
2015-06-11 10:00:00+02:00,219,197,214
2015-06-11 11:00:00+02:00,290,270,285
2015-06-11 12:00:00+02:00,203,195,201
2015-06-11 13:00:00+02:00,91,89,91
2015-06-11 14:00:00+02:00,154,150,153
2015-06-11 15:00:00+02:00,483,382,458
2015-06-11 16:00:00+02:00,521,428,498
2015-06-11 17:00:00+02:00,377,346,369
2015-06-11 18:00:00+02:00,214,299,235
2015-06-11 19:00:00+02:00,83,202,113
2015-06-11 20:00:00+02:00,21,53,29
2015-06-11 21:00:00+02:00,0,0,0
2015-06-11 22:00:00+02:00,0,0,0
2015-06-11 23:00:00+02:00,0,0,0
2015-06-12 00:00:00+02:00,0,0,0
2015-06-12 01:00:00+02:00,0,0,0
2015-06-12 02:00:00+02:00,0,0,0
2015-06-12 03:00:00+02:00,0,0,0
2015-06-12 04:00:00+02:00,0,0,0
2015-06-12 05:00:00+02:00,3,15,6
2015-06-12 06:00:00+02:00,36,156,66
2015-06-12 07:00:00+02:00,128,273,164
2015-06-12 08:00:00+02:00,283,328,294
2015-06-12 09:00:00+02:00,422,369,409
2015-06-12 10:00:00+02:00,539,438,514
2015-06-12 11:00:00+02:00,594,480,565
2015-06-12 12:00:00+02:00,528,435,505
2015-06-12 13:00:00+02:00,353,323,345
2015-06-12 14:00:00+02:00,371,324,359
2015-06-12 15:00:00+02:00,552,443,525
2015-06-12 16:00:00+02:00,364,318,352
2015-06-12 17:00:00+02:00,329,316,326
2015-06-12 18:00:00+02:00,189,254,205
2015-06-12 19:00:00+02:00,71,152,91
2015-06-12 20:00:00+02:00,12,19,13
2015-06-12 21:00:00+02:00,0,0,0
2015-06-12 22:00:00+02:00,0,0,0
2015-06-12 23:00:00+02:00,0,0,0
2015-06-13 00:00:00+02:00,0,0,0
2015-06-13 01:00:00+02:00,0,0,0
2015-06-13 02:00:00+02:00,0,0,0
2015-06-13 03:00:00+02:00,0,0,0
2015-06-13 04:00:00+02:00,0,0,0
2015-06-13 05:00:00+02:00,2,2,2
2015-06-13 06:00:00+02:00,27,31,28
2015-06-13 07:00:00+02:00,108,148,118
2015-06-13 08:00:00+02:00,289,336,301
2015-06-13 09:00:00+02:00,362,322,352
2015-06-13 10:00:00+02:00,254,236,250
2015-06-13 11:00:00+02:00,325,296,318
2015-06-13 12:00:00+02:00,364,325,355
2015-06-13 13:00:00+02:00,487,410,468
2015-06-13 14:00:00+02:00,483,393,461
2015-06-13 15:00:00+02:00,426,363,410
2015-06-13 16:00:00+02:00,368,317,355
2015-06-13 17:00:00+02:00,307,307,307
2015-06-13 18:00:00+02:00,202,269,219
2015-06-13 19:00:00+02:00,59,173,88
2015-06-13 20:00:00+02:00,23,63,33
2015-06-13 21:00:00+02:00,0,0,0
2015-06-13 22:00:00+02:00,0,0,0
2015-06-13 23:00:00+02:00,0,0,0
2015-06-14 00:00:00+02:00,0,0,0
2015-06-14 01:00:00+02:00,0,0,0
2015-06-14 02:00:00+02:00,0,0,0
2015-06-14 03:00:00+02:00,0,0,0
2015-06-14 04:00:00+02:00,0,0,0
2015-06-14 05:00:00+02:00,0,0,0
2015-06-14 06:00:00+02:00,7,8,7
2015-06-14 07:00:00+02:00,35,37,36
2015-06-14 08:00:00+02:00,135,140,137
2015-06-14 09:00:00+02:00,169,151,164
2015-06-14 10:00:00+02:00,145,136,143
2015-06-14 11:00:00+02:00,335,279,321
2015-06-14 12:00:00+02:00,470,392,451
2015-06-14 13:00:00+02:00,587,476,559
2015-06-14 14:00:00+02:00,452,384,435
2015-06-14 15:00:00+02:00,235,224,232
2015-06-14 16:00:00+02:00,308,285,302
2015-06-14 17:00:00+02:00,375,352,369
2015-06-14 18:00:00+02:00,209,308,234
2015-06-14 19:00:00+02:00,74,191,103
2015-06-14 20:00:00+02:00,22,43,28
2015-06-14 21:00:00+02:00,0,0,0
2015-06-14 22:00:00+02:00,0,0,0
2015-06-14 23:00:00+02:00,0,0,0
2015-06-15 00:00:00+02:00,0,0,0
2015-06-15 01:00:00+02:00,0,0,0
2015-06-15 02:00:00+02:00,0,0,0
2015-06-15 03:00:00+02:00,0,0,0
2015-06-15 04:00:00+02:00,0,0,0
2015-06-15 05:00:00+02:00,8,16,10
2015-06-15 06:00:00+02:00,43,101,58
2015-06-15 07:00:00+02:00,104,229,135
2015-06-15 08:00:00+02:00,252,294,262
2015-06-15 09:00:00+02:00,323,290,315
2015-06-15 10:00:00+02:00,412,350,397
2015-06-15 11:00:00+02:00,487,403,466
2015-06-15 12:00:00+02:00,580,470,552
2015-06-15 13:00:00+02:00,650,511,615
2015-06-15 14:00:00+02:00,595,473,565
2015-06-15 15:00:00+02:00,426,359,410
2015-06-15 16:00:00+02:00,189,184,188
2015-06-15 17:00:00+02:00,160,159,160
2015-06-15 18:00:00+02:00,71,72,71
2015-06-15 19:00:00+02:00,42,54,45
2015-06-15 20:00:00+02:00,8,8,8
2015-06-15 21:00:00+02:00,0,0,0
2015-06-15 22:00:00+02:00,0,0,0
2015-06-15 23:00:00+02:00,0,0,0
2015-06-16 00:00:00+02:00,0,0,0
2015-06-16 01:00:00+02:00,0,0,0
2015-06-16 02:00:00+02:00,0,0,0
2015-06-16 03:00:00+02:00,0,0,0
2015-06-16 04:00:00+02:00,0,0,0
2015-06-16 05:00:00+02:00,5,15,8
2015-06-16 06:00:00+02:00,33,145,61
2015-06-16 07:00:00+02:00,106,246,141
2015-06-16 08:00:00+02:00,266,314,278
2015-06-16 09:00:00+02:00,399,351,387
2015-06-16 10:00:00+02:00,396,342,383
2015-06-16 11:00:00+02:00,284,258,277
2015-06-16 12:00:00+02:00,390,348,380
2015-06-16 13:00:00+02:00,452,383,435
2015-06-16 14:00:00+02:00,450,378,432
2015-06-16 15:00:00+02:00,374,327,363
2015-06-16 16:00:00+02:00,264,245,259
2015-06-16 17:00:00+02:00,145,145,145
2015-06-16 18:00:00+02:00,73,74,74
2015-06-16 19:00:00+02:00,22,23,22
2015-06-16 20:00:00+02:00,8,8,8
2015-06-16 21:00:00+02:00,0,0,0
2015-06-16 22:00:00+02:00,0,0,0
2015-06-16 23:00:00+02:00,0,0,0
2015-06-17 00:00:00+02:00,0,0,0
2015-06-17 01:00:00+02:00,0,0,0
2015-06-17 02:00:00+02:00,0,0,0
2015-06-17 03:00:00+02:00,0,0,0
2015-06-17 04:00:00+02:00,0,0,0
2015-06-17 05:00:00+02:00,6,11,7
2015-06-17 06:00:00+02:00,37,141,63
2015-06-17 07:00:00+02:00,120,277,159
2015-06-17 08:00:00+02:00,306,364,321
2015-06-17 09:00:00+02:00,483,415,466
2015-06-17 10:00:00+02:00,549,447,523
2015-06-17 11:00:00+02:00,568,457,540
2015-06-17 12:00:00+02:00,589,483,562
2015-06-17 13:00:00+02:00,651,518,618
2015-06-17 14:00:00+02:00,614,500,586
2015-06-17 15:00:00+02:00,527,436,504
2015-06-17 16:00:00+02:00,375,326,363
2015-06-17 17:00:00+02:00,245,237,243
2015-06-17 18:00:00+02:00,112,119,114
2015-06-17 19:00:00+02:00,53,80,60
2015-06-17 20:00:00+02:00,23,27,24
2015-06-17 21:00:00+02:00,0,0,0
2015-06-17 22:00:00+02:00,0,0,0
2015-06-17 23:00:00+02:00,0,0,0
2015-06-18 00:00:00+02:00,0,0,0
2015-06-18 01:00:00+02:00,0,0,0
2015-06-18 02:00:00+02:00,0,0,0
2015-06-18 03:00:00+02:00,0,0,0
2015-06-18 04:00:00+02:00,0,0,0
2015-06-18 05:00:00+02:00,3,3,3
2015-06-18 06:00:00+02:00,16,16,16
2015-06-18 07:00:00+02:00,43,45,44
2015-06-18 08:00:00+02:00,117,118,117
2015-06-18 09:00:00+02:00,172,168,171
2015-06-18 10:00:00+02:00,388,328,373
2015-06-18 11:00:00+02:00,496,418,477
2015-06-18 12:00:00+02:00,587,485,561
2015-06-18 13:00:00+02:00,307,290,303
2015-06-18 14:00:00+02:00,182,177,181
2015-06-18 15:00:00+02:00,306,264,296
2015-06-18 16:00:00+02:00,352,310,341
2015-06-18 17:00:00+02:00,262,247,258
2015-06-18 18:00:00+02:00,207,291,228
2015-06-18 19:00:00+02:00,71,125,84
2015-06-18 20:00:00+02:00,26,32,27
2015-06-18 21:00:00+02:00,0,1,0
2015-06-18 22:00:00+02:00,0,0,0
2015-06-18 23:00:00+02:00,0,0,0
2015-06-19 00:00:00+02:00,0,0,0
2015-06-19 01:00:00+02:00,0,0,0
2015-06-19 02:00:00+02:00,0,0,0
2015-06-19 03:00:00+02:00,0,0,0
2015-06-19 04:00:00+02:00,0,0,0
2015-06-19 05:00:00+02:00,4,5,5
2015-06-19 06:00:00+02:00,10,10,10
2015-06-19 07:00:00+02:00,24,25,24
2015-06-19 08:00:00+02:00,73,74,74
2015-06-19 09:00:00+02:00,88,88,88
2015-06-19 10:00:00+02:00,241,224,237
2015-06-19 11:00:00+02:00,348,313,339
2015-06-19 12:00:00+02:00,291,263,284
2015-06-19 13:00:00+02:00,345,305,335
2015-06-19 14:00:00+02:00,140,138,140
2015-06-19 15:00:00+02:00,130,127,130
2015-06-19 16:00:00+02:00,72,71,72
2015-06-19 17:00:00+02:00,59,59,59
2015-06-19 18:00:00+02:00,42,43,42
2015-06-19 19:00:00+02:00,15,16,15
2015-06-19 20:00:00+02:00,2,3,2
2015-06-19 21:00:00+02:00,0,0,0
2015-06-19 22:00:00+02:00,0,0,0
2015-06-19 23:00:00+02:00,0,0,0
2015-06-20 00:00:00+02:00,0,0,0
2015-06-20 01:00:00+02:00,0,0,0
2015-06-20 02:00:00+02:00,0,0,0
2015-06-20 03:00:00+02:00,0,0,0
2015-06-20 04:00:00+02:00,0,0,0
2015-06-20 05:00:00+02:00,0,0,0
2015-06-20 06:00:00+02:00,12,13,12
2015-06-20 07:00:00+02:00,31,31,31
2015-06-20 08:00:00+02:00,64,64,64
2015-06-20 09:00:00+02:00,179,170,177
2015-06-20 10:00:00+02:00,346,309,337
2015-06-20 11:00:00+02:00,490,397,467
2015-06-20 12:00:00+02:00,386,347,376
2015-06-20 13:00:00+02:00,326,300,319
2015-06-20 14:00:00+02:00,238,224,234
2015-06-20 15:00:00+02:00,234,209,228
2015-06-20 16:00:00+02:00,261,239,255
2015-06-20 17:00:00+02:00,263,253,260
2015-06-20 18:00:00+02:00,165,194,172
2015-06-20 19:00:00+02:00,57,131,76
2015-06-20 20:00:00+02:00,25,51,31
2015-06-20 21:00:00+02:00,0,1,1
2015-06-20 22:00:00+02:00,0,0,0
2015-06-20 23:00:00+02:00,0,0,0
2015-06-21 00:00:00+02:00,0,0,0
2015-06-21 01:00:00+02:00,0,0,0
2015-06-21 02:00:00+02:00,0,0,0
2015-06-21 03:00:00+02:00,0,0,0
2015-06-21 04:00:00+02:00,0,0,0
2015-06-21 05:00:00+02:00,8,10,8
2015-06-21 06:00:00+02:00,20,20,20
2015-06-21 07:00:00+02:00,13,14,13
2015-06-21 08:00:00+02:00,26,26,26
2015-06-21 09:00:00+02:00,43,43,43
2015-06-21 10:00:00+02:00,95,92,94
2015-06-21 11:00:00+02:00,94,93,94
2015-06-21 12:00:00+02:00,75,74,75
2015-06-21 13:00:00+02:00,86,84,86
2015-06-21 14:00:00+02:00,76,75,76
2015-06-21 15:00:00+02:00,76,74,76
2015-06-21 16:00:00+02:00,93,90,92
2015-06-21 17:00:00+02:00,78,77,78
2015-06-21 18:00:00+02:00,44,46,44
2015-06-21 19:00:00+02:00,26,28,27
2015-06-21 20:00:00+02:00,15,16,15
2015-06-21 21:00:00+02:00,1,1,1
2015-06-21 22:00:00+02:00,0,0,0
2015-06-21 23:00:00+02:00,0,0,0
2015-06-22 00:00:00+02:00,0,0,0
2015-06-22 01:00:00+02:00,0,0,0
2015-06-22 02:00:00+02:00,0,0,0
2015-06-22 03:00:00+02:00,0,0,0
2015-06-22 04:00:00+02:00,0,0,0
2015-06-22 05:00:00+02:00,5,6,6
2015-06-22 06:00:00+02:00,5,5,5
2015-06-22 07:00:00+02:00,28,31,29
2015-06-22 08:00:00+02:00,52,52,52
2015-06-22 09:00:00+02:00,108,106,107
2015-06-22 10:00:00+02:00,192,186,190
2015-06-22 11:00:00+02:00,145,142,145
2015-06-22 12:00:00+02:00,146,142,145
2015-06-22 13:00:00+02:00,167,162,166
2015-06-22 14:00:00+02:00,156,151,154
2015-06-22 15:00:00+02:00,163,159,162
2015-06-22 16:00:00+02:00,109,106,108
2015-06-22 17:00:00+02:00,86,86,86
2015-06-22 18:00:00+02:00,77,80,78
2015-06-22 19:00:00+02:00,58,63,60
2015-06-22 20:00:00+02:00,24,29,25
2015-06-22 21:00:00+02:00,1,1,1
2015-06-22 22:00:00+02:00,0,0,0
2015-06-22 23:00:00+02:00,0,0,0
2015-06-23 00:00:00+02:00,0,0,0
2015-06-23 01:00:00+02:00,0,0,0
2015-06-23 02:00:00+02:00,0,0,0
2015-06-23 03:00:00+02:00,0,0,0
2015-06-23 04:00:00+02:00,0,0,0
2015-06-23 05:00:00+02:00,0,1,0
2015-06-23 06:00:00+02:00,29,68,39
2015-06-23 07:00:00+02:00,98,219,128
2015-06-23 08:00:00+02:00,208,222,211
2015-06-23 09:00:00+02:00,249,238,246
2015-06-23 10:00:00+02:00,358,316,347
2015-06-23 11:00:00+02:00,485,404,465
2015-06-23 12:00:00+02:00,628,496,595
2015-06-23 13:00:00+02:00,665,536,633
2015-06-23 14:00:00+02:00,629,499,597
2015-06-23 15:00:00+02:00,635,500,602
2015-06-23 16:00:00+02:00,454,388,438
2015-06-23 17:00:00+02:00,302,298,301
2015-06-23 18:00:00+02:00,152,185,160
2015-06-23 19:00:00+02:00,70,185,99
2015-06-23 20:00:00+02:00,26,95,43
2015-06-23 21:00:00+02:00,1,2,1
2015-06-23 22:00:00+02:00,0,0,0
2015-06-23 23:00:00+02:00,0,0,0
2015-06-24 00:00:00+02:00,0,0,0
2015-06-24 01:00:00+02:00,0,0,0
2015-06-24 02:00:00+02:00,0,0,0
2015-06-24 03:00:00+02:00,0,0,0
2015-06-24 04:00:00+02:00,0,0,0
2015-06-24 05:00:00+02:00,9,19,11
2015-06-24 06:00:00+02:00,21,166,58
2015-06-24 07:00:00+02:00,127,296,169
2015-06-24 08:00:00+02:00,314,373,329
2015-06-24 09:00:00+02:00,428,382,416
2015-06-24 10:00:00+02:00,378,330,366
2015-06-24 11:00:00+02:00,258,239,254
2015-06-24 12:00:00+02:00,186,181,185
2015-06-24 13:00:00+02:00,378,319,364
2015-06-24 14:00:00+02:00,347,306,336
2015-06-24 15:00:00+02:00,455,384,438
2015-06-24 16:00:00+02:00,512,421,489
2015-06-24 17:00:00+02:00,266,266,266
2015-06-24 18:00:00+02:00,155,172,159
2015-06-24 19:00:00+02:00,69,124,83
2015-06-24 20:00:00+02:00,32,55,37
2015-06-24 21:00:00+02:00,1,1,1
2015-06-24 22:00:00+02:00,0,0,0
2015-06-24 23:00:00+02:00,0,0,0
2015-06-25 00:00:00+02:00,0,0,0
2015-06-25 01:00:00+02:00,0,0,0
2015-06-25 02:00:00+02:00,0,0,0
2015-06-25 03:00:00+02:00,0,0,0
2015-06-25 04:00:00+02:00,0,0,0
2015-06-25 05:00:00+02:00,7,9,7
2015-06-25 06:00:00+02:00,39,88,51
2015-06-25 07:00:00+02:00,112,195,133
2015-06-25 08:00:00+02:00,227,237,229
2015-06-25 09:00:00+02:00,359,329,351
2015-06-25 10:00:00+02:00,369,324,358
2015-06-25 11:00:00+02:00,337,301,328
2015-06-25 12:00:00+02:00,465,391,446
2015-06-25 13:00:00+02:00,607,502,581
2015-06-25 14:00:00+02:00,414,357,400
2015-06-25 15:00:00+02:00,156,153,155
2015-06-25 16:00:00+02:00,105,104,105
2015-06-25 17:00:00+02:00,61,61,61
2015-06-25 18:00:00+02:00,42,42,42
2015-06-25 19:00:00+02:00,41,43,41
2015-06-25 20:00:00+02:00,18,20,19
2015-06-25 21:00:00+02:00,0,0,0
2015-06-25 22:00:00+02:00,0,0,0
2015-06-25 23:00:00+02:00,0,0,0
2015-06-26 00:00:00+02:00,0,0,0
2015-06-26 01:00:00+02:00,0,0,0
2015-06-26 02:00:00+02:00,0,0,0
2015-06-26 03:00:00+02:00,0,0,0
2015-06-26 04:00:00+02:00,0,0,0
2015-06-26 05:00:00+02:00,0,0,0
2015-06-26 06:00:00+02:00,4,5,4
2015-06-26 07:00:00+02:00,30,31,30
2015-06-26 08:00:00+02:00,57,57,57
2015-06-26 09:00:00+02:00,84,83,84
2015-06-26 10:00:00+02:00,160,156,160
2015-06-26 11:00:00+02:00,243,228,240
2015-06-26 12:00:00+02:00,443,387,429
2015-06-26 13:00:00+02:00,372,329,361
2015-06-26 14:00:00+02:00,567,465,542
2015-06-26 15:00:00+02:00,386,340,374
2015-06-26 16:00:00+02:00,143,140,142
2015-06-26 17:00:00+02:00,208,210,208
2015-06-26 18:00:00+02:00,196,226,203
2015-06-26 19:00:00+02:00,79,145,96
2015-06-26 20:00:00+02:00,18,19,19
2015-06-26 21:00:00+02:00,0,0,0
2015-06-26 22:00:00+02:00,0,0,0
2015-06-26 23:00:00+02:00,0,0,0
2015-06-27 00:00:00+02:00,0,0,0
2015-06-27 01:00:00+02:00,0,0,0
2015-06-27 02:00:00+02:00,0,0,0
2015-06-27 03:00:00+02:00,0,0,0
2015-06-27 04:00:00+02:00,0,0,0
2015-06-27 05:00:00+02:00,0,0,0
2015-06-27 06:00:00+02:00,12,14,13
2015-06-27 07:00:00+02:00,71,75,72
2015-06-27 08:00:00+02:00,153,158,154
2015-06-27 09:00:00+02:00,190,185,189
2015-06-27 10:00:00+02:00,188,184,187
2015-06-27 11:00:00+02:00,150,147,150
2015-06-27 12:00:00+02:00,117,115,116
2015-06-27 13:00:00+02:00,140,137,139
2015-06-27 14:00:00+02:00,123,121,123
2015-06-27 15:00:00+02:00,151,143,149
2015-06-27 16:00:00+02:00,338,307,330
2015-06-27 17:00:00+02:00,329,317,326
2015-06-27 18:00:00+02:00,196,244,208
2015-06-27 19:00:00+02:00,84,176,107
2015-06-27 20:00:00+02:00,24,59,33
2015-06-27 21:00:00+02:00,2,3,2
2015-06-27 22:00:00+02:00,0,0,0
2015-06-27 23:00:00+02:00,0,0,0
2015-06-28 00:00:00+02:00,0,0,0
2015-06-28 01:00:00+02:00,0,0,0
2015-06-28 02:00:00+02:00,0,0,0
2015-06-28 03:00:00+02:00,0,0,0
2015-06-28 04:00:00+02:00,0,0,0
2015-06-28 05:00:00+02:00,7,10,8
2015-06-28 06:00:00+02:00,38,104,54
2015-06-28 07:00:00+02:00,93,107,96
2015-06-28 08:00:00+02:00,67,67,67
2015-06-28 09:00:00+02:00,148,146,147
2015-06-28 10:00:00+02:00,216,209,214
2015-06-28 11:00:00+02:00,334,305,327
2015-06-28 12:00:00+02:00,689,550,654
2015-06-28 13:00:00+02:00,409,342,393
2015-06-28 14:00:00+02:00,104,102,104
2015-06-28 15:00:00+02:00,93,91,93
2015-06-28 16:00:00+02:00,135,129,134
2015-06-28 17:00:00+02:00,73,72,73
2015-06-28 18:00:00+02:00,41,42,41
2015-06-28 19:00:00+02:00,20,21,21
2015-06-28 20:00:00+02:00,9,11,9
2015-06-28 21:00:00+02:00,0,0,0
2015-06-28 22:00:00+02:00,0,0,0
2015-06-28 23:00:00+02:00,0,0,0
2015-06-29 00:00:00+02:00,0,0,0
2015-06-29 01:00:00+02:00,0,0,0
2015-06-29 02:00:00+02:00,0,0,0
2015-06-29 03:00:00+02:00,0,0,0
2015-06-29 04:00:00+02:00,0,0,0
2015-06-29 05:00:00+02:00,0,0,0
2015-06-29 06:00:00+02:00,39,79,49
2015-06-29 07:00:00+02:00,64,93,72
2015-06-29 08:00:00+02:00,130,132,131
2015-06-29 09:00:00+02:00,342,308,334
2015-06-29 10:00:00+02:00,495,408,473
2015-06-29 11:00:00+02:00,661,521,626
2015-06-29 12:00:00+02:00,673,540,639
2015-06-29 13:00:00+02:00,715,554,674
2015-06-29 14:00:00+02:00,723,563,683
2015-06-29 15:00:00+02:00,642,502,607
2015-06-29 16:00:00+02:00,539,432,512
2015-06-29 17:00:00+02:00,399,371,392
2015-06-29 18:00:00+02:00,201,271,218
2015-06-29 19:00:00+02:00,62,132,80
2015-06-29 20:00:00+02:00,17,19,18
2015-06-29 21:00:00+02:00,0,0,0
2015-06-29 22:00:00+02:00,0,0,0
2015-06-29 23:00:00+02:00,0,0,0
2015-06-30 00:00:00+02:00,0,0,0
2015-06-30 01:00:00+02:00,0,0,0
2015-06-30 02:00:00+02:00,0,0,0
2015-06-30 03:00:00+02:00,0,0,0
2015-06-30 04:00:00+02:00,0,0,0
2015-06-30 05:00:00+02:00,0,1,0
2015-06-30 06:00:00+02:00,20,26,21
2015-06-30 07:00:00+02:00,90,129,100
2015-06-30 08:00:00+02:00,172,179,174
2015-06-30 09:00:00+02:00,228,220,226
2015-06-30 10:00:00+02:00,340,294,328
2015-06-30 11:00:00+02:00,546,441,520
2015-06-30 12:00:00+02:00,650,510,615
2015-06-30 13:00:00+02:00,725,568,685
2015-06-30 14:00:00+02:00,757,578,712
2015-06-30 15:00:00+02:00,437,364,419
2015-06-30 16:00:00+02:00,91,87,90
2015-06-30 17:00:00+02:00,34,34,34
2015-06-30 18:00:00+02:00,79,98,84
2015-06-30 19:00:00+02:00,73,133,88
2015-06-30 20:00:00+02:00,17,46,24
2015-06-30 21:00:00+02:00,0,0,0
2015-06-30 22:00:00+02:00,0,0,0
2015-06-30 23:00:00+02:00,0,0,0
2015-07-01 00:00:00+02:00,0,0,0
2015-07-01 01:00:00+02:00,0,0,0
2015-07-01 02:00:00+02:00,0,0,0
2015-07-01 03:00:00+02:00,0,0,0
2015-07-01 04:00:00+02:00,0,0,0
2015-07-01 05:00:00+02:00,0,0,0
2015-07-01 06:00:00+02:00,14,16,15
2015-07-01 07:00:00+02:00,97,144,109
2015-07-01 08:00:00+02:00,262,297,270
2015-07-01 09:00:00+02:00,429,378,416
2015-07-01 10:00:00+02:00,584,461,553
2015-07-01 11:00:00+02:00,702,544,662
2015-07-01 12:00:00+02:00,685,533,647
2015-07-01 13:00:00+02:00,663,538,632
2015-07-01 14:00:00+02:00,680,532,643
2015-07-01 15:00:00+02:00,601,472,569
2015-07-01 16:00:00+02:00,445,379,428
2015-07-01 17:00:00+02:00,251,236,247
2015-07-01 18:00:00+02:00,181,246,197
2015-07-01 19:00:00+02:00,82,151,99
2015-07-01 20:00:00+02:00,23,29,24
2015-07-01 21:00:00+02:00,0,0,0
2015-07-01 22:00:00+02:00,0,0,0
2015-07-01 23:00:00+02:00,0,0,0
2015-07-02 00:00:00+02:00,0,0,0
2015-07-02 01:00:00+02:00,0,0,0
2015-07-02 02:00:00+02:00,0,0,0
2015-07-02 03:00:00+02:00,0,0,0
2015-07-02 04:00:00+02:00,0,0,0
2015-07-02 05:00:00+02:00,0,0,0
2015-07-02 06:00:00+02:00,28,31,28
2015-07-02 07:00:00+02:00,100,137,109
2015-07-02 08:00:00+02:00,198,231,207
2015-07-02 09:00:00+02:00,211,201,208
2015-07-02 10:00:00+02:00,208,195,205
2015-07-02 11:00:00+02:00,306,286,301
2015-07-02 12:00:00+02:00,236,223,233
2015-07-02 13:00:00+02:00,425,358,409
2015-07-02 14:00:00+02:00,267,246,262
2015-07-02 15:00:00+02:00,281,265,277
2015-07-02 16:00:00+02:00,243,232,241
2015-07-02 17:00:00+02:00,55,55,55
2015-07-02 18:00:00+02:00,41,42,41
2015-07-02 19:00:00+02:00,55,61,56
2015-07-02 20:00:00+02:00,16,17,16
2015-07-02 21:00:00+02:00,0,0,0
2015-07-02 22:00:00+02:00,0,0,0
2015-07-02 23:00:00+02:00,0,0,0
2015-07-03 00:00:00+02:00,0,0,0
2015-07-03 01:00:00+02:00,0,0,0
2015-07-03 02:00:00+02:00,0,0,0
2015-07-03 03:00:00+02:00,0,0,0
2015-07-03 04:00:00+02:00,0,0,0
2015-07-03 05:00:00+02:00,3,3,3
2015-07-03 06:00:00+02:00,11,12,11
2015-07-03 07:00:00+02:00,42,44,42
2015-07-03 08:00:00+02:00,109,110,109
2015-07-03 09:00:00+02:00,275,257,271
2015-07-03 10:00:00+02:00,244,222,239
2015-07-03 11:00:00+02:00,191,184,189
2015-07-03 12:00:00+02:00,182,175,180
2015-07-03 13:00:00+02:00,194,186,192
2015-07-03 14:00:00+02:00,137,133,136
2015-07-03 15:00:00+02:00,158,154,157
2015-07-03 16:00:00+02:00,246,232,243
2015-07-03 17:00:00+02:00,270,256,267
2015-07-03 18:00:00+02:00,126,132,128
2015-07-03 19:00:00+02:00,23,24,23
2015-07-03 20:00:00+02:00,5,8,6
2015-07-03 21:00:00+02:00,0,0,0
2015-07-03 22:00:00+02:00,0,0,0
2015-07-03 23:00:00+02:00,0,0,0
2015-07-04 00:00:00+02:00,0,0,0
2015-07-04 01:00:00+02:00,0,0,0
2015-07-04 02:00:00+02:00,0,0,0
2015-07-04 03:00:00+02:00,0,0,0
2015-07-04 04:00:00+02:00,0,0,0
2015-07-04 05:00:00+02:00,0,0,0
2015-07-04 06:00:00+02:00,4,4,4
2015-07-04 07:00:00+02:00,30,31,30
2015-07-04 08:00:00+02:00,76,77,77
2015-07-04 09:00:00+02:00,124,122,124
2015-07-04 10:00:00+02:00,136,133,136
2015-07-04 11:00:00+02:00,140,136,139
2015-07-04 12:00:00+02:00,253,234,248
2015-07-04 13:00:00+02:00,238,228,236
2015-07-04 14:00:00+02:00,231,219,228
2015-07-04 15:00:00+02:00,268,251,264
2015-07-04 16:00:00+02:00,257,243,253
2015-07-04 17:00:00+02:00,212,211,212
2015-07-04 18:00:00+02:00,174,204,182
2015-07-04 19:00:00+02:00,83,183,108
2015-07-04 20:00:00+02:00,27,58,35
2015-07-04 21:00:00+02:00,0,0,0
2015-07-04 22:00:00+02:00,0,0,0
2015-07-04 23:00:00+02:00,0,0,0
2015-07-05 00:00:00+02:00,0,0,0
2015-07-05 01:00:00+02:00,0,0,0
2015-07-05 02:00:00+02:00,0,0,0
2015-07-05 03:00:00+02:00,0,0,0
2015-07-05 04:00:00+02:00,0,0,0
2015-07-05 05:00:00+02:00,5,8,6
2015-07-05 06:00:00+02:00,38,121,59
2015-07-05 07:00:00+02:00,95,285,142
2015-07-05 08:00:00+02:00,289,356,306
2015-07-05 09:00:00+02:00,385,347,376
2015-07-05 10:00:00+02:00,351,306,340
2015-07-05 11:00:00+02:00,285,261,279
2015-07-05 12:00:00+02:00,263,249,260
2015-07-05 13:00:00+02:00,428,361,411
2015-07-05 14:00:00+02:00,566,452,537
2015-07-05 15:00:00+02:00,416,346,399
2015-07-05 16:00:00+02:00,418,360,403
2015-07-05 17:00:00+02:00,374,349,367
2015-07-05 18:00:00+02:00,207,254,219
2015-07-05 19:00:00+02:00,76,179,101
2015-07-05 20:00:00+02:00,16,41,23
2015-07-05 21:00:00+02:00,0,0,0
2015-07-05 22:00:00+02:00,0,0,0
2015-07-05 23:00:00+02:00,0,0,0
2015-07-06 00:00:00+02:00,0,0,0
2015-07-06 01:00:00+02:00,0,0,0
2015-07-06 02:00:00+02:00,0,0,0
2015-07-06 03:00:00+02:00,0,0,0
2015-07-06 04:00:00+02:00,0,0,0
2015-07-06 05:00:00+02:00,0,0,0
2015-07-06 06:00:00+02:00,8,11,9
2015-07-06 07:00:00+02:00,60,65,61
2015-07-06 08:00:00+02:00,55,55,55
2015-07-06 09:00:00+02:00,69,69,69
2015-07-06 10:00:00+02:00,130,126,129
2015-07-06 11:00:00+02:00,120,118,119
2015-07-06 12:00:00+02:00,161,156,160
2015-07-06 13:00:00+02:00,173,168,172
2015-07-06 14:00:00+02:00,256,242,253
2015-07-06 15:00:00+02:00,230,220,227
2015-07-06 16:00:00+02:00,115,113,115
2015-07-06 17:00:00+02:00,81,81,81
2015-07-06 18:00:00+02:00,55,55,55
2015-07-06 19:00:00+02:00,46,55,49
2015-07-06 20:00:00+02:00,23,31,25
2015-07-06 21:00:00+02:00,0,0,0
2015-07-06 22:00:00+02:00,0,0,0
2015-07-06 23:00:00+02:00,0,0,0
2015-07-07 00:00:00+02:00,0,0,0
2015-07-07 01:00:00+02:00,0,0,0
2015-07-07 02:00:00+02:00,0,0,0
2015-07-07 03:00:00+02:00,0,0,0
2015-07-07 04:00:00+02:00,0,0,0
2015-07-07 05:00:00+02:00,4,4,4
2015-07-07 06:00:00+02:00,27,122,51
2015-07-07 07:00:00+02:00,95,154,110
2015-07-07 08:00:00+02:00,199,239,209
2015-07-07 09:00:00+02:00,447,388,432
2015-07-07 10:00:00+02:00,586,463,555
2015-07-07 11:00:00+02:00,470,383,448
2015-07-07 12:00:00+02:00,308,284,302
2015-07-07 13:00:00+02:00,354,320,346
2015-07-07 14:00:00+02:00,517,429,495
2015-07-07 15:00:00+02:00,577,462,548
2015-07-07 16:00:00+02:00,416,356,401
2015-07-07 17:00:00+02:00,315,282,307
2015-07-07 18:00:00+02:00,180,217,189
2015-07-07 19:00:00+02:00,68,135,85
2015-07-07 20:00:00+02:00,21,27,23
2015-07-07 21:00:00+02:00,0,0,0
2015-07-07 22:00:00+02:00,0,0,0
2015-07-07 23:00:00+02:00,0,0,0
2015-07-08 00:00:00+02:00,0,0,0
2015-07-08 01:00:00+02:00,0,0,0
2015-07-08 02:00:00+02:00,0,0,0
2015-07-08 03:00:00+02:00,0,0,0
2015-07-08 04:00:00+02:00,0,0,0
2015-07-08 05:00:00+02:00,2,3,2
2015-07-08 06:00:00+02:00,34,56,39
2015-07-08 07:00:00+02:00,61,73,64
2015-07-08 08:00:00+02:00,30,30,30
2015-07-08 09:00:00+02:00,46,46,46
2015-07-08 10:00:00+02:00,103,101,102
2015-07-08 11:00:00+02:00,116,113,115
2015-07-08 12:00:00+02:00,166,158,164
2015-07-08 13:00:00+02:00,380,342,370
2015-07-08 14:00:00+02:00,619,494,588
2015-07-08 15:00:00+02:00,353,311,342
2015-07-08 16:00:00+02:00,158,155,157
2015-07-08 17:00:00+02:00,204,204,204
2015-07-08 18:00:00+02:00,185,218,193
2015-07-08 19:00:00+02:00,81,180,106
2015-07-08 20:00:00+02:00,4,4,4
2015-07-08 21:00:00+02:00,0,0,0
2015-07-08 22:00:00+02:00,0,0,0
2015-07-08 23:00:00+02:00,0,0,0
2015-07-09 00:00:00+02:00,0,0,0
2015-07-09 01:00:00+02:00,0,0,0
2015-07-09 02:00:00+02:00,0,0,0
2015-07-09 03:00:00+02:00,0,0,0
2015-07-09 04:00:00+02:00,0,0,0
2015-07-09 05:00:00+02:00,2,4,3
2015-07-09 06:00:00+02:00,27,120,50
2015-07-09 07:00:00+02:00,102,224,132
2015-07-09 08:00:00+02:00,192,226,201
2015-07-09 09:00:00+02:00,176,171,175
2015-07-09 10:00:00+02:00,94,93,94
2015-07-09 11:00:00+02:00,143,138,142
2015-07-09 12:00:00+02:00,149,145,149
2015-07-09 13:00:00+02:00,246,231,242
2015-07-09 14:00:00+02:00,423,346,404
2015-07-09 15:00:00+02:00,295,247,283
2015-07-09 16:00:00+02:00,415,348,399
2015-07-09 17:00:00+02:00,142,141,142
2015-07-09 18:00:00+02:00,84,88,85
2015-07-09 19:00:00+02:00,72,152,92
2015-07-09 20:00:00+02:00,24,61,33
2015-07-09 21:00:00+02:00,0,0,0
2015-07-09 22:00:00+02:00,0,0,0
2015-07-09 23:00:00+02:00,0,0,0
2015-07-10 00:00:00+02:00,0,0,0
2015-07-10 01:00:00+02:00,0,0,0
2015-07-10 02:00:00+02:00,0,0,0
2015-07-10 03:00:00+02:00,0,0,0
2015-07-10 04:00:00+02:00,0,0,0
2015-07-10 05:00:00+02:00,0,0,0
2015-07-10 06:00:00+02:00,29,37,31
2015-07-10 07:00:00+02:00,41,47,42
2015-07-10 08:00:00+02:00,127,132,128
2015-07-10 09:00:00+02:00,259,244,255
2015-07-10 10:00:00+02:00,332,300,324
2015-07-10 11:00:00+02:00,302,276,296
2015-07-10 12:00:00+02:00,314,281,305
2015-07-10 13:00:00+02:00,481,399,461
2015-07-10 14:00:00+02:00,200,187,197
2015-07-10 15:00:00+02:00,281,247,272
2015-07-10 16:00:00+02:00,514,422,491
2015-07-10 17:00:00+02:00,204,189,200
2015-07-10 18:00:00+02:00,110,120,112
2015-07-10 19:00:00+02:00,80,180,105
2015-07-10 20:00:00+02:00,26,68,37
2015-07-10 21:00:00+02:00,0,0,0
2015-07-10 22:00:00+02:00,0,0,0
2015-07-10 23:00:00+02:00,0,0,0
2015-07-11 00:00:00+02:00,0,0,0
2015-07-11 01:00:00+02:00,0,0,0
2015-07-11 02:00:00+02:00,0,0,0
2015-07-11 03:00:00+02:00,0,0,0
2015-07-11 04:00:00+02:00,0,0,0
2015-07-11 05:00:00+02:00,1,3,2
2015-07-11 06:00:00+02:00,31,61,38
2015-07-11 07:00:00+02:00,94,221,126
2015-07-11 08:00:00+02:00,255,316,270
2015-07-11 09:00:00+02:00,401,353,389
2015-07-11 10:00:00+02:00,507,411,483
2015-07-11 11:00:00+02:00,547,431,518
2015-07-11 12:00:00+02:00,519,414,493
2015-07-11 13:00:00+02:00,368,320,356
2015-07-11 14:00:00+02:00,424,352,406
2015-07-11 15:00:00+02:00,354,291,338
2015-07-11 16:00:00+02:00,390,327,374
2015-07-11 17:00:00+02:00,325,305,320
2015-07-11 18:00:00+02:00,155,170,159
2015-07-11 19:00:00+02:00,59,67,61
2015-07-11 20:00:00+02:00,11,12,11
2015-07-11 21:00:00+02:00,0,0,0
2015-07-11 22:00:00+02:00,0,0,0
2015-07-11 23:00:00+02:00,0,0,0
2015-07-12 00:00:00+02:00,0,0,0
2015-07-12 01:00:00+02:00,0,0,0
2015-07-12 02:00:00+02:00,0,0,0
2015-07-12 03:00:00+02:00,0,0,0
2015-07-12 04:00:00+02:00,0,0,0
2015-07-12 05:00:00+02:00,2,3,2
2015-07-12 06:00:00+02:00,26,34,28
2015-07-12 07:00:00+02:00,79,142,95
2015-07-12 08:00:00+02:00,232,283,244
2015-07-12 09:00:00+02:00,275,259,271
2015-07-12 10:00:00+02:00,243,226,239
2015-07-12 11:00:00+02:00,226,213,223
2015-07-12 12:00:00+02:00,95,93,94
2015-07-12 13:00:00+02:00,277,243,268
2015-07-12 14:00:00+02:00,565,442,535
2015-07-12 15:00:00+02:00,338,295,328
2015-07-12 16:00:00+02:00,155,145,153
2015-07-12 17:00:00+02:00,105,104,105
2015-07-12 18:00:00+02:00,89,92,90
2015-07-12 19:00:00+02:00,69,86,73
2015-07-12 20:00:00+02:00,29,43,32
2015-07-12 21:00:00+02:00,0,0,0
2015-07-12 22:00:00+02:00,0,0,0
2015-07-12 23:00:00+02:00,0,0,0
2015-07-13 00:00:00+02:00,0,0,0
2015-07-13 01:00:00+02:00,0,0,0
2015-07-13 02:00:00+02:00,0,0,0
2015-07-13 03:00:00+02:00,0,0,0
2015-07-13 04:00:00+02:00,0,0,0
2015-07-13 05:00:00+02:00,0,0,0
2015-07-13 06:00:00+02:00,16,18,16
2015-07-13 07:00:00+02:00,80,119,90
2015-07-13 08:00:00+02:00,164,181,169
2015-07-13 09:00:00+02:00,299,281,294
2015-07-13 10:00:00+02:00,412,348,396
2015-07-13 11:00:00+02:00,468,386,448
2015-07-13 12:00:00+02:00,446,369,426
2015-07-13 13:00:00+02:00,393,353,383
2015-07-13 14:00:00+02:00,493,405,471
2015-07-13 15:00:00+02:00,547,424,517
2015-07-13 16:00:00+02:00,395,334,380
2015-07-13 17:00:00+02:00,283,253,276
2015-07-13 18:00:00+02:00,130,155,136
2015-07-13 19:00:00+02:00,49,61,52
2015-07-13 20:00:00+02:00,10,11,10
2015-07-13 21:00:00+02:00,0,0,0
2015-07-13 22:00:00+02:00,0,0,0
2015-07-13 23:00:00+02:00,0,0,0
2015-07-14 00:00:00+02:00,0,0,0
2015-07-14 01:00:00+02:00,0,0,0
2015-07-14 02:00:00+02:00,0,0,0
2015-07-14 03:00:00+02:00,0,0,0
2015-07-14 04:00:00+02:00,0,0,0
2015-07-14 05:00:00+02:00,0,0,0
2015-07-14 06:00:00+02:00,2,3,2
2015-07-14 07:00:00+02:00,20,23,21
2015-07-14 08:00:00+02:00,78,79,78
2015-07-14 09:00:00+02:00,99,98,99
2015-07-14 10:00:00+02:00,178,172,176
2015-07-14 11:00:00+02:00,262,245,258
2015-07-14 12:00:00+02:00,226,216,224
2015-07-14 13:00:00+02:00,223,212,220
2015-07-14 14:00:00+02:00,242,227,238
2015-07-14 15:00:00+02:00,189,182,187
2015-07-14 16:00:00+02:00,129,127,129
2015-07-14 17:00:00+02:00,190,189,190
2015-07-14 18:00:00+02:00,143,152,146
2015-07-14 19:00:00+02:00,71,155,92
2015-07-14 20:00:00+02:00,12,19,14
2015-07-14 21:00:00+02:00,0,0,0
2015-07-14 22:00:00+02:00,0,0,0
2015-07-14 23:00:00+02:00,0,0,0
2015-07-15 00:00:00+02:00,0,0,0
2015-07-15 01:00:00+02:00,0,0,0
2015-07-15 02:00:00+02:00,0,0,0
2015-07-15 03:00:00+02:00,0,0,0
2015-07-15 04:00:00+02:00,0,0,0
2015-07-15 05:00:00+02:00,0,0,0
2015-07-15 06:00:00+02:00,7,9,8
2015-07-15 07:00:00+02:00,21,21,21
2015-07-15 08:00:00+02:00,83,84,83
2015-07-15 09:00:00+02:00,161,157,160
2015-07-15 10:00:00+02:00,203,196,201
2015-07-15 11:00:00+02:00,198,191,196
2015-07-15 12:00:00+02:00,145,139,144
2015-07-15 13:00:00+02:00,130,127,129
2015-07-15 14:00:00+02:00,204,190,201
2015-07-15 15:00:00+02:00,221,210,218
2015-07-15 16:00:00+02:00,169,164,168
2015-07-15 17:00:00+02:00,108,107,108
2015-07-15 18:00:00+02:00,91,97,92
2015-07-15 19:00:00+02:00,61,70,63
2015-07-15 20:00:00+02:00,21,28,23
2015-07-15 21:00:00+02:00,0,1,0
2015-07-15 22:00:00+02:00,0,0,0
2015-07-15 23:00:00+02:00,0,0,0
2015-07-16 00:00:00+02:00,0,0,0
2015-07-16 01:00:00+02:00,0,0,0
2015-07-16 02:00:00+02:00,0,0,0
2015-07-16 03:00:00+02:00,0,0,0
2015-07-16 04:00:00+02:00,0,0,0
2015-07-16 05:00:00+02:00,0,0,0
2015-07-16 06:00:00+02:00,8,9,8
2015-07-16 07:00:00+02:00,13,13,13
2015-07-16 08:00:00+02:00,41,42,41
2015-07-16 09:00:00+02:00,105,100,104
2015-07-16 10:00:00+02:00,143,139,142
2015-07-16 11:00:00+02:00,133,130,132
2015-07-16 12:00:00+02:00,244,228,240
2015-07-16 13:00:00+02:00,464,394,447
2015-07-16 14:00:00+02:00,348,316,340
2015-07-16 15:00:00+02:00,240,203,230
2015-07-16 16:00:00+02:00,138,135,137
2015-07-16 17:00:00+02:00,117,116,117
2015-07-16 18:00:00+02:00,137,147,140
2015-07-16 19:00:00+02:00,58,63,59
2015-07-16 20:00:00+02:00,5,5,5
2015-07-16 21:00:00+02:00,0,0,0
2015-07-16 22:00:00+02:00,0,0,0
2015-07-16 23:00:00+02:00,0,0,0
2015-07-17 00:00:00+02:00,0,0,0
2015-07-17 01:00:00+02:00,0,0,0
2015-07-17 02:00:00+02:00,0,0,0
2015-07-17 03:00:00+02:00,0,0,0
2015-07-17 04:00:00+02:00,0,0,0
2015-07-17 05:00:00+02:00,0,0,0
2015-07-17 06:00:00+02:00,3,4,3
2015-07-17 07:00:00+02:00,27,37,29
2015-07-17 08:00:00+02:00,132,144,135
2015-07-17 09:00:00+02:00,246,212,238
2015-07-17 10:00:00+02:00,328,280,316
2015-07-17 11:00:00+02:00,365,317,353
2015-07-17 12:00:00+02:00,527,417,499
2015-07-17 13:00:00+02:00,522,427,498
2015-07-17 14:00:00+02:00,302,272,295
2015-07-17 15:00:00+02:00,178,172,177
2015-07-17 16:00:00+02:00,170,165,169
2015-07-17 17:00:00+02:00,219,217,219
2015-07-17 18:00:00+02:00,182,211,189
2015-07-17 19:00:00+02:00,75,177,101
2015-07-17 20:00:00+02:00,22,46,28
2015-07-17 21:00:00+02:00,0,1,1
2015-07-17 22:00:00+02:00,0,0,0
2015-07-17 23:00:00+02:00,0,0,0
2015-07-18 00:00:00+02:00,0,0,0
2015-07-18 01:00:00+02:00,0,0,0
2015-07-18 02:00:00+02:00,0,0,0
2015-07-18 03:00:00+02:00,0,0,0
2015-07-18 04:00:00+02:00,0,0,0
2015-07-18 05:00:00+02:00,0,0,0
2015-07-18 06:00:00+02:00,14,17,15
2015-07-18 07:00:00+02:00,34,34,34
2015-07-18 08:00:00+02:00,79,80,79
2015-07-18 09:00:00+02:00,81,81,81
2015-07-18 10:00:00+02:00,137,133,136
2015-07-18 11:00:00+02:00,197,190,195
2015-07-18 12:00:00+02:00,322,279,311
2015-07-18 13:00:00+02:00,378,337,368
2015-07-18 14:00:00+02:00,374,332,364
2015-07-18 15:00:00+02:00,354,316,345
2015-07-18 16:00:00+02:00,310,282,303
2015-07-18 17:00:00+02:00,268,254,265
2015-07-18 18:00:00+02:00,193,251,208
2015-07-18 19:00:00+02:00,82,176,105
2015-07-18 20:00:00+02:00,23,57,32
2015-07-18 21:00:00+02:00,0,0,0
2015-07-18 22:00:00+02:00,0,0,0
2015-07-18 23:00:00+02:00,0,0,0
2015-07-19 00:00:00+02:00,0,0,0
2015-07-19 01:00:00+02:00,0,0,0
2015-07-19 02:00:00+02:00,0,0,0
2015-07-19 03:00:00+02:00,0,0,0
2015-07-19 04:00:00+02:00,0,0,0
2015-07-19 05:00:00+02:00,0,0,0
2015-07-19 06:00:00+02:00,28,68,38
2015-07-19 07:00:00+02:00,101,251,139
2015-07-19 08:00:00+02:00,246,296,259
2015-07-19 09:00:00+02:00,273,246,266
2015-07-19 10:00:00+02:00,185,169,181
2015-07-19 11:00:00+02:00,221,212,219
2015-07-19 12:00:00+02:00,230,215,226
2015-07-19 13:00:00+02:00,347,310,338
2015-07-19 14:00:00+02:00,341,308,333
2015-07-19 15:00:00+02:00,341,291,329
2015-07-19 16:00:00+02:00,427,350,408
2015-07-19 17:00:00+02:00,146,144,146
2015-07-19 18:00:00+02:00,108,154,120
2015-07-19 19:00:00+02:00,70,218,107
2015-07-19 20:00:00+02:00,14,50,23
2015-07-19 21:00:00+02:00,0,0,0
2015-07-19 22:00:00+02:00,0,0,0
2015-07-19 23:00:00+02:00,0,0,0
2015-07-20 00:00:00+02:00,0,0,0
2015-07-20 01:00:00+02:00,0,0,0
2015-07-20 02:00:00+02:00,0,0,0
2015-07-20 03:00:00+02:00,0,0,0
2015-07-20 04:00:00+02:00,0,0,0
2015-07-20 05:00:00+02:00,0,0,0
2015-07-20 06:00:00+02:00,14,22,16
2015-07-20 07:00:00+02:00,69,82,72
2015-07-20 08:00:00+02:00,162,192,169
2015-07-20 09:00:00+02:00,291,269,286
2015-07-20 10:00:00+02:00,270,250,265
2015-07-20 11:00:00+02:00,330,283,318
2015-07-20 12:00:00+02:00,444,373,427
2015-07-20 13:00:00+02:00,517,397,487
2015-07-20 14:00:00+02:00,509,408,484
2015-07-20 15:00:00+02:00,510,412,486
2015-07-20 16:00:00+02:00,498,399,473
2015-07-20 17:00:00+02:00,274,264,271
2015-07-20 18:00:00+02:00,137,150,140
2015-07-20 19:00:00+02:00,73,110,82
2015-07-20 20:00:00+02:00,22,33,25
2015-07-20 21:00:00+02:00,0,0,0
2015-07-20 22:00:00+02:00,0,0,0
2015-07-20 23:00:00+02:00,0,0,0
2015-07-21 00:00:00+02:00,0,0,0
2015-07-21 01:00:00+02:00,0,0,0
2015-07-21 02:00:00+02:00,0,0,0
2015-07-21 03:00:00+02:00,0,0,0
2015-07-21 04:00:00+02:00,0,0,0
2015-07-21 05:00:00+02:00,0,0,0
2015-07-21 06:00:00+02:00,15,16,15
2015-07-21 07:00:00+02:00,74,112,83
2015-07-21 08:00:00+02:00,128,173,139
2015-07-21 09:00:00+02:00,343,305,334
2015-07-21 10:00:00+02:00,598,462,564
2015-07-21 11:00:00+02:00,698,536,657
2015-07-21 12:00:00+02:00,728,571,689
2015-07-21 13:00:00+02:00,732,569,691
2015-07-21 14:00:00+02:00,678,524,640
2015-07-21 15:00:00+02:00,606,464,571
2015-07-21 16:00:00+02:00,525,411,496
2015-07-21 17:00:00+02:00,351,334,347
2015-07-21 18:00:00+02:00,179,244,195
2015-07-21 19:00:00+02:00,69,186,98
2015-07-21 20:00:00+02:00,19,39,24
2015-07-21 21:00:00+02:00,0,0,0
2015-07-21 22:00:00+02:00,0,0,0
2015-07-21 23:00:00+02:00,0,0,0
2015-07-22 00:00:00+02:00,0,0,0
2015-07-22 01:00:00+02:00,0,0,0
2015-07-22 02:00:00+02:00,0,0,0
2015-07-22 03:00:00+02:00,0,0,0
2015-07-22 04:00:00+02:00,0,0,0
2015-07-22 05:00:00+02:00,0,0,0
2015-07-22 06:00:00+02:00,9,9,9
2015-07-22 07:00:00+02:00,71,87,75
2015-07-22 08:00:00+02:00,166,176,169
2015-07-22 09:00:00+02:00,334,301,326
2015-07-22 10:00:00+02:00,502,397,476
2015-07-22 11:00:00+02:00,557,439,528
2015-07-22 12:00:00+02:00,513,419,489
2015-07-22 13:00:00+02:00,583,458,552
2015-07-22 14:00:00+02:00,514,413,489
2015-07-22 15:00:00+02:00,379,314,363
2015-07-22 16:00:00+02:00,262,234,255
2015-07-22 17:00:00+02:00,222,210,219
2015-07-22 18:00:00+02:00,108,132,114
2015-07-22 19:00:00+02:00,56,72,60
2015-07-22 20:00:00+02:00,16,18,17
2015-07-22 21:00:00+02:00,0,0,0
2015-07-22 22:00:00+02:00,0,0,0
2015-07-22 23:00:00+02:00,0,0,0
2015-07-23 00:00:00+02:00,0,0,0
2015-07-23 01:00:00+02:00,0,0,0
2015-07-23 02:00:00+02:00,0,0,0
2015-07-23 03:00:00+02:00,0,0,0
2015-07-23 04:00:00+02:00,0,0,0
2015-07-23 05:00:00+02:00,0,0,0
2015-07-23 06:00:00+02:00,10,13,11
2015-07-23 07:00:00+02:00,49,56,51
2015-07-23 08:00:00+02:00,171,179,173
2015-07-23 09:00:00+02:00,417,363,404
2015-07-23 10:00:00+02:00,551,437,523
2015-07-23 11:00:00+02:00,538,421,509
2015-07-23 12:00:00+02:00,581,460,551
2015-07-23 13:00:00+02:00,474,385,452
2015-07-23 14:00:00+02:00,246,231,243
2015-07-23 15:00:00+02:00,164,159,163
2015-07-23 16:00:00+02:00,346,281,329
2015-07-23 17:00:00+02:00,390,349,380
2015-07-23 18:00:00+02:00,215,302,237
2015-07-23 19:00:00+02:00,64,205,100
2015-07-23 20:00:00+02:00,20,38,24
2015-07-23 21:00:00+02:00,0,0,0
2015-07-23 22:00:00+02:00,0,0,0
2015-07-23 23:00:00+02:00,0,0,0
2015-07-24 00:00:00+02:00,0,0,0
2015-07-24 01:00:00+02:00,0,0,0
2015-07-24 02:00:00+02:00,0,0,0
2015-07-24 03:00:00+02:00,0,0,0
2015-07-24 04:00:00+02:00,0,0,0
2015-07-24 05:00:00+02:00,0,0,0
2015-07-24 06:00:00+02:00,23,57,31
2015-07-24 07:00:00+02:00,74,242,116
2015-07-24 08:00:00+02:00,267,306,277
2015-07-24 09:00:00+02:00,421,362,406
2015-07-24 10:00:00+02:00,398,319,378
2015-07-24 11:00:00+02:00,154,149,153
2015-07-24 12:00:00+02:00,309,268,299
2015-07-24 13:00:00+02:00,301,278,295
2015-07-24 14:00:00+02:00,275,250,269
2015-07-24 15:00:00+02:00,461,370,439
2015-07-24 16:00:00+02:00,497,390,470
2015-07-24 17:00:00+02:00,268,243,261
2015-07-24 18:00:00+02:00,188,253,204
2015-07-24 19:00:00+02:00,66,185,95
2015-07-24 20:00:00+02:00,17,29,20
2015-07-24 21:00:00+02:00,0,0,0
2015-07-24 22:00:00+02:00,0,0,0
2015-07-24 23:00:00+02:00,0,0,0
2015-07-25 00:00:00+02:00,0,0,0
2015-07-25 01:00:00+02:00,0,0,0
2015-07-25 02:00:00+02:00,0,0,0
2015-07-25 03:00:00+02:00,0,0,0
2015-07-25 04:00:00+02:00,0,0,0
2015-07-25 05:00:00+02:00,0,0,0
2015-07-25 06:00:00+02:00,24,41,28
2015-07-25 07:00:00+02:00,81,192,108
2015-07-25 08:00:00+02:00,226,260,234
2015-07-25 09:00:00+02:00,336,309,329
2015-07-25 10:00:00+02:00,451,364,430
2015-07-25 11:00:00+02:00,495,394,470
2015-07-25 12:00:00+02:00,439,369,422
2015-07-25 13:00:00+02:00,375,328,363
2015-07-25 14:00:00+02:00,315,283,307
2015-07-25 15:00:00+02:00,392,325,376
2015-07-25 16:00:00+02:00,458,371,436
2015-07-25 17:00:00+02:00,383,348,374
2015-07-25 18:00:00+02:00,209,294,231
2015-07-25 19:00:00+02:00,68,205,102
2015-07-25 20:00:00+02:00,16,34,21
2015-07-25 21:00:00+02:00,0,0,0
2015-07-25 22:00:00+02:00,0,0,0
2015-07-25 23:00:00+02:00,0,0,0
2015-07-26 00:00:00+02:00,0,0,0
2015-07-26 01:00:00+02:00,0,0,0
2015-07-26 02:00:00+02:00,0,0,0
2015-07-26 03:00:00+02:00,0,0,0
2015-07-26 04:00:00+02:00,0,0,0
2015-07-26 05:00:00+02:00,0,0,0
2015-07-26 06:00:00+02:00,22,66,33
2015-07-26 07:00:00+02:00,78,235,117
2015-07-26 08:00:00+02:00,249,310,264
2015-07-26 09:00:00+02:00,432,365,415
2015-07-26 10:00:00+02:00,566,416,529
2015-07-26 11:00:00+02:00,624,466,585
2015-07-26 12:00:00+02:00,600,469,568
2015-07-26 13:00:00+02:00,627,488,592
2015-07-26 14:00:00+02:00,577,454,546
2015-07-26 15:00:00+02:00,471,386,450
2015-07-26 16:00:00+02:00,369,317,356
2015-07-26 17:00:00+02:00,285,274,282
2015-07-26 18:00:00+02:00,204,262,218
2015-07-26 19:00:00+02:00,68,182,97
2015-07-26 20:00:00+02:00,18,36,23
2015-07-26 21:00:00+02:00,0,0,0
2015-07-26 22:00:00+02:00,0,0,0
2015-07-26 23:00:00+02:00,0,0,0
2015-07-27 00:00:00+02:00,0,0,0
2015-07-27 01:00:00+02:00,0,0,0
2015-07-27 02:00:00+02:00,0,0,0
2015-07-27 03:00:00+02:00,0,0,0
2015-07-27 04:00:00+02:00,0,0,0
2015-07-27 05:00:00+02:00,0,0,0
2015-07-27 06:00:00+02:00,25,52,31
2015-07-27 07:00:00+02:00,86,212,118
2015-07-27 08:00:00+02:00,240,306,257
2015-07-27 09:00:00+02:00,422,356,405
2015-07-27 10:00:00+02:00,561,411,524
2015-07-27 11:00:00+02:00,614,460,576
2015-07-27 12:00:00+02:00,635,485,598
2015-07-27 13:00:00+02:00,632,486,596
2015-07-27 14:00:00+02:00,582,454,550
2015-07-27 15:00:00+02:00,442,365,422
2015-07-27 16:00:00+02:00,328,288,318
2015-07-27 17:00:00+02:00,262,248,258
2015-07-27 18:00:00+02:00,177,226,189
2015-07-27 19:00:00+02:00,59,194,92
2015-07-27 20:00:00+02:00,14,29,17
2015-07-27 21:00:00+02:00,0,0,0
2015-07-27 22:00:00+02:00,0,0,0
2015-07-27 23:00:00+02:00,0,0,0
2015-07-28 00:00:00+02:00,0,0,0
2015-07-28 01:00:00+02:00,0,0,0
2015-07-28 02:00:00+02:00,0,0,0
2015-07-28 03:00:00+02:00,0,0,0
2015-07-28 04:00:00+02:00,0,0,0
2015-07-28 05:00:00+02:00,0,0,0
2015-07-28 06:00:00+02:00,20,36,24
2015-07-28 07:00:00+02:00,88,213,119
2015-07-28 08:00:00+02:00,246,304,261
2015-07-28 09:00:00+02:00,430,364,414
2015-07-28 10:00:00+02:00,569,449,539
2015-07-28 11:00:00+02:00,680,523,641
2015-07-28 12:00:00+02:00,748,553,699
2015-07-28 13:00:00+02:00,740,548,692
2015-07-28 14:00:00+02:00,503,406,479
2015-07-28 15:00:00+02:00,295,258,286
2015-07-28 16:00:00+02:00,207,195,204
2015-07-28 17:00:00+02:00,306,282,300
2015-07-28 18:00:00+02:00,192,248,206
2015-07-28 19:00:00+02:00,55,98,66
2015-07-28 20:00:00+02:00,1,2,1
2015-07-28 21:00:00+02:00,0,0,0
2015-07-28 22:00:00+02:00,0,0,0
2015-07-28 23:00:00+02:00,0,0,0
2015-07-29 00:00:00+02:00,0,0,0
2015-07-29 01:00:00+02:00,0,0,0
2015-07-29 02:00:00+02:00,0,0,0
2015-07-29 03:00:00+02:00,0,0,0
2015-07-29 04:00:00+02:00,0,0,0
2015-07-29 05:00:00+02:00,0,0,0
2015-07-29 06:00:00+02:00,16,19,17
2015-07-29 07:00:00+02:00,80,111,88
2015-07-29 08:00:00+02:00,221,257,230
2015-07-29 09:00:00+02:00,394,347,383
2015-07-29 10:00:00+02:00,544,417,512
2015-07-29 11:00:00+02:00,534,414,504
2015-07-29 12:00:00+02:00,490,397,467
2015-07-29 13:00:00+02:00,575,447,543
2015-07-29 14:00:00+02:00,540,426,511
2015-07-29 15:00:00+02:00,514,400,486
2015-07-29 16:00:00+02:00,491,377,462
2015-07-29 17:00:00+02:00,383,363,378
2015-07-29 18:00:00+02:00,207,292,228
2015-07-29 19:00:00+02:00,59,203,95
2015-07-29 20:00:00+02:00,12,25,15
2015-07-29 21:00:00+02:00,0,0,0
2015-07-29 22:00:00+02:00,0,0,0
2015-07-29 23:00:00+02:00,0,0,0
2015-07-30 00:00:00+02:00,0,0,0
2015-07-30 01:00:00+02:00,0,0,0
2015-07-30 02:00:00+02:00,0,0,0
2015-07-30 03:00:00+02:00,0,0,0
2015-07-30 04:00:00+02:00,0,0,0
2015-07-30 05:00:00+02:00,0,0,0
2015-07-30 06:00:00+02:00,17,35,22
2015-07-30 07:00:00+02:00,79,209,111
2015-07-30 08:00:00+02:00,236,295,251
2015-07-30 09:00:00+02:00,409,345,393
2015-07-30 10:00:00+02:00,572,415,533
2015-07-30 11:00:00+02:00,693,493,643
2015-07-30 12:00:00+02:00,754,537,700
2015-07-30 13:00:00+02:00,764,545,710
2015-07-30 14:00:00+02:00,700,497,649
2015-07-30 15:00:00+02:00,556,428,524
2015-07-30 16:00:00+02:00,440,353,418
2015-07-30 17:00:00+02:00,323,297,316
2015-07-30 18:00:00+02:00,183,233,196
2015-07-30 19:00:00+02:00,68,162,91
2015-07-30 20:00:00+02:00,13,25,16
2015-07-30 21:00:00+02:00,0,0,0
2015-07-30 22:00:00+02:00,0,0,0
2015-07-30 23:00:00+02:00,0,0,0
2015-07-31 00:00:00+02:00,0,0,0
2015-07-31 01:00:00+02:00,0,0,0
2015-07-31 02:00:00+02:00,0,0,0
2015-07-31 03:00:00+02:00,0,0,0
2015-07-31 04:00:00+02:00,0,0,0
2015-07-31 05:00:00+02:00,0,0,0
2015-07-31 06:00:00+02:00,19,32,22
2015-07-31 07:00:00+02:00,70,95,76
2015-07-31 08:00:00+02:00,157,179,162
2015-07-31 09:00:00+02:00,285,253,277
2015-07-31 10:00:00+02:00,385,316,368
2015-07-31 11:00:00+02:00,499,396,473
2015-07-31 12:00:00+02:00,561,429,528
2015-07-31 13:00:00+02:00,524,403,494
2015-07-31 14:00:00+02:00,291,262,284
2015-07-31 15:00:00+02:00,392,331,376
2015-07-31 16:00:00+02:00,309,270,299
2015-07-31 17:00:00+02:00,181,175,179
2015-07-31 18:00:00+02:00,107,113,109
2015-07-31 19:00:00+02:00,43,95,56
2015-07-31 20:00:00+02:00,14,19,15
2015-07-31 21:00:00+02:00,0,0,0
2015-07-31 22:00:00+02:00,0,0,0
2015-07-31 23:00:00+02:00,0,0,0
2015-08-01 00:00:00+02:00,0,0,0
2015-08-01 01:00:00+02:00,0,0,0
2015-08-01 02:00:00+02:00,0,0,0
2015-08-01 03:00:00+02:00,0,0,0
2015-08-01 04:00:00+02:00,0,0,0
2015-08-01 05:00:00+02:00,0,0,0
2015-08-01 06:00:00+02:00,19,28,21
2015-08-01 07:00:00+02:00,83,142,98
2015-08-01 08:00:00+02:00,186,227,196
2015-08-01 09:00:00+02:00,335,300,326
2015-08-01 10:00:00+02:00,312,272,302
2015-08-01 11:00:00+02:00,112,106,111
2015-08-01 12:00:00+02:00,87,85,86
2015-08-01 13:00:00+02:00,82,80,81
2015-08-01 14:00:00+02:00,393,327,376
2015-08-01 15:00:00+02:00,385,326,370
2015-08-01 16:00:00+02:00,202,193,200
2015-08-01 17:00:00+02:00,135,132,134
2015-08-01 18:00:00+02:00,54,54,54
2015-08-01 19:00:00+02:00,17,18,17
2015-08-01 20:00:00+02:00,3,4,3
2015-08-01 21:00:00+02:00,0,0,0
2015-08-01 22:00:00+02:00,0,0,0
2015-08-01 23:00:00+02:00,0,0,0
2015-08-02 00:00:00+02:00,0,0,0
2015-08-02 01:00:00+02:00,0,0,0
2015-08-02 02:00:00+02:00,0,0,0
2015-08-02 03:00:00+02:00,0,0,0
2015-08-02 04:00:00+02:00,0,0,0
2015-08-02 05:00:00+02:00,0,0,0
2015-08-02 06:00:00+02:00,0,0,0
2015-08-02 07:00:00+02:00,31,37,32
2015-08-02 08:00:00+02:00,94,105,97
2015-08-02 09:00:00+02:00,234,204,226
2015-08-02 10:00:00+02:00,497,387,470
2015-08-02 11:00:00+02:00,672,494,627
2015-08-02 12:00:00+02:00,726,545,680
2015-08-02 13:00:00+02:00,731,559,688
2015-08-02 14:00:00+02:00,717,540,673
2015-08-02 15:00:00+02:00,644,478,603
2015-08-02 16:00:00+02:00,516,400,487
2015-08-02 17:00:00+02:00,348,310,338
2015-08-02 18:00:00+02:00,180,245,196
2015-08-02 19:00:00+02:00,58,146,80
2015-08-02 20:00:00+02:00,13,24,16
2015-08-02 21:00:00+02:00,0,0,0
2015-08-02 22:00:00+02:00,0,0,0
2015-08-02 23:00:00+02:00,0,0,0
2015-08-03 00:00:00+02:00,0,0,0
2015-08-03 01:00:00+02:00,0,0,0
2015-08-03 02:00:00+02:00,0,0,0
2015-08-03 03:00:00+02:00,0,0,0
2015-08-03 04:00:00+02:00,0,0,0
2015-08-03 05:00:00+02:00,0,0,0
2015-08-03 06:00:00+02:00,1,2,1
2015-08-03 07:00:00+02:00,33,67,42
2015-08-03 08:00:00+02:00,67,70,68
2015-08-03 09:00:00+02:00,211,177,203
2015-08-03 10:00:00+02:00,487,377,459
2015-08-03 11:00:00+02:00,548,418,515
2015-08-03 12:00:00+02:00,698,527,655
2015-08-03 13:00:00+02:00,628,478,591
2015-08-03 14:00:00+02:00,465,369,441
2015-08-03 15:00:00+02:00,317,282,308
2015-08-03 16:00:00+02:00,343,297,332
2015-08-03 17:00:00+02:00,245,226,240
2015-08-03 18:00:00+02:00,137,156,142
2015-08-03 19:00:00+02:00,49,64,53
2015-08-03 20:00:00+02:00,8,11,9
2015-08-03 21:00:00+02:00,0,0,0
2015-08-03 22:00:00+02:00,0,0,0
2015-08-03 23:00:00+02:00,0,0,0
2015-08-04 00:00:00+02:00,0,0,0
2015-08-04 01:00:00+02:00,0,0,0
2015-08-04 02:00:00+02:00,0,0,0
2015-08-04 03:00:00+02:00,0,0,0
2015-08-04 04:00:00+02:00,0,0,0
2015-08-04 05:00:00+02:00,0,0,0
2015-08-04 06:00:00+02:00,8,9,8
2015-08-04 07:00:00+02:00,17,18,17
2015-08-04 08:00:00+02:00,50,50,50
2015-08-04 09:00:00+02:00,58,58,58
2015-08-04 10:00:00+02:00,72,71,71
2015-08-04 11:00:00+02:00,131,125,129
2015-08-04 12:00:00+02:00,123,120,122
2015-08-04 13:00:00+02:00,215,202,212
2015-08-04 14:00:00+02:00,475,384,452
2015-08-04 15:00:00+02:00,553,423,521
2015-08-04 16:00:00+02:00,388,318,371
2015-08-04 17:00:00+02:00,271,250,265
2015-08-04 18:00:00+02:00,189,256,206
2015-08-04 19:00:00+02:00,64,144,84
2015-08-04 20:00:00+02:00,12,19,14
2015-08-04 21:00:00+02:00,0,0,0
2015-08-04 22:00:00+02:00,0,0,0
2015-08-04 23:00:00+02:00,0,0,0
2015-08-05 00:00:00+02:00,0,0,0
2015-08-05 01:00:00+02:00,0,0,0
2015-08-05 02:00:00+02:00,0,0,0
2015-08-05 03:00:00+02:00,0,0,0
2015-08-05 04:00:00+02:00,0,0,0
2015-08-05 05:00:00+02:00,0,0,0
2015-08-05 06:00:00+02:00,18,25,20
2015-08-05 07:00:00+02:00,36,52,40
2015-08-05 08:00:00+02:00,64,66,65
2015-08-05 09:00:00+02:00,95,94,95
2015-08-05 10:00:00+02:00,114,112,113
2015-08-05 11:00:00+02:00,246,219,239
2015-08-05 12:00:00+02:00,301,273,294
2015-08-05 13:00:00+02:00,221,211,219
2015-08-05 14:00:00+02:00,281,245,272
2015-08-05 15:00:00+02:00,340,292,328
2015-08-05 16:00:00+02:00,348,285,332
2015-08-05 17:00:00+02:00,219,216,218
2015-08-05 18:00:00+02:00,142,162,147
2015-08-05 19:00:00+02:00,60,136,79
2015-08-05 20:00:00+02:00,11,19,13
2015-08-05 21:00:00+02:00,0,0,0
2015-08-05 22:00:00+02:00,0,0,0
2015-08-05 23:00:00+02:00,0,0,0
2015-08-06 00:00:00+02:00,0,0,0
2015-08-06 01:00:00+02:00,0,0,0
2015-08-06 02:00:00+02:00,0,0,0
2015-08-06 03:00:00+02:00,0,0,0
2015-08-06 04:00:00+02:00,0,0,0
2015-08-06 05:00:00+02:00,0,0,0
2015-08-06 06:00:00+02:00,22,37,25
2015-08-06 07:00:00+02:00,79,194,107
2015-08-06 08:00:00+02:00,230,296,247
2015-08-06 09:00:00+02:00,412,349,397
2015-08-06 10:00:00+02:00,510,387,479
2015-08-06 11:00:00+02:00,571,431,536
2015-08-06 12:00:00+02:00,580,463,551
2015-08-06 13:00:00+02:00,666,496,624
2015-08-06 14:00:00+02:00,644,476,602
2015-08-06 15:00:00+02:00,373,303,355
2015-08-06 16:00:00+02:00,293,250,282
2015-08-06 17:00:00+02:00,247,243,246
2015-08-06 18:00:00+02:00,90,96,91
2015-08-06 19:00:00+02:00,14,14,14
2015-08-06 20:00:00+02:00,0,1,1
2015-08-06 21:00:00+02:00,0,0,0
2015-08-06 22:00:00+02:00,0,0,0
2015-08-06 23:00:00+02:00,0,0,0
2015-08-07 00:00:00+02:00,0,0,0
2015-08-07 01:00:00+02:00,0,0,0
2015-08-07 02:00:00+02:00,0,0,0
2015-08-07 03:00:00+02:00,0,0,0
2015-08-07 04:00:00+02:00,0,0,0
2015-08-07 05:00:00+02:00,0,0,0
2015-08-07 06:00:00+02:00,6,6,6
2015-08-07 07:00:00+02:00,29,29,29
2015-08-07 08:00:00+02:00,65,65,65
2015-08-07 09:00:00+02:00,99,97,98
2015-08-07 10:00:00+02:00,189,175,185
2015-08-07 11:00:00+02:00,259,232,252
2015-08-07 12:00:00+02:00,313,282,305
2015-08-07 13:00:00+02:00,250,228,245
2015-08-07 14:00:00+02:00,152,147,151
2015-08-07 15:00:00+02:00,192,183,190
2015-08-07 16:00:00+02:00,171,165,170
2015-08-07 17:00:00+02:00,160,156,159
2015-08-07 18:00:00+02:00,124,145,130
2015-08-07 19:00:00+02:00,36,41,37
2015-08-07 20:00:00+02:00,4,5,4
2015-08-07 21:00:00+02:00,0,0,0
2015-08-07 22:00:00+02:00,0,0,0
2015-08-07 23:00:00+02:00,0,0,0
2015-08-08 00:00:00+02:00,0,0,0
2015-08-08 01:00:00+02:00,0,0,0
2015-08-08 02:00:00+02:00,0,0,0
2015-08-08 03:00:00+02:00,0,0,0
2015-08-08 04:00:00+02:00,0,0,0
2015-08-08 05:00:00+02:00,0,0,0
2015-08-08 06:00:00+02:00,0,0,0
2015-08-08 07:00:00+02:00,28,30,28
2015-08-08 08:00:00+02:00,49,50,50
2015-08-08 09:00:00+02:00,67,67,67
2015-08-08 10:00:00+02:00,155,147,153
2015-08-08 11:00:00+02:00,238,204,230
2015-08-08 12:00:00+02:00,275,235,265
2015-08-08 13:00:00+02:00,291,263,284
2015-08-08 14:00:00+02:00,213,196,209
2015-08-08 15:00:00+02:00,216,201,212
2015-08-08 16:00:00+02:00,180,165,176
2015-08-08 17:00:00+02:00,108,108,108
2015-08-08 18:00:00+02:00,74,75,74
2015-08-08 19:00:00+02:00,14,16,15
2015-08-08 20:00:00+02:00,0,0,0
2015-08-08 21:00:00+02:00,0,0,0
2015-08-08 22:00:00+02:00,0,0,0
2015-08-08 23:00:00+02:00,0,0,0
2015-08-09 00:00:00+02:00,0,0,0
2015-08-09 01:00:00+02:00,0,0,0
2015-08-09 02:00:00+02:00,0,0,0
2015-08-09 03:00:00+02:00,0,0,0
2015-08-09 04:00:00+02:00,0,0,0
2015-08-09 05:00:00+02:00,0,0,0
2015-08-09 06:00:00+02:00,8,10,9
2015-08-09 07:00:00+02:00,46,55,48
2015-08-09 08:00:00+02:00,122,151,129
2015-08-09 09:00:00+02:00,272,244,265
2015-08-09 10:00:00+02:00,316,272,305
2015-08-09 11:00:00+02:00,275,234,265
2015-08-09 12:00:00+02:00,420,343,401
2015-08-09 13:00:00+02:00,627,469,588
2015-08-09 14:00:00+02:00,640,490,603
2015-08-09 15:00:00+02:00,616,455,575
2015-08-09 16:00:00+02:00,512,382,479
2015-08-09 17:00:00+02:00,364,321,353
2015-08-09 18:00:00+02:00,186,264,205
2015-08-09 19:00:00+02:00,57,136,77
2015-08-09 20:00:00+02:00,7,12,9
2015-08-09 21:00:00+02:00,0,0,0
2015-08-09 22:00:00+02:00,0,0,0
2015-08-09 23:00:00+02:00,0,0,0
2015-08-10 00:00:00+02:00,0,0,0
2015-08-10 01:00:00+02:00,0,0,0
2015-08-10 02:00:00+02:00,0,0,0
2015-08-10 03:00:00+02:00,0,0,0
2015-08-10 04:00:00+02:00,0,0,0
2015-08-10 05:00:00+02:00,0,0,0
2015-08-10 06:00:00+02:00,14,21,15
2015-08-10 07:00:00+02:00,68,96,75
2015-08-10 08:00:00+02:00,149,166,154
2015-08-10 09:00:00+02:00,295,262,287
2015-08-10 10:00:00+02:00,441,352,419
2015-08-10 11:00:00+02:00,195,177,191
2015-08-10 12:00:00+02:00,75,73,74
2015-08-10 13:00:00+02:00,358,305,344
2015-08-10 14:00:00+02:00,550,418,517
2015-08-10 15:00:00+02:00,349,287,334
2015-08-10 16:00:00+02:00,129,119,127
2015-08-10 17:00:00+02:00,42,42,42
2015-08-10 18:00:00+02:00,39,40,39
2015-08-10 19:00:00+02:00,29,33,30
2015-08-10 20:00:00+02:00,7,12,9
2015-08-10 21:00:00+02:00,0,0,0
2015-08-10 22:00:00+02:00,0,0,0
2015-08-10 23:00:00+02:00,0,0,0
2015-08-11 00:00:00+02:00,0,0,0
2015-08-11 01:00:00+02:00,0,0,0
2015-08-11 02:00:00+02:00,0,0,0
2015-08-11 03:00:00+02:00,0,0,0
2015-08-11 04:00:00+02:00,0,0,0
2015-08-11 05:00:00+02:00,0,0,0
2015-08-11 06:00:00+02:00,9,10,9
2015-08-11 07:00:00+02:00,57,66,59
2015-08-11 08:00:00+02:00,119,128,121
2015-08-11 09:00:00+02:00,169,158,166
2015-08-11 10:00:00+02:00,266,235,258
2015-08-11 11:00:00+02:00,402,327,383
2015-08-11 12:00:00+02:00,404,334,387
2015-08-11 13:00:00+02:00,391,333,376
2015-08-11 14:00:00+02:00,296,257,286
2015-08-11 15:00:00+02:00,265,240,259
2015-08-11 16:00:00+02:00,244,217,237
2015-08-11 17:00:00+02:00,190,183,188
2015-08-11 18:00:00+02:00,81,83,81
2015-08-11 19:00:00+02:00,15,15,15
2015-08-11 20:00:00+02:00,0,0,0
2015-08-11 21:00:00+02:00,0,0,0
2015-08-11 22:00:00+02:00,0,0,0
2015-08-11 23:00:00+02:00,0,0,0
2015-08-12 00:00:00+02:00,0,0,0
2015-08-12 01:00:00+02:00,0,0,0
2015-08-12 02:00:00+02:00,0,0,0
2015-08-12 03:00:00+02:00,0,0,0
2015-08-12 04:00:00+02:00,0,0,0
2015-08-12 05:00:00+02:00,0,0,0
2015-08-12 06:00:00+02:00,0,0,0
2015-08-12 07:00:00+02:00,49,61,52
2015-08-12 08:00:00+02:00,39,40,39
2015-08-12 09:00:00+02:00,52,52,52
2015-08-12 10:00:00+02:00,68,68,68
2015-08-12 11:00:00+02:00,80,79,80
2015-08-12 12:00:00+02:00,92,90,92
2015-08-12 13:00:00+02:00,83,81,82
2015-08-12 14:00:00+02:00,103,100,102
2015-08-12 15:00:00+02:00,87,86,87
2015-08-12 16:00:00+02:00,104,102,104
2015-08-12 17:00:00+02:00,166,162,165
2015-08-12 18:00:00+02:00,99,106,101
2015-08-12 19:00:00+02:00,34,38,35
2015-08-12 20:00:00+02:00,1,2,1
2015-08-12 21:00:00+02:00,0,0,0
2015-08-12 22:00:00+02:00,0,0,0
2015-08-12 23:00:00+02:00,0,0,0
2015-08-13 00:00:00+02:00,0,0,0
2015-08-13 01:00:00+02:00,0,0,0
2015-08-13 02:00:00+02:00,0,0,0
2015-08-13 03:00:00+02:00,0,0,0
2015-08-13 04:00:00+02:00,0,0,0
2015-08-13 05:00:00+02:00,0,0,0
2015-08-13 06:00:00+02:00,0,0,0
2015-08-13 07:00:00+02:00,18,19,18
2015-08-13 08:00:00+02:00,64,64,64
2015-08-13 09:00:00+02:00,109,107,109
2015-08-13 10:00:00+02:00,137,133,136
2015-08-13 11:00:00+02:00,206,189,202
2015-08-13 12:00:00+02:00,324,286,314
2015-08-13 13:00:00+02:00,420,349,402
2015-08-13 14:00:00+02:00,335,289,324
2015-08-13 15:00:00+02:00,347,280,330
2015-08-13 16:00:00+02:00,325,269,311
2015-08-13 17:00:00+02:00,252,245,250
2015-08-13 18:00:00+02:00,158,185,165
2015-08-13 19:00:00+02:00,52,101,64
2015-08-13 20:00:00+02:00,6,9,7
2015-08-13 21:00:00+02:00,0,0,0
2015-08-13 22:00:00+02:00,0,0,0
2015-08-13 23:00:00+02:00,0,0,0
2015-08-14 00:00:00+02:00,0,0,0
2015-08-14 01:00:00+02:00,0,0,0
2015-08-14 02:00:00+02:00,0,0,0
2015-08-14 03:00:00+02:00,0,0,0
2015-08-14 04:00:00+02:00,0,0,0
2015-08-14 05:00:00+02:00,0,0,0
2015-08-14 06:00:00+02:00,3,3,3
2015-08-14 07:00:00+02:00,29,33,30
2015-08-14 08:00:00+02:00,73,74,73
2015-08-14 09:00:00+02:00,159,152,157
2015-08-14 10:00:00+02:00,293,259,285
2015-08-14 11:00:00+02:00,356,297,341
2015-08-14 12:00:00+02:00,199,190,197
2015-08-14 13:00:00+02:00,304,264,294
2015-08-14 14:00:00+02:00,266,239,259
2015-08-14 15:00:00+02:00,308,258,295
2015-08-14 16:00:00+02:00,122,117,121
2015-08-14 17:00:00+02:00,105,102,104
2015-08-14 18:00:00+02:00,74,84,77
2015-08-14 19:00:00+02:00,34,44,37
2015-08-14 20:00:00+02:00,3,5,4
2015-08-14 21:00:00+02:00,0,0,0
2015-08-14 22:00:00+02:00,0,0,0
2015-08-14 23:00:00+02:00,0,0,0
2015-08-15 00:00:00+02:00,0,0,0
2015-08-15 01:00:00+02:00,0,0,0
2015-08-15 02:00:00+02:00,0,0,0
2015-08-15 03:00:00+02:00,0,0,0
2015-08-15 04:00:00+02:00,0,0,0
2015-08-15 05:00:00+02:00,0,0,0
2015-08-15 06:00:00+02:00,8,10,8
2015-08-15 07:00:00+02:00,77,156,97
2015-08-15 08:00:00+02:00,220,278,235
2015-08-15 09:00:00+02:00,400,338,385
2015-08-15 10:00:00+02:00,533,387,496
2015-08-15 11:00:00+02:00,552,407,516
2015-08-15 12:00:00+02:00,484,376,457
2015-08-15 13:00:00+02:00,420,326,396
2015-08-15 14:00:00+02:00,393,321,375
2015-08-15 15:00:00+02:00,428,326,403
2015-08-15 16:00:00+02:00,443,335,416
2015-08-15 17:00:00+02:00,332,291,322
2015-08-15 18:00:00+02:00,166,243,185
2015-08-15 19:00:00+02:00,48,88,58
2015-08-15 20:00:00+02:00,3,5,4
2015-08-15 21:00:00+02:00,0,0,0
2015-08-15 22:00:00+02:00,0,0,0
2015-08-15 23:00:00+02:00,0,0,0
2015-08-16 00:00:00+02:00,0,0,0
2015-08-16 01:00:00+02:00,0,0,0
2015-08-16 02:00:00+02:00,0,0,0
2015-08-16 03:00:00+02:00,0,0,0
2015-08-16 04:00:00+02:00,0,0,0
2015-08-16 05:00:00+02:00,0,0,0
2015-08-16 06:00:00+02:00,9,15,10
2015-08-16 07:00:00+02:00,61,132,79
2015-08-16 08:00:00+02:00,217,267,230
2015-08-16 09:00:00+02:00,363,301,348
2015-08-16 10:00:00+02:00,444,348,420
2015-08-16 11:00:00+02:00,534,391,498
2015-08-16 12:00:00+02:00,553,410,517
2015-08-16 13:00:00+02:00,638,464,594
2015-08-16 14:00:00+02:00,604,438,563
2015-08-16 15:00:00+02:00,535,406,503
2015-08-16 16:00:00+02:00,486,359,454
2015-08-16 17:00:00+02:00,346,316,338
2015-08-16 18:00:00+02:00,178,257,197
2015-08-16 19:00:00+02:00,45,124,65
2015-08-16 20:00:00+02:00,3,5,4
2015-08-16 21:00:00+02:00,0,0,0
2015-08-16 22:00:00+02:00,0,0,0
2015-08-16 23:00:00+02:00,0,0,0
2015-08-17 00:00:00+02:00,0,0,0
2015-08-17 01:00:00+02:00,0,0,0
2015-08-17 02:00:00+02:00,0,0,0
2015-08-17 03:00:00+02:00,0,0,0
2015-08-17 04:00:00+02:00,0,0,0
2015-08-17 05:00:00+02:00,0,0,0
2015-08-17 06:00:00+02:00,6,6,6
2015-08-17 07:00:00+02:00,49,58,52
2015-08-17 08:00:00+02:00,141,174,149
2015-08-17 09:00:00+02:00,271,241,264
2015-08-17 10:00:00+02:00,430,328,404
2015-08-17 11:00:00+02:00,408,326,388
2015-08-17 12:00:00+02:00,349,290,334
2015-08-17 13:00:00+02:00,403,327,384
2015-08-17 14:00:00+02:00,340,281,326
2015-08-17 15:00:00+02:00,283,245,274
2015-08-17 16:00:00+02:00,183,172,180
2015-08-17 17:00:00+02:00,205,195,203
2015-08-17 18:00:00+02:00,134,211,153
2015-08-17 19:00:00+02:00,32,48,36
2015-08-17 20:00:00+02:00,0,0,0
2015-08-17 21:00:00+02:00,0,0,0
2015-08-17 22:00:00+02:00,0,0,0
2015-08-17 23:00:00+02:00,0,0,0
2015-08-18 00:00:00+02:00,0,0,0
2015-08-18 01:00:00+02:00,0,0,0
2015-08-18 02:00:00+02:00,0,0,0
2015-08-18 03:00:00+02:00,0,0,0
2015-08-18 04:00:00+02:00,0,0,0
2015-08-18 05:00:00+02:00,0,0,0
2015-08-18 06:00:00+02:00,3,5,4
2015-08-18 07:00:00+02:00,61,96,70
2015-08-18 08:00:00+02:00,190,230,200
2015-08-18 09:00:00+02:00,369,308,354
2015-08-18 10:00:00+02:00,540,383,501
2015-08-18 11:00:00+02:00,621,433,574
2015-08-18 12:00:00+02:00,334,287,322
2015-08-18 13:00:00+02:00,427,341,405
2015-08-18 14:00:00+02:00,512,382,479
2015-08-18 15:00:00+02:00,561,397,520
2015-08-18 16:00:00+02:00,497,358,462
2015-08-18 17:00:00+02:00,341,313,334
2015-08-18 18:00:00+02:00,149,222,167
2015-08-18 19:00:00+02:00,37,67,44
2015-08-18 20:00:00+02:00,1,2,1
2015-08-18 21:00:00+02:00,0,0,0
2015-08-18 22:00:00+02:00,0,0,0
2015-08-18 23:00:00+02:00,0,0,0
2015-08-19 00:00:00+02:00,0,0,0
2015-08-19 01:00:00+02:00,0,0,0
2015-08-19 02:00:00+02:00,0,0,0
2015-08-19 03:00:00+02:00,0,0,0
2015-08-19 04:00:00+02:00,0,0,0
2015-08-19 05:00:00+02:00,0,0,0
2015-08-19 06:00:00+02:00,5,7,5
2015-08-19 07:00:00+02:00,60,135,78
2015-08-19 08:00:00+02:00,195,244,207
2015-08-19 09:00:00+02:00,379,311,362
2015-08-19 10:00:00+02:00,551,370,506
2015-08-19 11:00:00+02:00,661,438,606
2015-08-19 12:00:00+02:00,724,483,664
2015-08-19 13:00:00+02:00,742,496,680
2015-08-19 14:00:00+02:00,712,474,652
2015-08-19 15:00:00+02:00,622,411,569
2015-08-19 16:00:00+02:00,495,342,457
2015-08-19 17:00:00+02:00,300,274,293
2015-08-19 18:00:00+02:00,119,140,124
2015-08-19 19:00:00+02:00,34,71,44
2015-08-19 20:00:00+02:00,1,1,1
2015-08-19 21:00:00+02:00,0,0,0
2015-08-19 22:00:00+02:00,0,0,0
2015-08-19 23:00:00+02:00,0,0,0
2015-08-20 00:00:00+02:00,0,0,0
2015-08-20 01:00:00+02:00,0,0,0
2015-08-20 02:00:00+02:00,0,0,0
2015-08-20 03:00:00+02:00,0,0,0
2015-08-20 04:00:00+02:00,0,0,0
2015-08-20 05:00:00+02:00,0,0,0
2015-08-20 06:00:00+02:00,3,5,4
2015-08-20 07:00:00+02:00,47,112,64
2015-08-20 08:00:00+02:00,206,242,215
2015-08-20 09:00:00+02:00,379,312,363
2015-08-20 10:00:00+02:00,534,381,496
2015-08-20 11:00:00+02:00,644,455,596
2015-08-20 12:00:00+02:00,724,500,668
2015-08-20 13:00:00+02:00,753,512,693
2015-08-20 14:00:00+02:00,674,474,624
2015-08-20 15:00:00+02:00,533,377,494
2015-08-20 16:00:00+02:00,434,333,409
2015-08-20 17:00:00+02:00,313,293,308
2015-08-20 18:00:00+02:00,161,234,180
2015-08-20 19:00:00+02:00,33,90,47
2015-08-20 20:00:00+02:00,1,1,1
2015-08-20 21:00:00+02:00,0,0,0
2015-08-20 22:00:00+02:00,0,0,0
2015-08-20 23:00:00+02:00,0,0,0
2015-08-21 00:00:00+02:00,0,0,0
2015-08-21 01:00:00+02:00,0,0,0
2015-08-21 02:00:00+02:00,0,0,0
2015-08-21 03:00:00+02:00,0,0,0
2015-08-21 04:00:00+02:00,0,0,0
2015-08-21 05:00:00+02:00,0,0,0
2015-08-21 06:00:00+02:00,5,9,6
2015-08-21 07:00:00+02:00,57,101,68
2015-08-21 08:00:00+02:00,206,245,216
2015-08-21 09:00:00+02:00,380,318,365
2015-08-21 10:00:00+02:00,489,363,458
2015-08-21 11:00:00+02:00,535,374,495
2015-08-21 12:00:00+02:00,622,451,579
2015-08-21 13:00:00+02:00,633,457,589
2015-08-21 14:00:00+02:00,527,378,490
2015-08-21 15:00:00+02:00,221,191,214
2015-08-21 16:00:00+02:00,76,75,76
2015-08-21 17:00:00+02:00,80,80,80
2015-08-21 18:00:00+02:00,52,55,53
2015-08-21 19:00:00+02:00,26,32,27
2015-08-21 20:00:00+02:00,0,0,0
2015-08-21 21:00:00+02:00,0,0,0
2015-08-21 22:00:00+02:00,0,0,0
2015-08-21 23:00:00+02:00,0,0,0
2015-08-22 00:00:00+02:00,0,0,0
2015-08-22 01:00:00+02:00,0,0,0
2015-08-22 02:00:00+02:00,0,0,0
2015-08-22 03:00:00+02:00,0,0,0
2015-08-22 04:00:00+02:00,0,0,0
2015-08-22 05:00:00+02:00,0,0,0
2015-08-22 06:00:00+02:00,1,1,1
2015-08-22 07:00:00+02:00,45,59,48
2015-08-22 08:00:00+02:00,116,144,123
2015-08-22 09:00:00+02:00,173,165,171
2015-08-22 10:00:00+02:00,354,278,335
2015-08-22 11:00:00+02:00,521,372,484
2015-08-22 12:00:00+02:00,529,392,495
2015-08-22 13:00:00+02:00,557,408,520
2015-08-22 14:00:00+02:00,451,348,426
2015-08-22 15:00:00+02:00,333,268,317
2015-08-22 16:00:00+02:00,236,203,227
2015-08-22 17:00:00+02:00,148,130,143
2015-08-22 18:00:00+02:00,95,125,102
2015-08-22 19:00:00+02:00,10,10,10
2015-08-22 20:00:00+02:00,0,0,0
2015-08-22 21:00:00+02:00,0,0,0
2015-08-22 22:00:00+02:00,0,0,0
2015-08-22 23:00:00+02:00,0,0,0
2015-08-23 00:00:00+02:00,0,0,0
2015-08-23 01:00:00+02:00,0,0,0
2015-08-23 02:00:00+02:00,0,0,0
2015-08-23 03:00:00+02:00,0,0,0
2015-08-23 04:00:00+02:00,0,0,0
2015-08-23 05:00:00+02:00,0,0,0
2015-08-23 06:00:00+02:00,4,4,4
2015-08-23 07:00:00+02:00,37,56,42
2015-08-23 08:00:00+02:00,179,192,182
2015-08-23 09:00:00+02:00,371,312,357
2015-08-23 10:00:00+02:00,555,377,510
2015-08-23 11:00:00+02:00,602,418,556
2015-08-23 12:00:00+02:00,543,402,508
2015-08-23 13:00:00+02:00,524,398,493
2015-08-23 14:00:00+02:00,512,370,477
2015-08-23 15:00:00+02:00,473,348,442
2015-08-23 16:00:00+02:00,323,265,308
2015-08-23 17:00:00+02:00,236,219,232
2015-08-23 18:00:00+02:00,127,159,135
2015-08-23 19:00:00+02:00,26,36,29
2015-08-23 20:00:00+02:00,0,0,0
2015-08-23 21:00:00+02:00,0,0,0
2015-08-23 22:00:00+02:00,0,0,0
2015-08-23 23:00:00+02:00,0,0,0
2015-08-24 00:00:00+02:00,0,0,0
2015-08-24 01:00:00+02:00,0,0,0
2015-08-24 02:00:00+02:00,0,0,0
2015-08-24 03:00:00+02:00,0,0,0
2015-08-24 04:00:00+02:00,0,0,0
2015-08-24 05:00:00+02:00,0,0,0
2015-08-24 06:00:00+02:00,4,6,4
2015-08-24 07:00:00+02:00,45,110,61
2015-08-24 08:00:00+02:00,225,269,236
2015-08-24 09:00:00+02:00,401,328,383
2015-08-24 10:00:00+02:00,494,347,457
2015-08-24 11:00:00+02:00,607,421,560
2015-08-24 12:00:00+02:00,670,463,618
2015-08-24 13:00:00+02:00,708,484,652
2015-08-24 14:00:00+02:00,706,465,646
2015-08-24 15:00:00+02:00,636,417,582
2015-08-24 16:00:00+02:00,530,369,489
2015-08-24 17:00:00+02:00,353,320,345
2015-08-24 18:00:00+02:00,165,236,183
2015-08-24 19:00:00+02:00,28,52,34
2015-08-24 20:00:00+02:00,0,0,0
2015-08-24 21:00:00+02:00,0,0,0
2015-08-24 22:00:00+02:00,0,0,0
2015-08-24 23:00:00+02:00,0,0,0
2015-08-25 00:00:00+02:00,0,0,0
2015-08-25 01:00:00+02:00,0,0,0
2015-08-25 02:00:00+02:00,0,0,0
2015-08-25 03:00:00+02:00,0,0,0
2015-08-25 04:00:00+02:00,0,0,0
2015-08-25 05:00:00+02:00,0,0,0
2015-08-25 06:00:00+02:00,3,3,3
2015-08-25 07:00:00+02:00,36,44,38
2015-08-25 08:00:00+02:00,124,128,125
2015-08-25 09:00:00+02:00,142,137,141
2015-08-25 10:00:00+02:00,111,107,110
2015-08-25 11:00:00+02:00,174,158,170
2015-08-25 12:00:00+02:00,150,144,148
2015-08-25 13:00:00+02:00,92,90,92
2015-08-25 14:00:00+02:00,95,91,94
2015-08-25 15:00:00+02:00,117,113,116
2015-08-25 16:00:00+02:00,214,190,208
2015-08-25 17:00:00+02:00,172,170,172
2015-08-25 18:00:00+02:00,110,152,121
2015-08-25 19:00:00+02:00,11,13,12
2015-08-25 20:00:00+02:00,0,0,0
2015-08-25 21:00:00+02:00,0,0,0
2015-08-25 22:00:00+02:00,0,0,0
2015-08-25 23:00:00+02:00,0,0,0
2015-08-26 00:00:00+02:00,0,0,0
2015-08-26 01:00:00+02:00,0,0,0
2015-08-26 02:00:00+02:00,0,0,0
2015-08-26 03:00:00+02:00,0,0,0
2015-08-26 04:00:00+02:00,0,0,0
2015-08-26 05:00:00+02:00,0,0,0
2015-08-26 06:00:00+02:00,3,4,3
2015-08-26 07:00:00+02:00,52,81,59
2015-08-26 08:00:00+02:00,207,232,213
2015-08-26 09:00:00+02:00,306,266,296
2015-08-26 10:00:00+02:00,239,208,231
2015-08-26 11:00:00+02:00,136,127,134
2015-08-26 12:00:00+02:00,205,175,198
2015-08-26 13:00:00+02:00,117,109,115
2015-08-26 14:00:00+02:00,143,136,141
2015-08-26 15:00:00+02:00,223,204,218
2015-08-26 16:00:00+02:00,463,333,431
2015-08-26 17:00:00+02:00,364,331,356
2015-08-26 18:00:00+02:00,140,217,159
2015-08-26 19:00:00+02:00,23,42,28
2015-08-26 20:00:00+02:00,0,0,0
2015-08-26 21:00:00+02:00,0,0,0
2015-08-26 22:00:00+02:00,0,0,0
2015-08-26 23:00:00+02:00,0,0,0
2015-08-27 00:00:00+02:00,0,0,0
2015-08-27 01:00:00+02:00,0,0,0
2015-08-27 02:00:00+02:00,0,0,0
2015-08-27 03:00:00+02:00,0,0,0
2015-08-27 04:00:00+02:00,0,0,0
2015-08-27 05:00:00+02:00,0,0,0
2015-08-27 06:00:00+02:00,3,4,3
2015-08-27 07:00:00+02:00,45,64,50
2015-08-27 08:00:00+02:00,106,110,107
2015-08-27 09:00:00+02:00,105,102,104
2015-08-27 10:00:00+02:00,67,65,66
2015-08-27 11:00:00+02:00,102,98,101
2015-08-27 12:00:00+02:00,208,194,205
2015-08-27 13:00:00+02:00,403,319,382
2015-08-27 14:00:00+02:00,424,339,403
2015-08-27 15:00:00+02:00,134,127,132
2015-08-27 16:00:00+02:00,54,53,54
2015-08-27 17:00:00+02:00,89,90,89
2015-08-27 18:00:00+02:00,40,42,40
2015-08-27 19:00:00+02:00,2,3,2
2015-08-27 20:00:00+02:00,0,0,0
2015-08-27 21:00:00+02:00,0,0,0
2015-08-27 22:00:00+02:00,0,0,0
2015-08-27 23:00:00+02:00,0,0,0
2015-08-28 00:00:00+02:00,0,0,0
2015-08-28 01:00:00+02:00,0,0,0
2015-08-28 02:00:00+02:00,0,0,0
2015-08-28 03:00:00+02:00,0,0,0
2015-08-28 04:00:00+02:00,0,0,0
2015-08-28 05:00:00+02:00,0,0,0
2015-08-28 06:00:00+02:00,3,4,3
2015-08-28 07:00:00+02:00,50,116,67
2015-08-28 08:00:00+02:00,216,239,222
2015-08-28 09:00:00+02:00,355,302,342
2015-08-28 10:00:00+02:00,502,349,464
2015-08-28 11:00:00+02:00,572,399,528
2015-08-28 12:00:00+02:00,567,408,528
2015-08-28 13:00:00+02:00,498,381,469
2015-08-28 14:00:00+02:00,442,347,418
2015-08-28 15:00:00+02:00,438,320,409
2015-08-28 16:00:00+02:00,387,284,361
2015-08-28 17:00:00+02:00,268,250,263
2015-08-28 18:00:00+02:00,120,158,130
2015-08-28 19:00:00+02:00,20,31,23
2015-08-28 20:00:00+02:00,0,0,0
2015-08-28 21:00:00+02:00,0,0,0
2015-08-28 22:00:00+02:00,0,0,0
2015-08-28 23:00:00+02:00,0,0,0
2015-08-29 00:00:00+02:00,0,0,0
2015-08-29 01:00:00+02:00,0,0,0
2015-08-29 02:00:00+02:00,0,0,0
2015-08-29 03:00:00+02:00,0,0,0
2015-08-29 04:00:00+02:00,0,0,0
2015-08-29 05:00:00+02:00,0,0,0
2015-08-29 06:00:00+02:00,3,4,3
2015-08-29 07:00:00+02:00,25,32,27
2015-08-29 08:00:00+02:00,111,112,111
2015-08-29 09:00:00+02:00,168,155,165
2015-08-29 10:00:00+02:00,242,186,228
2015-08-29 11:00:00+02:00,276,223,263
2015-08-29 12:00:00+02:00,255,231,249
2015-08-29 13:00:00+02:00,406,315,383
2015-08-29 14:00:00+02:00,588,417,545
2015-08-29 15:00:00+02:00,275,233,265
2015-08-29 16:00:00+02:00,195,166,188
2015-08-29 17:00:00+02:00,224,215,221
2015-08-29 18:00:00+02:00,64,75,67
2015-08-29 19:00:00+02:00,10,12,11
2015-08-29 20:00:00+02:00,0,0,0
2015-08-29 21:00:00+02:00,0,0,0
2015-08-29 22:00:00+02:00,0,0,0
2015-08-29 23:00:00+02:00,0,0,0
2015-08-30 00:00:00+02:00,0,0,0
2015-08-30 01:00:00+02:00,0,0,0
2015-08-30 02:00:00+02:00,0,0,0
2015-08-30 03:00:00+02:00,0,0,0
2015-08-30 04:00:00+02:00,0,0,0
2015-08-30 05:00:00+02:00,0,0,0
2015-08-30 06:00:00+02:00,2,3,2
2015-08-30 07:00:00+02:00,36,68,44
2015-08-30 08:00:00+02:00,207,229,213
2015-08-30 09:00:00+02:00,407,334,389
2015-08-30 10:00:00+02:00,552,388,511
2015-08-30 11:00:00+02:00,652,439,599
2015-08-30 12:00:00+02:00,704,474,646
2015-08-30 13:00:00+02:00,565,406,525
2015-08-30 14:00:00+02:00,461,345,432
2015-08-30 15:00:00+02:00,351,276,332
2015-08-30 16:00:00+02:00,196,173,190
2015-08-30 17:00:00+02:00,317,293,311
2015-08-30 18:00:00+02:00,126,198,144
2015-08-30 19:00:00+02:00,12,20,14
2015-08-30 20:00:00+02:00,0,0,0
2015-08-30 21:00:00+02:00,0,0,0
2015-08-30 22:00:00+02:00,0,0,0
2015-08-30 23:00:00+02:00,0,0,0
2015-08-31 00:00:00+02:00,0,0,0
2015-08-31 01:00:00+02:00,0,0,0
2015-08-31 02:00:00+02:00,0,0,0
2015-08-31 03:00:00+02:00,0,0,0
2015-08-31 04:00:00+02:00,0,0,0
2015-08-31 05:00:00+02:00,0,0,0
2015-08-31 06:00:00+02:00,0,0,0
2015-08-31 07:00:00+02:00,4,5,4
2015-08-31 08:00:00+02:00,54,55,54
2015-08-31 09:00:00+02:00,118,114,117
2015-08-31 10:00:00+02:00,127,120,125
2015-08-31 11:00:00+02:00,247,210,238
2015-08-31 12:00:00+02:00,441,337,415
2015-08-31 13:00:00+02:00,336,287,324
2015-08-31 14:00:00+02:00,179,168,177
2015-08-31 15:00:00+02:00,144,137,142
2015-08-31 16:00:00+02:00,69,67,69
2015-08-31 17:00:00+02:00,51,51,51
2015-08-31 18:00:00+02:00,37,39,37
2015-08-31 19:00:00+02:00,4,4,4
2015-08-31 20:00:00+02:00,0,0,0
2015-08-31 21:00:00+02:00,0,0,0
2015-08-31 22:00:00+02:00,0,0,0
2015-08-31 23:00:00+02:00,0,0,0
2015-09-01 00:00:00+02:00,0,0,0
2015-09-01 01:00:00+02:00,0,0,0
2015-09-01 02:00:00+02:00,0,0,0
2015-09-01 03:00:00+02:00,0,0,0
2015-09-01 04:00:00+02:00,0,0,0
2015-09-01 05:00:00+02:00,0,0,0
2015-09-01 06:00:00+02:00,4,8,5
2015-09-01 07:00:00+02:00,38,64,45
2015-09-01 08:00:00+02:00,50,51,51
2015-09-01 09:00:00+02:00,87,83,86
2015-09-01 10:00:00+02:00,258,224,249
2015-09-01 11:00:00+02:00,353,275,333
2015-09-01 12:00:00+02:00,372,304,355
2015-09-01 13:00:00+02:00,304,261,293
2015-09-01 14:00:00+02:00,262,229,254
2015-09-01 15:00:00+02:00,220,191,213
2015-09-01 16:00:00+02:00,177,164,174
2015-09-01 17:00:00+02:00,144,144,144
2015-09-01 18:00:00+02:00,88,103,92
2015-09-01 19:00:00+02:00,5,5,5
2015-09-01 20:00:00+02:00,0,0,0
2015-09-01 21:00:00+02:00,0,0,0
2015-09-01 22:00:00+02:00,0,0,0
2015-09-01 23:00:00+02:00,0,0,0
2015-09-02 00:00:00+02:00,0,0,0
2015-09-02 01:00:00+02:00,0,0,0
2015-09-02 02:00:00+02:00,0,0,0
2015-09-02 03:00:00+02:00,0,0,0
2015-09-02 04:00:00+02:00,0,0,0
2015-09-02 05:00:00+02:00,0,0,0
2015-09-02 06:00:00+02:00,0,0,0
2015-09-02 07:00:00+02:00,55,108,68
2015-09-02 08:00:00+02:00,203,247,214
2015-09-02 09:00:00+02:00,390,311,370
2015-09-02 10:00:00+02:00,527,349,482
2015-09-02 11:00:00+02:00,661,413,599
2015-09-02 12:00:00+02:00,737,466,670
2015-09-02 13:00:00+02:00,757,481,688
2015-09-02 14:00:00+02:00,656,428,599
2015-09-02 15:00:00+02:00,551,369,506
2015-09-02 16:00:00+02:00,494,338,455
2015-09-02 17:00:00+02:00,336,309,329
2015-09-02 18:00:00+02:00,145,212,162
2015-09-02 19:00:00+02:00,14,28,18
2015-09-02 20:00:00+02:00,0,0,0
2015-09-02 21:00:00+02:00,0,0,0
2015-09-02 22:00:00+02:00,0,0,0
2015-09-02 23:00:00+02:00,0,0,0
2015-09-03 00:00:00+02:00,0,0,0
2015-09-03 01:00:00+02:00,0,0,0
2015-09-03 02:00:00+02:00,0,0,0
2015-09-03 03:00:00+02:00,0,0,0
2015-09-03 04:00:00+02:00,0,0,0
2015-09-03 05:00:00+02:00,0,0,0
2015-09-03 06:00:00+02:00,0,0,0
2015-09-03 07:00:00+02:00,48,98,60
2015-09-03 08:00:00+02:00,220,268,232
2015-09-03 09:00:00+02:00,345,289,331
2015-09-03 10:00:00+02:00,531,343,484
2015-09-03 11:00:00+02:00,501,337,460
2015-09-03 12:00:00+02:00,301,254,290
2015-09-03 13:00:00+02:00,464,329,430
2015-09-03 14:00:00+02:00,315,242,297
2015-09-03 15:00:00+02:00,105,95,103
2015-09-03 16:00:00+02:00,127,117,125
2015-09-03 17:00:00+02:00,88,88,88
2015-09-03 18:00:00+02:00,56,63,58
2015-09-03 19:00:00+02:00,3,6,3
2015-09-03 20:00:00+02:00,0,0,0
2015-09-03 21:00:00+02:00,0,0,0
2015-09-03 22:00:00+02:00,0,0,0
2015-09-03 23:00:00+02:00,0,0,0
2015-09-04 00:00:00+02:00,0,0,0
2015-09-04 01:00:00+02:00,0,0,0
2015-09-04 02:00:00+02:00,0,0,0
2015-09-04 03:00:00+02:00,0,0,0
2015-09-04 04:00:00+02:00,0,0,0
2015-09-04 05:00:00+02:00,0,0,0
2015-09-04 06:00:00+02:00,0,0,0
2015-09-04 07:00:00+02:00,4,4,4
2015-09-04 08:00:00+02:00,87,88,87
2015-09-04 09:00:00+02:00,107,103,107
2015-09-04 10:00:00+02:00,136,123,133
2015-09-04 11:00:00+02:00,372,285,350
2015-09-04 12:00:00+02:00,626,424,576
2015-09-04 13:00:00+02:00,657,450,606
2015-09-04 14:00:00+02:00,516,364,478
2015-09-04 15:00:00+02:00,521,358,480
2015-09-04 16:00:00+02:00,317,234,296
2015-09-04 17:00:00+02:00,196,180,192
2015-09-04 18:00:00+02:00,99,150,111
2015-09-04 19:00:00+02:00,13,21,15
2015-09-04 20:00:00+02:00,0,0,0
2015-09-04 21:00:00+02:00,0,0,0
2015-09-04 22:00:00+02:00,0,0,0
2015-09-04 23:00:00+02:00,0,0,0
2015-09-05 00:00:00+02:00,0,0,0
2015-09-05 01:00:00+02:00,0,0,0
2015-09-05 02:00:00+02:00,0,0,0
2015-09-05 03:00:00+02:00,0,0,0
2015-09-05 04:00:00+02:00,0,0,0
2015-09-05 05:00:00+02:00,0,0,0
2015-09-05 06:00:00+02:00,0,0,0
2015-09-05 07:00:00+02:00,42,80,52
2015-09-05 08:00:00+02:00,185,231,196
2015-09-05 09:00:00+02:00,381,298,360
2015-09-05 10:00:00+02:00,563,348,509
2015-09-05 11:00:00+02:00,652,395,588
2015-09-05 12:00:00+02:00,610,407,559
2015-09-05 13:00:00+02:00,523,373,485
2015-09-05 14:00:00+02:00,484,355,451
2015-09-05 15:00:00+02:00,305,247,291
2015-09-05 16:00:00+02:00,392,296,368
2015-09-05 17:00:00+02:00,271,253,267
2015-09-05 18:00:00+02:00,112,168,126
2015-09-05 19:00:00+02:00,11,21,14
2015-09-05 20:00:00+02:00,0,0,0
2015-09-05 21:00:00+02:00,0,0,0
2015-09-05 22:00:00+02:00,0,0,0
2015-09-05 23:00:00+02:00,0,0,0
2015-09-06 00:00:00+02:00,0,0,0
2015-09-06 01:00:00+02:00,0,0,0
2015-09-06 02:00:00+02:00,0,0,0
2015-09-06 03:00:00+02:00,0,0,0
2015-09-06 04:00:00+02:00,0,0,0
2015-09-06 05:00:00+02:00,0,0,0
2015-09-06 06:00:00+02:00,0,0,0
2015-09-06 07:00:00+02:00,35,58,40
2015-09-06 08:00:00+02:00,164,182,169
2015-09-06 09:00:00+02:00,350,282,333
2015-09-06 10:00:00+02:00,489,327,449
2015-09-06 11:00:00+02:00,622,405,568
2015-09-06 12:00:00+02:00,595,421,551
2015-09-06 13:00:00+02:00,615,414,565
2015-09-06 14:00:00+02:00,523,360,482
2015-09-06 15:00:00+02:00,517,355,476
2015-09-06 16:00:00+02:00,300,239,285
2015-09-06 17:00:00+02:00,174,160,170
2015-09-06 18:00:00+02:00,88,117,95
2015-09-06 19:00:00+02:00,10,17,12
2015-09-06 20:00:00+02:00,0,0,0
2015-09-06 21:00:00+02:00,0,0,0
2015-09-06 22:00:00+02:00,0,0,0
2015-09-06 23:00:00+02:00,0,0,0
2015-09-07 00:00:00+02:00,0,0,0
2015-09-07 01:00:00+02:00,0,0,0
2015-09-07 02:00:00+02:00,0,0,0
2015-09-07 03:00:00+02:00,0,0,0
2015-09-07 04:00:00+02:00,0,0,0
2015-09-07 05:00:00+02:00,0,0,0
2015-09-07 06:00:00+02:00,0,0,0
2015-09-07 07:00:00+02:00,18,25,20
2015-09-07 08:00:00+02:00,141,147,142
2015-09-07 09:00:00+02:00,394,314,374
2015-09-07 10:00:00+02:00,559,353,508
2015-09-07 11:00:00+02:00,398,292,372
2015-09-07 12:00:00+02:00,308,247,293
2015-09-07 13:00:00+02:00,250,213,241
2015-09-07 14:00:00+02:00,443,306,408
2015-09-07 15:00:00+02:00,485,326,445
2015-09-07 16:00:00+02:00,385,284,360
2015-09-07 17:00:00+02:00,295,275,290
2015-09-07 18:00:00+02:00,88,132,99
2015-09-07 19:00:00+02:00,6,14,8
2015-09-07 20:00:00+02:00,0,0,0
2015-09-07 21:00:00+02:00,0,0,0
2015-09-07 22:00:00+02:00,0,0,0
2015-09-07 23:00:00+02:00,0,0,0
2015-09-08 00:00:00+02:00,0,0,0
2015-09-08 01:00:00+02:00,0,0,0
2015-09-08 02:00:00+02:00,0,0,0
2015-09-08 03:00:00+02:00,0,0,0
2015-09-08 04:00:00+02:00,0,0,0
2015-09-08 05:00:00+02:00,0,0,0
2015-09-08 06:00:00+02:00,0,0,0
2015-09-08 07:00:00+02:00,25,35,27
2015-09-08 08:00:00+02:00,142,166,148
2015-09-08 09:00:00+02:00,381,295,359
2015-09-08 10:00:00+02:00,562,348,508
2015-09-08 11:00:00+02:00,671,429,611
2015-09-08 12:00:00+02:00,724,452,656
2015-09-08 13:00:00+02:00,659,424,600
2015-09-08 14:00:00+02:00,637,406,579
2015-09-08 15:00:00+02:00,359,264,335
2015-09-08 16:00:00+02:00,259,216,248
2015-09-08 17:00:00+02:00,204,181,198
2015-09-08 18:00:00+02:00,43,46,44
2015-09-08 19:00:00+02:00,6,9,7
2015-09-08 20:00:00+02:00,0,0,0
2015-09-08 21:00:00+02:00,0,0,0
2015-09-08 22:00:00+02:00,0,0,0
2015-09-08 23:00:00+02:00,0,0,0
2015-09-09 00:00:00+02:00,0,0,0
2015-09-09 01:00:00+02:00,0,0,0
2015-09-09 02:00:00+02:00,0,0,0
2015-09-09 03:00:00+02:00,0,0,0
2015-09-09 04:00:00+02:00,0,0,0
2015-09-09 05:00:00+02:00,0,0,0
2015-09-09 06:00:00+02:00,0,0,0
2015-09-09 07:00:00+02:00,31,57,38
2015-09-09 08:00:00+02:00,194,217,199
2015-09-09 09:00:00+02:00,393,301,370
2015-09-09 10:00:00+02:00,564,336,507
2015-09-09 11:00:00+02:00,687,398,615
2015-09-09 12:00:00+02:00,748,441,671
2015-09-09 13:00:00+02:00,759,450,681
2015-09-09 14:00:00+02:00,720,421,645
2015-09-09 15:00:00+02:00,632,365,565
2015-09-09 16:00:00+02:00,487,318,445
2015-09-09 17:00:00+02:00,303,281,298
2015-09-09 18:00:00+02:00,104,166,120
2015-09-09 19:00:00+02:00,7,14,9
2015-09-09 20:00:00+02:00,0,0,0
2015-09-09 21:00:00+02:00,0,0,0
2015-09-09 22:00:00+02:00,0,0,0
2015-09-09 23:00:00+02:00,0,0,0
2015-09-10 00:00:00+02:00,0,0,0
2015-09-10 01:00:00+02:00,0,0,0
2015-09-10 02:00:00+02:00,0,0,0
2015-09-10 03:00:00+02:00,0,0,0
2015-09-10 04:00:00+02:00,0,0,0
2015-09-10 05:00:00+02:00,0,0,0
2015-09-10 06:00:00+02:00,0,0,0
2015-09-10 07:00:00+02:00,31,51,36
2015-09-10 08:00:00+02:00,114,117,115
2015-09-10 09:00:00+02:00,236,196,226
2015-09-10 10:00:00+02:00,287,230,273
2015-09-10 11:00:00+02:00,244,209,235
2015-09-10 12:00:00+02:00,158,150,156
2015-09-10 13:00:00+02:00,46,46,46
2015-09-10 14:00:00+02:00,117,109,115
2015-09-10 15:00:00+02:00,213,184,206
2015-09-10 16:00:00+02:00,119,110,116
2015-09-10 17:00:00+02:00,108,108,108
2015-09-10 18:00:00+02:00,59,68,62
2015-09-10 19:00:00+02:00,1,1,1
2015-09-10 20:00:00+02:00,0,0,0
2015-09-10 21:00:00+02:00,0,0,0
2015-09-10 22:00:00+02:00,0,0,0
2015-09-10 23:00:00+02:00,0,0,0
2015-09-11 00:00:00+02:00,0,0,0
2015-09-11 01:00:00+02:00,0,0,0
2015-09-11 02:00:00+02:00,0,0,0
2015-09-11 03:00:00+02:00,0,0,0
2015-09-11 04:00:00+02:00,0,0,0
2015-09-11 05:00:00+02:00,0,0,0
2015-09-11 06:00:00+02:00,0,0,0
2015-09-11 07:00:00+02:00,15,16,15
2015-09-11 08:00:00+02:00,58,58,58
2015-09-11 09:00:00+02:00,121,114,119
2015-09-11 10:00:00+02:00,259,209,247
2015-09-11 11:00:00+02:00,348,271,329
2015-09-11 12:00:00+02:00,453,325,421
2015-09-11 13:00:00+02:00,510,360,473
2015-09-11 14:00:00+02:00,478,333,442
2015-09-11 15:00:00+02:00,413,290,382
2015-09-11 16:00:00+02:00,340,254,318
2015-09-11 17:00:00+02:00,255,243,252
2015-09-11 18:00:00+02:00,85,126,95
2015-09-11 19:00:00+02:00,4,6,4
2015-09-11 20:00:00+02:00,0,0,0
2015-09-11 21:00:00+02:00,0,0,0
2015-09-11 22:00:00+02:00,0,0,0
2015-09-11 23:00:00+02:00,0,0,0
2015-09-12 00:00:00+02:00,0,0,0
2015-09-12 01:00:00+02:00,0,0,0
2015-09-12 02:00:00+02:00,0,0,0
2015-09-12 03:00:00+02:00,0,0,0
2015-09-12 04:00:00+02:00,0,0,0
2015-09-12 05:00:00+02:00,0,0,0
2015-09-12 06:00:00+02:00,0,0,0
2015-09-12 07:00:00+02:00,31,54,37
2015-09-12 08:00:00+02:00,190,231,200
2015-09-12 09:00:00+02:00,399,304,375
2015-09-12 10:00:00+02:00,577,354,521
2015-09-12 11:00:00+02:00,698,416,627
2015-09-12 12:00:00+02:00,716,477,656
2015-09-12 13:00:00+02:00,767,488,697
2015-09-12 14:00:00+02:00,710,448,645
2015-09-12 15:00:00+02:00,628,381,567
2015-09-12 16:00:00+02:00,472,324,435
2015-09-12 17:00:00+02:00,303,284,298
2015-09-12 18:00:00+02:00,81,122,91
2015-09-12 19:00:00+02:00,3,6,4
2015-09-12 20:00:00+02:00,0,0,0
2015-09-12 21:00:00+02:00,0,0,0
2015-09-12 22:00:00+02:00,0,0,0
2015-09-12 23:00:00+02:00,0,0,0
2015-09-13 00:00:00+02:00,0,0,0
2015-09-13 01:00:00+02:00,0,0,0
2015-09-13 02:00:00+02:00,0,0,0
2015-09-13 03:00:00+02:00,0,0,0
2015-09-13 04:00:00+02:00,0,0,0
2015-09-13 05:00:00+02:00,0,0,0
2015-09-13 06:00:00+02:00,0,0,0
2015-09-13 07:00:00+02:00,25,43,29
2015-09-13 08:00:00+02:00,198,239,209
2015-09-13 09:00:00+02:00,389,306,369
2015-09-13 10:00:00+02:00,545,351,497
2015-09-13 11:00:00+02:00,677,417,612
2015-09-13 12:00:00+02:00,733,458,664
2015-09-13 13:00:00+02:00,730,466,664
2015-09-13 14:00:00+02:00,675,433,614
2015-09-13 15:00:00+02:00,631,371,566
2015-09-13 16:00:00+02:00,459,315,423
2015-09-13 17:00:00+02:00,277,255,272
2015-09-13 18:00:00+02:00,86,138,99
2015-09-13 19:00:00+02:00,2,3,2
2015-09-13 20:00:00+02:00,0,0,0
2015-09-13 21:00:00+02:00,0,0,0
2015-09-13 22:00:00+02:00,0,0,0
2015-09-13 23:00:00+02:00,0,0,0
2015-09-14 00:00:00+02:00,0,0,0
2015-09-14 01:00:00+02:00,0,0,0
2015-09-14 02:00:00+02:00,0,0,0
2015-09-14 03:00:00+02:00,0,0,0
2015-09-14 04:00:00+02:00,0,0,0
2015-09-14 05:00:00+02:00,0,0,0
2015-09-14 06:00:00+02:00,0,0,0
2015-09-14 07:00:00+02:00,32,56,38
2015-09-14 08:00:00+02:00,184,214,191
2015-09-14 09:00:00+02:00,384,299,363
2015-09-14 10:00:00+02:00,459,291,417
2015-09-14 11:00:00+02:00,157,144,154
2015-09-14 12:00:00+02:00,251,200,239
2015-09-14 13:00:00+02:00,360,270,338
2015-09-14 14:00:00+02:00,240,190,227
2015-09-14 15:00:00+02:00,307,229,287
2015-09-14 16:00:00+02:00,123,113,121
2015-09-14 17:00:00+02:00,54,52,53
2015-09-14 18:00:00+02:00,25,27,26
2015-09-14 19:00:00+02:00,2,2,2
2015-09-14 20:00:00+02:00,0,0,0
2015-09-14 21:00:00+02:00,0,0,0
2015-09-14 22:00:00+02:00,0,0,0
2015-09-14 23:00:00+02:00,0,0,0
2015-09-15 00:00:00+02:00,0,0,0
2015-09-15 01:00:00+02:00,0,0,0
2015-09-15 02:00:00+02:00,0,0,0
2015-09-15 03:00:00+02:00,0,0,0
2015-09-15 04:00:00+02:00,0,0,0
2015-09-15 05:00:00+02:00,0,0,0
2015-09-15 06:00:00+02:00,0,0,0
2015-09-15 07:00:00+02:00,29,50,34
2015-09-15 08:00:00+02:00,183,214,190
2015-09-15 09:00:00+02:00,341,277,325
2015-09-15 10:00:00+02:00,477,300,433
2015-09-15 11:00:00+02:00,582,373,530
2015-09-15 12:00:00+02:00,622,417,570
2015-09-15 13:00:00+02:00,629,398,572
2015-09-15 14:00:00+02:00,450,303,413
2015-09-15 15:00:00+02:00,219,176,208
2015-09-15 16:00:00+02:00,239,177,224
2015-09-15 17:00:00+02:00,180,164,176
2015-09-15 18:00:00+02:00,62,84,67
2015-09-15 19:00:00+02:00,1,3,1
2015-09-15 20:00:00+02:00,0,0,0
2015-09-15 21:00:00+02:00,0,0,0
2015-09-15 22:00:00+02:00,0,0,0
2015-09-15 23:00:00+02:00,0,0,0
2015-09-16 00:00:00+02:00,0,0,0
2015-09-16 01:00:00+02:00,0,0,0
2015-09-16 02:00:00+02:00,0,0,0
2015-09-16 03:00:00+02:00,0,0,0
2015-09-16 04:00:00+02:00,0,0,0
2015-09-16 05:00:00+02:00,0,0,0
2015-09-16 06:00:00+02:00,0,0,0
2015-09-16 07:00:00+02:00,13,25,16
2015-09-16 08:00:00+02:00,186,208,192
2015-09-16 09:00:00+02:00,315,254,299
2015-09-16 10:00:00+02:00,328,234,305
2015-09-16 11:00:00+02:00,272,205,256
2015-09-16 12:00:00+02:00,432,272,392
2015-09-16 13:00:00+02:00,415,290,383
2015-09-16 14:00:00+02:00,303,243,288
2015-09-16 15:00:00+02:00,229,189,219
2015-09-16 16:00:00+02:00,69,67,69
2015-09-16 17:00:00+02:00,74,75,74
2015-09-16 18:00:00+02:00,51,67,55
2015-09-16 19:00:00+02:00,2,4,3
2015-09-16 20:00:00+02:00,0,0,0
2015-09-16 21:00:00+02:00,0,0,0
2015-09-16 22:00:00+02:00,0,0,0
2015-09-16 23:00:00+02:00,0,0,0
2015-09-17 00:00:00+02:00,0,0,0
2015-09-17 01:00:00+02:00,0,0,0
2015-09-17 02:00:00+02:00,0,0,0
2015-09-17 03:00:00+02:00,0,0,0
2015-09-17 04:00:00+02:00,0,0,0
2015-09-17 05:00:00+02:00,0,0,0
2015-09-17 06:00:00+02:00,0,0,0
2015-09-17 07:00:00+02:00,6,7,6
2015-09-17 08:00:00+02:00,72,75,73
2015-09-17 09:00:00+02:00,76,75,76
2015-09-17 10:00:00+02:00,104,99,103
2015-09-17 11:00:00+02:00,256,208,244
2015-09-17 12:00:00+02:00,476,333,440
2015-09-17 13:00:00+02:00,431,309,400
2015-09-17 14:00:00+02:00,350,261,328
2015-09-17 15:00:00+02:00,218,168,205
2015-09-17 16:00:00+02:00,167,146,161
2015-09-17 17:00:00+02:00,135,138,136
2015-09-17 18:00:00+02:00,30,35,31
2015-09-17 19:00:00+02:00,0,0,0
2015-09-17 20:00:00+02:00,0,0,0
2015-09-17 21:00:00+02:00,0,0,0
2015-09-17 22:00:00+02:00,0,0,0
2015-09-17 23:00:00+02:00,0,0,0
2015-09-18 00:00:00+02:00,0,0,0
2015-09-18 01:00:00+02:00,0,0,0
2015-09-18 02:00:00+02:00,0,0,0
2015-09-18 03:00:00+02:00,0,0,0
2015-09-18 04:00:00+02:00,0,0,0
2015-09-18 05:00:00+02:00,0,0,0
2015-09-18 06:00:00+02:00,0,0,0
2015-09-18 07:00:00+02:00,12,15,13
2015-09-18 08:00:00+02:00,78,83,79
2015-09-18 09:00:00+02:00,40,40,40
2015-09-18 10:00:00+02:00,41,41,41
2015-09-18 11:00:00+02:00,62,61,62
2015-09-18 12:00:00+02:00,69,67,69
2015-09-18 13:00:00+02:00,60,59,60
2015-09-18 14:00:00+02:00,64,58,62
2015-09-18 15:00:00+02:00,50,50,50
2015-09-18 16:00:00+02:00,73,71,72
2015-09-18 17:00:00+02:00,33,33,33
2015-09-18 18:00:00+02:00,8,8,8
2015-09-18 19:00:00+02:00,0,0,0
2015-09-18 20:00:00+02:00,0,0,0
2015-09-18 21:00:00+02:00,0,0,0
2015-09-18 22:00:00+02:00,0,0,0
2015-09-18 23:00:00+02:00,0,0,0
2015-09-19 00:00:00+02:00,0,0,0
2015-09-19 01:00:00+02:00,0,0,0
2015-09-19 02:00:00+02:00,0,0,0
2015-09-19 03:00:00+02:00,0,0,0
2015-09-19 04:00:00+02:00,0,0,0
2015-09-19 05:00:00+02:00,0,0,0
2015-09-19 06:00:00+02:00,0,0,0
2015-09-19 07:00:00+02:00,19,36,24
2015-09-19 08:00:00+02:00,166,188,171
2015-09-19 09:00:00+02:00,278,224,265
2015-09-19 10:00:00+02:00,309,232,290
2015-09-19 11:00:00+02:00,301,233,284
2015-09-19 12:00:00+02:00,275,208,258
2015-09-19 13:00:00+02:00,254,206,242
2015-09-19 14:00:00+02:00,196,156,186
2015-09-19 15:00:00+02:00,275,209,259
2015-09-19 16:00:00+02:00,208,172,199
2015-09-19 17:00:00+02:00,83,87,84
2015-09-19 18:00:00+02:00,26,31,28
2015-09-19 19:00:00+02:00,0,0,0
2015-09-19 20:00:00+02:00,0,0,0
2015-09-19 21:00:00+02:00,0,0,0
2015-09-19 22:00:00+02:00,0,0,0
2015-09-19 23:00:00+02:00,0,0,0
2015-09-20 00:00:00+02:00,0,0,0
2015-09-20 01:00:00+02:00,0,0,0
2015-09-20 02:00:00+02:00,0,0,0
2015-09-20 03:00:00+02:00,0,0,0
2015-09-20 04:00:00+02:00,0,0,0
2015-09-20 05:00:00+02:00,0,0,0
2015-09-20 06:00:00+02:00,0,0,0
2015-09-20 07:00:00+02:00,21,38,26
2015-09-20 08:00:00+02:00,171,188,176
2015-09-20 09:00:00+02:00,385,290,361
2015-09-20 10:00:00+02:00,535,312,479
2015-09-20 11:00:00+02:00,568,346,512
2015-09-20 12:00:00+02:00,591,375,537
2015-09-20 13:00:00+02:00,671,416,607
2015-09-20 14:00:00+02:00,679,380,605
2015-09-20 15:00:00+02:00,594,327,527
2015-09-20 16:00:00+02:00,448,295,410
2015-09-20 17:00:00+02:00,258,244,255
2015-09-20 18:00:00+02:00,47,70,53
2015-09-20 19:00:00+02:00,0,0,0
2015-09-20 20:00:00+02:00,0,0,0
2015-09-20 21:00:00+02:00,0,0,0
2015-09-20 22:00:00+02:00,0,0,0
2015-09-20 23:00:00+02:00,0,0,0
2015-09-21 00:00:00+02:00,0,0,0
2015-09-21 01:00:00+02:00,0,0,0
2015-09-21 02:00:00+02:00,0,0,0
2015-09-21 03:00:00+02:00,0,0,0
2015-09-21 04:00:00+02:00,0,0,0
2015-09-21 05:00:00+02:00,0,0,0
2015-09-21 06:00:00+02:00,0,0,0
2015-09-21 07:00:00+02:00,16,31,19
2015-09-21 08:00:00+02:00,181,207,188
2015-09-21 09:00:00+02:00,373,282,350
2015-09-21 10:00:00+02:00,524,308,470
2015-09-21 11:00:00+02:00,597,346,534
2015-09-21 12:00:00+02:00,706,406,631
2015-09-21 13:00:00+02:00,699,396,623
2015-09-21 14:00:00+02:00,608,362,546
2015-09-21 15:00:00+02:00,505,308,456
2015-09-21 16:00:00+02:00,392,273,362
2015-09-21 17:00:00+02:00,176,179,177
2015-09-21 18:00:00+02:00,21,27,22
2015-09-21 19:00:00+02:00,0,0,0
2015-09-21 20:00:00+02:00,0,0,0
2015-09-21 21:00:00+02:00,0,0,0
2015-09-21 22:00:00+02:00,0,0,0
2015-09-21 23:00:00+02:00,0,0,0
2015-09-22 00:00:00+02:00,0,0,0
2015-09-22 01:00:00+02:00,0,0,0
2015-09-22 02:00:00+02:00,0,0,0
2015-09-22 03:00:00+02:00,0,0,0
2015-09-22 04:00:00+02:00,0,0,0
2015-09-22 05:00:00+02:00,0,0,0
2015-09-22 06:00:00+02:00,0,0,0
2015-09-22 07:00:00+02:00,15,27,18
2015-09-22 08:00:00+02:00,81,90,83
2015-09-22 09:00:00+02:00,197,160,188
2015-09-22 10:00:00+02:00,336,233,310
2015-09-22 11:00:00+02:00,440,292,403
2015-09-22 12:00:00+02:00,225,178,213
2015-09-22 13:00:00+02:00,137,125,134
2015-09-22 14:00:00+02:00,81,78,80
2015-09-22 15:00:00+02:00,285,192,262
2015-09-22 16:00:00+02:00,325,236,303
2015-09-22 17:00:00+02:00,145,129,141
2015-09-22 18:00:00+02:00,25,38,29
2015-09-22 19:00:00+02:00,0,0,0
2015-09-22 20:00:00+02:00,0,0,0
2015-09-22 21:00:00+02:00,0,0,0
2015-09-22 22:00:00+02:00,0,0,0
2015-09-22 23:00:00+02:00,0,0,0
2015-09-23 00:00:00+02:00,0,0,0
2015-09-23 01:00:00+02:00,0,0,0
2015-09-23 02:00:00+02:00,0,0,0
2015-09-23 03:00:00+02:00,0,0,0
2015-09-23 04:00:00+02:00,0,0,0
2015-09-23 05:00:00+02:00,0,0,0
2015-09-23 06:00:00+02:00,0,0,0
2015-09-23 07:00:00+02:00,17,32,21
2015-09-23 08:00:00+02:00,186,211,192
2015-09-23 09:00:00+02:00,422,312,395
2015-09-23 10:00:00+02:00,520,310,468
2015-09-23 11:00:00+02:00,493,309,447
2015-09-23 12:00:00+02:00,436,288,399
2015-09-23 13:00:00+02:00,253,218,244
2015-09-23 14:00:00+02:00,278,211,261
2015-09-23 15:00:00+02:00,244,179,228
2015-09-23 16:00:00+02:00,328,238,306
2015-09-23 17:00:00+02:00,207,207,207
2015-09-23 18:00:00+02:00,39,56,44
2015-09-23 19:00:00+02:00,0,0,0
2015-09-23 20:00:00+02:00,0,0,0
2015-09-23 21:00:00+02:00,0,0,0
2015-09-23 22:00:00+02:00,0,0,0
2015-09-23 23:00:00+02:00,0,0,0
2015-09-24 00:00:00+02:00,0,0,0
2015-09-24 01:00:00+02:00,0,0,0
2015-09-24 02:00:00+02:00,0,0,0
2015-09-24 03:00:00+02:00,0,0,0
2015-09-24 04:00:00+02:00,0,0,0
2015-09-24 05:00:00+02:00,0,0,0
2015-09-24 06:00:00+02:00,0,0,0
2015-09-24 07:00:00+02:00,11,23,14
2015-09-24 08:00:00+02:00,174,191,178
2015-09-24 09:00:00+02:00,385,283,360
2015-09-24 10:00:00+02:00,555,316,495
2015-09-24 11:00:00+02:00,672,363,595
2015-09-24 12:00:00+02:00,740,407,657
2015-09-24 13:00:00+02:00,740,409,657
2015-09-24 14:00:00+02:00,688,374,609
2015-09-24 15:00:00+02:00,590,322,523
2015-09-24 16:00:00+02:00,422,280,386
2015-09-24 17:00:00+02:00,221,213,219
2015-09-24 18:00:00+02:00,26,39,29
2015-09-24 19:00:00+02:00,0,0,0
2015-09-24 20:00:00+02:00,0,0,0
2015-09-24 21:00:00+02:00,0,0,0
2015-09-24 22:00:00+02:00,0,0,0
2015-09-24 23:00:00+02:00,0,0,0
2015-09-25 00:00:00+02:00,0,0,0
2015-09-25 01:00:00+02:00,0,0,0
2015-09-25 02:00:00+02:00,0,0,0
2015-09-25 03:00:00+02:00,0,0,0
2015-09-25 04:00:00+02:00,0,0,0
2015-09-25 05:00:00+02:00,0,0,0
2015-09-25 06:00:00+02:00,0,0,0
2015-09-25 07:00:00+02:00,9,16,11
2015-09-25 08:00:00+02:00,153,164,156
2015-09-25 09:00:00+02:00,366,267,341
2015-09-25 10:00:00+02:00,546,308,487
2015-09-25 11:00:00+02:00,654,352,578
2015-09-25 12:00:00+02:00,694,380,615
2015-09-25 13:00:00+02:00,673,368,597
2015-09-25 14:00:00+02:00,665,359,589
2015-09-25 15:00:00+02:00,570,310,505
2015-09-25 16:00:00+02:00,420,279,385
2015-09-25 17:00:00+02:00,225,216,223
2015-09-25 18:00:00+02:00,36,51,40
2015-09-25 19:00:00+02:00,0,0,0
2015-09-25 20:00:00+02:00,0,0,0
2015-09-25 21:00:00+02:00,0,0,0
2015-09-25 22:00:00+02:00,0,0,0
2015-09-25 23:00:00+02:00,0,0,0
2015-09-26 00:00:00+02:00,0,0,0
2015-09-26 01:00:00+02:00,0,0,0
2015-09-26 02:00:00+02:00,0,0,0
2015-09-26 03:00:00+02:00,0,0,0
2015-09-26 04:00:00+02:00,0,0,0
2015-09-26 05:00:00+02:00,0,0,0
2015-09-26 06:00:00+02:00,0,0,0
2015-09-26 07:00:00+02:00,17,29,20
2015-09-26 08:00:00+02:00,152,169,157
2015-09-26 09:00:00+02:00,344,253,321
2015-09-26 10:00:00+02:00,541,300,480
2015-09-26 11:00:00+02:00,646,338,569
2015-09-26 12:00:00+02:00,706,378,624
2015-09-26 13:00:00+02:00,707,379,625
2015-09-26 14:00:00+02:00,627,329,552
2015-09-26 15:00:00+02:00,500,288,447
2015-09-26 16:00:00+02:00,395,261,361
2015-09-26 17:00:00+02:00,198,190,196
2015-09-26 18:00:00+02:00,28,40,31
2015-09-26 19:00:00+02:00,0,0,0
2015-09-26 20:00:00+02:00,0,0,0
2015-09-26 21:00:00+02:00,0,0,0
2015-09-26 22:00:00+02:00,0,0,0
2015-09-26 23:00:00+02:00,0,0,0
2015-09-27 00:00:00+02:00,0,0,0
2015-09-27 01:00:00+02:00,0,0,0
2015-09-27 02:00:00+02:00,0,0,0
2015-09-27 03:00:00+02:00,0,0,0
2015-09-27 04:00:00+02:00,0,0,0
2015-09-27 05:00:00+02:00,0,0,0
2015-09-27 06:00:00+02:00,0,0,0
2015-09-27 07:00:00+02:00,7,10,8
2015-09-27 08:00:00+02:00,15,15,15
2015-09-27 09:00:00+02:00,123,104,118
2015-09-27 10:00:00+02:00,307,218,285
2015-09-27 11:00:00+02:00,368,244,337
2015-09-27 12:00:00+02:00,195,168,189
2015-09-27 13:00:00+02:00,109,103,107
2015-09-27 14:00:00+02:00,168,147,163
2015-09-27 15:00:00+02:00,389,266,358
2015-09-27 16:00:00+02:00,180,147,172
2015-09-27 17:00:00+02:00,73,75,74
2015-09-27 18:00:00+02:00,19,23,20
2015-09-27 19:00:00+02:00,0,0,0
2015-09-27 20:00:00+02:00,0,0,0
2015-09-27 21:00:00+02:00,0,0,0
2015-09-27 22:00:00+02:00,0,0,0
2015-09-27 23:00:00+02:00,0,0,0
2015-09-28 00:00:00+02:00,0,0,0
2015-09-28 01:00:00+02:00,0,0,0
2015-09-28 02:00:00+02:00,0,0,0
2015-09-28 03:00:00+02:00,0,0,0
2015-09-28 04:00:00+02:00,0,0,0
2015-09-28 05:00:00+02:00,0,0,0
2015-09-28 06:00:00+02:00,0,0,0
2015-09-28 07:00:00+02:00,10,20,12
2015-09-28 08:00:00+02:00,135,144,137
2015-09-28 09:00:00+02:00,270,212,256
2015-09-28 10:00:00+02:00,273,198,255
2015-09-28 11:00:00+02:00,373,257,344
2015-09-28 12:00:00+02:00,640,365,571
2015-09-28 13:00:00+02:00,672,410,607
2015-09-28 14:00:00+02:00,691,367,610
2015-09-28 15:00:00+02:00,588,312,519
2015-09-28 16:00:00+02:00,411,270,376
2015-09-28 17:00:00+02:00,186,167,181
2015-09-28 18:00:00+02:00,12,21,14
2015-09-28 19:00:00+02:00,0,0,0
2015-09-28 20:00:00+02:00,0,0,0
2015-09-28 21:00:00+02:00,0,0,0
2015-09-28 22:00:00+02:00,0,0,0
2015-09-28 23:00:00+02:00,0,0,0
2015-09-29 00:00:00+02:00,0,0,0
2015-09-29 01:00:00+02:00,0,0,0
2015-09-29 02:00:00+02:00,0,0,0
2015-09-29 03:00:00+02:00,0,0,0
2015-09-29 04:00:00+02:00,0,0,0
2015-09-29 05:00:00+02:00,0,0,0
2015-09-29 06:00:00+02:00,0,0,0
2015-09-29 07:00:00+02:00,7,14,9
2015-09-29 08:00:00+02:00,114,122,116
2015-09-29 09:00:00+02:00,301,218,281
2015-09-29 10:00:00+02:00,524,290,466
2015-09-29 11:00:00+02:00,656,335,576
2015-09-29 12:00:00+02:00,720,376,634
2015-09-29 13:00:00+02:00,715,374,629
2015-09-29 14:00:00+02:00,655,334,575
2015-09-29 15:00:00+02:00,551,286,485
2015-09-29 16:00:00+02:00,396,257,362
2015-09-29 17:00:00+02:00,193,186,191
2015-09-29 18:00:00+02:00,24,32,26
2015-09-29 19:00:00+02:00,0,0,0
2015-09-29 20:00:00+02:00,0,0,0
2015-09-29 21:00:00+02:00,0,0,0
2015-09-29 22:00:00+02:00,0,0,0
2015-09-29 23:00:00+02:00,0,0,0
2015-09-30 00:00:00+02:00,0,0,0
2015-09-30 01:00:00+02:00,0,0,0
2015-09-30 02:00:00+02:00,0,0,0
2015-09-30 03:00:00+02:00,0,0,0
2015-09-30 04:00:00+02:00,0,0,0
2015-09-30 05:00:00+02:00,0,0,0
2015-09-30 06:00:00+02:00,0,0,0
2015-09-30 07:00:00+02:00,1,1,1
2015-09-30 08:00:00+02:00,21,21,21
2015-09-30 09:00:00+02:00,61,59,61
2015-09-30 10:00:00+02:00,75,65,73
2015-09-30 11:00:00+02:00,52,50,52
2015-09-30 12:00:00+02:00,91,86,90
2015-09-30 13:00:00+02:00,140,129,137
2015-09-30 14:00:00+02:00,129,120,127
2015-09-30 15:00:00+02:00,156,138,152
2015-09-30 16:00:00+02:00,96,89,94
2015-09-30 17:00:00+02:00,78,73,77
2015-09-30 18:00:00+02:00,19,26,21
2015-09-30 19:00:00+02:00,0,0,0
2015-09-30 20:00:00+02:00,0,0,0
2015-09-30 21:00:00+02:00,0,0,0
2015-09-30 22:00:00+02:00,0,0,0
2015-09-30 23:00:00+02:00,0,0,0
2015-10-01 00:00:00+02:00,0,0,0
2015-10-01 01:00:00+02:00,0,0,0
2015-10-01 02:00:00+02:00,0,0,0
2015-10-01 03:00:00+02:00,0,0,0
2015-10-01 04:00:00+02:00,0,0,0
2015-10-01 05:00:00+02:00,0,0,0
2015-10-01 06:00:00+02:00,0,0,0
2015-10-01 07:00:00+02:00,4,5,5
2015-10-01 08:00:00+02:00,66,74,68
2015-10-01 09:00:00+02:00,99,89,97
2015-10-01 10:00:00+02:00,114,105,112
2015-10-01 11:00:00+02:00,148,135,145
2015-10-01 12:00:00+02:00,90,87,90
2015-10-01 13:00:00+02:00,108,103,107
2015-10-01 14:00:00+02:00,120,111,118
2015-10-01 15:00:00+02:00,117,108,115
2015-10-01 16:00:00+02:00,55,53,55
2015-10-01 17:00:00+02:00,26,26,26
2015-10-01 18:00:00+02:00,2,2,2
2015-10-01 19:00:00+02:00,0,0,0
2015-10-01 20:00:00+02:00,0,0,0
2015-10-01 21:00:00+02:00,0,0,0
2015-10-01 22:00:00+02:00,0,0,0
2015-10-01 23:00:00+02:00,0,0,0
2015-10-02 00:00:00+02:00,0,0,0
2015-10-02 01:00:00+02:00,0,0,0
2015-10-02 02:00:00+02:00,0,0,0
2015-10-02 03:00:00+02:00,0,0,0
2015-10-02 04:00:00+02:00,0,0,0
2015-10-02 05:00:00+02:00,0,0,0
2015-10-02 06:00:00+02:00,0,0,0
2015-10-02 07:00:00+02:00,8,12,9
2015-10-02 08:00:00+02:00,107,122,111
2015-10-02 09:00:00+02:00,290,225,274
2015-10-02 10:00:00+02:00,332,216,303
2015-10-02 11:00:00+02:00,334,210,303
2015-10-02 12:00:00+02:00,320,236,299
2015-10-02 13:00:00+02:00,276,220,262
2015-10-02 14:00:00+02:00,341,230,314
2015-10-02 15:00:00+02:00,230,166,214
2015-10-02 16:00:00+02:00,246,194,233
2015-10-02 17:00:00+02:00,101,87,98
2015-10-02 18:00:00+02:00,12,18,14
2015-10-02 19:00:00+02:00,0,0,0
2015-10-02 20:00:00+02:00,0,0,0
2015-10-02 21:00:00+02:00,0,0,0
2015-10-02 22:00:00+02:00,0,0,0
2015-10-02 23:00:00+02:00,0,0,0
2015-10-03 00:00:00+02:00,0,0,0
2015-10-03 01:00:00+02:00,0,0,0
2015-10-03 02:00:00+02:00,0,0,0
2015-10-03 03:00:00+02:00,0,0,0
2015-10-03 04:00:00+02:00,0,0,0
2015-10-03 05:00:00+02:00,0,0,0
2015-10-03 06:00:00+02:00,0,0,0
2015-10-03 07:00:00+02:00,1,2,1
2015-10-03 08:00:00+02:00,74,77,75
2015-10-03 09:00:00+02:00,269,201,252
2015-10-03 10:00:00+02:00,340,209,308
2015-10-03 11:00:00+02:00,373,211,333
2015-10-03 12:00:00+02:00,248,150,224
2015-10-03 13:00:00+02:00,190,137,177
2015-10-03 14:00:00+02:00,180,149,172
2015-10-03 15:00:00+02:00,166,139,160
2015-10-03 16:00:00+02:00,105,96,103
2015-10-03 17:00:00+02:00,119,121,120
2015-10-03 18:00:00+02:00,10,12,11
2015-10-03 19:00:00+02:00,0,0,0
2015-10-03 20:00:00+02:00,0,0,0
2015-10-03 21:00:00+02:00,0,0,0
2015-10-03 22:00:00+02:00,0,0,0
2015-10-03 23:00:00+02:00,0,0,0
2015-10-04 00:00:00+02:00,0,0,0
2015-10-04 01:00:00+02:00,0,0,0
2015-10-04 02:00:00+02:00,0,0,0
2015-10-04 03:00:00+02:00,0,0,0
2015-10-04 04:00:00+02:00,0,0,0
2015-10-04 05:00:00+02:00,0,0,0
2015-10-04 06:00:00+02:00,0,0,0
2015-10-04 07:00:00+02:00,0,0,0
2015-10-04 08:00:00+02:00,10,11,10
2015-10-04 09:00:00+02:00,30,30,30
2015-10-04 10:00:00+02:00,56,54,56
2015-10-04 11:00:00+02:00,92,89,91
2015-10-04 12:00:00+02:00,179,153,173
2015-10-04 13:00:00+02:00,245,198,233
2015-10-04 14:00:00+02:00,189,156,181
2015-10-04 15:00:00+02:00,113,106,111
2015-10-04 16:00:00+02:00,42,42,42
2015-10-04 17:00:00+02:00,29,29,29
2015-10-04 18:00:00+02:00,4,4,4
2015-10-04 19:00:00+02:00,0,0,0
2015-10-04 20:00:00+02:00,0,0,0
2015-10-04 21:00:00+02:00,0,0,0
2015-10-04 22:00:00+02:00,0,0,0
2015-10-04 23:00:00+02:00,0,0,0
2015-10-05 00:00:00+02:00,0,0,0
2015-10-05 01:00:00+02:00,0,0,0
2015-10-05 02:00:00+02:00,0,0,0
2015-10-05 03:00:00+02:00,0,0,0
2015-10-05 04:00:00+02:00,0,0,0
2015-10-05 05:00:00+02:00,0,0,0
2015-10-05 06:00:00+02:00,0,0,0
2015-10-05 07:00:00+02:00,1,1,1
2015-10-05 08:00:00+02:00,69,73,70
2015-10-05 09:00:00+02:00,138,114,132
2015-10-05 10:00:00+02:00,175,134,165
2015-10-05 11:00:00+02:00,129,108,124
2015-10-05 12:00:00+02:00,119,112,118
2015-10-05 13:00:00+02:00,95,90,93
2015-10-05 14:00:00+02:00,75,73,75
2015-10-05 15:00:00+02:00,90,84,89
2015-10-05 16:00:00+02:00,83,79,82
2015-10-05 17:00:00+02:00,59,62,60
2015-10-05 18:00:00+02:00,9,13,10
2015-10-05 19:00:00+02:00,0,0,0
2015-10-05 20:00:00+02:00,0,0,0
2015-10-05 21:00:00+02:00,0,0,0
2015-10-05 22:00:00+02:00,0,0,0
2015-10-05 23:00:00+02:00,0,0,0
2015-10-06 00:00:00+02:00,0,0,0
2015-10-06 01:00:00+02:00,0,0,0
2015-10-06 02:00:00+02:00,0,0,0
2015-10-06 03:00:00+02:00,0,0,0
2015-10-06 04:00:00+02:00,0,0,0
2015-10-06 05:00:00+02:00,0,0,0
2015-10-06 06:00:00+02:00,0,0,0
2015-10-06 07:00:00+02:00,1,1,1
2015-10-06 08:00:00+02:00,76,78,76
2015-10-06 09:00:00+02:00,179,141,170
2015-10-06 10:00:00+02:00,475,270,424
2015-10-06 11:00:00+02:00,642,322,562
2015-10-06 12:00:00+02:00,721,363,632
2015-10-06 13:00:00+02:00,703,369,619
2015-10-06 14:00:00+02:00,641,333,564
2015-10-06 15:00:00+02:00,491,278,438
2015-10-06 16:00:00+02:00,275,197,255
2015-10-06 17:00:00+02:00,133,130,132
2015-10-06 18:00:00+02:00,15,24,17
2015-10-06 19:00:00+02:00,0,0,0
2015-10-06 20:00:00+02:00,0,0,0
2015-10-06 21:00:00+02:00,0,0,0
2015-10-06 22:00:00+02:00,0,0,0
2015-10-06 23:00:00+02:00,0,0,0
2015-10-07 00:00:00+02:00,0,0,0
2015-10-07 01:00:00+02:00,0,0,0
2015-10-07 02:00:00+02:00,0,0,0
2015-10-07 03:00:00+02:00,0,0,0
2015-10-07 04:00:00+02:00,0,0,0
2015-10-07 05:00:00+02:00,0,0,0
2015-10-07 06:00:00+02:00,0,0,0
2015-10-07 07:00:00+02:00,3,5,4
2015-10-07 08:00:00+02:00,96,94,96
2015-10-07 09:00:00+02:00,217,168,205
2015-10-07 10:00:00+02:00,194,147,182
2015-10-07 11:00:00+02:00,208,151,194
2015-10-07 12:00:00+02:00,159,142,154
2015-10-07 13:00:00+02:00,85,82,84
2015-10-07 14:00:00+02:00,53,52,53
2015-10-07 15:00:00+02:00,132,114,128
2015-10-07 16:00:00+02:00,145,116,138
2015-10-07 17:00:00+02:00,90,94,91
2015-10-07 18:00:00+02:00,14,23,16
2015-10-07 19:00:00+02:00,0,0,0
2015-10-07 20:00:00+02:00,0,0,0
2015-10-07 21:00:00+02:00,0,0,0
2015-10-07 22:00:00+02:00,0,0,0
2015-10-07 23:00:00+02:00,0,0,0
2015-10-08 00:00:00+02:00,0,0,0
2015-10-08 01:00:00+02:00,0,0,0
2015-10-08 02:00:00+02:00,0,0,0
2015-10-08 03:00:00+02:00,0,0,0
2015-10-08 04:00:00+02:00,0,0,0
2015-10-08 05:00:00+02:00,0,0,0
2015-10-08 06:00:00+02:00,0,0,0
2015-10-08 07:00:00+02:00,0,0,0
2015-10-08 08:00:00+02:00,31,37,33
2015-10-08 09:00:00+02:00,112,92,107
2015-10-08 10:00:00+02:00,134,114,129
2015-10-08 11:00:00+02:00,87,82,86
2015-10-08 12:00:00+02:00,121,112,119
2015-10-08 13:00:00+02:00,116,108,114
2015-10-08 14:00:00+02:00,82,79,81
2015-10-08 15:00:00+02:00,131,104,124
2015-10-08 16:00:00+02:00,154,116,145
2015-10-08 17:00:00+02:00,57,56,57
2015-10-08 18:00:00+02:00,5,7,6
2015-10-08 19:00:00+02:00,0,0,0
2015-10-08 20:00:00+02:00,0,0,0
2015-10-08 21:00:00+02:00,0,0,0
2015-10-08 22:00:00+02:00,0,0,0
2015-10-08 23:00:00+02:00,0,0,0
2015-10-09 00:00:00+02:00,0,0,0
2015-10-09 01:00:00+02:00,0,0,0
2015-10-09 02:00:00+02:00,0,0,0
2015-10-09 03:00:00+02:00,0,0,0
2015-10-09 04:00:00+02:00,0,0,0
2015-10-09 05:00:00+02:00,0,0,0
2015-10-09 06:00:00+02:00,0,0,0
2015-10-09 07:00:00+02:00,0,0,0
2015-10-09 08:00:00+02:00,56,61,57
2015-10-09 09:00:00+02:00,66,63,65
2015-10-09 10:00:00+02:00,49,48,48
2015-10-09 11:00:00+02:00,42,41,41
2015-10-09 12:00:00+02:00,70,67,69
2015-10-09 13:00:00+02:00,59,52,57
2015-10-09 14:00:00+02:00,38,38,38
2015-10-09 15:00:00+02:00,55,51,54
2015-10-09 16:00:00+02:00,40,39,40
2015-10-09 17:00:00+02:00,30,29,30
2015-10-09 18:00:00+02:00,0,0,0
2015-10-09 19:00:00+02:00,0,0,0
2015-10-09 20:00:00+02:00,0,0,0
2015-10-09 21:00:00+02:00,0,0,0
2015-10-09 22:00:00+02:00,0,0,0
2015-10-09 23:00:00+02:00,0,0,0
2015-10-10 00:00:00+02:00,0,0,0
2015-10-10 01:00:00+02:00,0,0,0
2015-10-10 02:00:00+02:00,0,0,0
2015-10-10 03:00:00+02:00,0,0,0
2015-10-10 04:00:00+02:00,0,0,0
2015-10-10 05:00:00+02:00,0,0,0
2015-10-10 06:00:00+02:00,0,0,0
2015-10-10 07:00:00+02:00,0,0,0
2015-10-10 08:00:00+02:00,15,15,15
2015-10-10 09:00:00+02:00,27,26,27
2015-10-10 10:00:00+02:00,40,39,40
2015-10-10 11:00:00+02:00,57,55,56
2015-10-10 12:00:00+02:00,101,86,97
2015-10-10 13:00:00+02:00,87,80,86
2015-10-10 14:00:00+02:00,65,63,65
2015-10-10 15:00:00+02:00,144,110,135
2015-10-10 16:00:00+02:00,316,225,293
2015-10-10 17:00:00+02:00,166,159,164
2015-10-10 18:00:00+02:00,7,11,8
2015-10-10 19:00:00+02:00,0,0,0
2015-10-10 20:00:00+02:00,0,0,0
2015-10-10 21:00:00+02:00,0,0,0
2015-10-10 22:00:00+02:00,0,0,0
2015-10-10 23:00:00+02:00,0,0,0
2015-10-11 00:00:00+02:00,0,0,0
2015-10-11 01:00:00+02:00,0,0,0
2015-10-11 02:00:00+02:00,0,0,0
2015-10-11 03:00:00+02:00,0,0,0
2015-10-11 04:00:00+02:00,0,0,0
2015-10-11 05:00:00+02:00,0,0,0
2015-10-11 06:00:00+02:00,0,0,0
2015-10-11 07:00:00+02:00,3,4,3
2015-10-11 08:00:00+02:00,83,92,85
2015-10-11 09:00:00+02:00,249,184,233
2015-10-11 10:00:00+02:00,334,204,301
2015-10-11 11:00:00+02:00,325,195,293
2015-10-11 12:00:00+02:00,322,212,294
2015-10-11 13:00:00+02:00,421,247,377
2015-10-11 14:00:00+02:00,541,291,478
2015-10-11 15:00:00+02:00,501,260,441
2015-10-11 16:00:00+02:00,337,232,310
2015-10-11 17:00:00+02:00,122,106,118
2015-10-11 18:00:00+02:00,0,0,0
2015-10-11 19:00:00+02:00,0,0,0
2015-10-11 20:00:00+02:00,0,0,0
2015-10-11 21:00:00+02:00,0,0,0
2015-10-11 22:00:00+02:00,0,0,0
2015-10-11 23:00:00+02:00,0,0,0
2015-10-12 00:00:00+02:00,0,0,0
2015-10-12 01:00:00+02:00,0,0,0
2015-10-12 02:00:00+02:00,0,0,0
2015-10-12 03:00:00+02:00,0,0,0
2015-10-12 04:00:00+02:00,0,0,0
2015-10-12 05:00:00+02:00,0,0,0
2015-10-12 06:00:00+02:00,0,0,0
2015-10-12 07:00:00+02:00,1,2,1
2015-10-12 08:00:00+02:00,36,40,37
2015-10-12 09:00:00+02:00,94,86,92
2015-10-12 10:00:00+02:00,165,134,157
2015-10-12 11:00:00+02:00,374,215,334
2015-10-12 12:00:00+02:00,630,324,553
2015-10-12 13:00:00+02:00,710,351,621
2015-10-12 14:00:00+02:00,645,321,564
2015-10-12 15:00:00+02:00,537,278,472
2015-10-12 16:00:00+02:00,340,240,315
2015-10-12 17:00:00+02:00,139,134,137
2015-10-12 18:00:00+02:00,2,4,3
2015-10-12 19:00:00+02:00,0,0,0
2015-10-12 20:00:00+02:00,0,0,0
2015-10-12 21:00:00+02:00,0,0,0
2015-10-12 22:00:00+02:00,0,0,0
2015-10-12 23:00:00+02:00,0,0,0
2015-10-13 00:00:00+02:00,0,0,0
2015-10-13 01:00:00+02:00,0,0,0
2015-10-13 02:00:00+02:00,0,0,0
2015-10-13 03:00:00+02:00,0,0,0
2015-10-13 04:00:00+02:00,0,0,0
2015-10-13 05:00:00+02:00,0,0,0
2015-10-13 06:00:00+02:00,0,0,0
2015-10-13 07:00:00+02:00,1,1,1
2015-10-13 08:00:00+02:00,42,48,43
2015-10-13 09:00:00+02:00,111,86,105
2015-10-13 10:00:00+02:00,139,109,132
2015-10-13 11:00:00+02:00,140,123,136
2015-10-13 12:00:00+02:00,217,171,205
2015-10-13 13:00:00+02:00,449,253,400
2015-10-13 14:00:00+02:00,577,309,510
2015-10-13 15:00:00+02:00,543,287,479
2015-10-13 16:00:00+02:00,392,252,357
2015-10-13 17:00:00+02:00,126,121,125
2015-10-13 18:00:00+02:00,0,0,0
2015-10-13 19:00:00+02:00,0,0,0
2015-10-13 20:00:00+02:00,0,0,0
2015-10-13 21:00:00+02:00,0,0,0
2015-10-13 22:00:00+02:00,0,0,0
2015-10-13 23:00:00+02:00,0,0,0
2015-10-14 00:00:00+02:00,0,0,0
2015-10-14 01:00:00+02:00,0,0,0
2015-10-14 02:00:00+02:00,0,0,0
2015-10-14 03:00:00+02:00,0,0,0
2015-10-14 04:00:00+02:00,0,0,0
2015-10-14 05:00:00+02:00,0,0,0
2015-10-14 06:00:00+02:00,0,0,0
2015-10-14 07:00:00+02:00,0,0,0
2015-10-14 08:00:00+02:00,113,116,114
2015-10-14 09:00:00+02:00,340,229,312
2015-10-14 10:00:00+02:00,490,246,429
2015-10-14 11:00:00+02:00,601,269,518
2015-10-14 12:00:00+02:00,681,311,588
2015-10-14 13:00:00+02:00,680,312,588
2015-10-14 14:00:00+02:00,628,281,541
2015-10-14 15:00:00+02:00,501,244,437
2015-10-14 16:00:00+02:00,284,194,262
2015-10-14 17:00:00+02:00,81,82,81
2015-10-14 18:00:00+02:00,0,0,0
2015-10-14 19:00:00+02:00,0,0,0
2015-10-14 20:00:00+02:00,0,0,0
2015-10-14 21:00:00+02:00,0,0,0
2015-10-14 22:00:00+02:00,0,0,0
2015-10-14 23:00:00+02:00,0,0,0
2015-10-15 00:00:00+02:00,0,0,0
2015-10-15 01:00:00+02:00,0,0,0
2015-10-15 02:00:00+02:00,0,0,0
2015-10-15 03:00:00+02:00,0,0,0
2015-10-15 04:00:00+02:00,0,0,0
2015-10-15 05:00:00+02:00,0,0,0
2015-10-15 06:00:00+02:00,0,0,0
2015-10-15 07:00:00+02:00,0,0,0
2015-10-15 08:00:00+02:00,8,8,8
2015-10-15 09:00:00+02:00,40,39,40
2015-10-15 10:00:00+02:00,78,74,77
2015-10-15 11:00:00+02:00,99,92,97
2015-10-15 12:00:00+02:00,135,123,132
2015-10-15 13:00:00+02:00,167,147,162
2015-10-15 14:00:00+02:00,115,105,113
2015-10-15 15:00:00+02:00,124,103,119
2015-10-15 16:00:00+02:00,118,98,113
2015-10-15 17:00:00+02:00,67,68,67
2015-10-15 18:00:00+02:00,0,0,0
2015-10-15 19:00:00+02:00,0,0,0
2015-10-15 20:00:00+02:00,0,0,0
2015-10-15 21:00:00+02:00,0,0,0
2015-10-15 22:00:00+02:00,0,0,0
2015-10-15 23:00:00+02:00,0,0,0
2015-10-16 00:00:00+02:00,0,0,0
2015-10-16 01:00:00+02:00,0,0,0
2015-10-16 02:00:00+02:00,0,0,0
2015-10-16 03:00:00+02:00,0,0,0
2015-10-16 04:00:00+02:00,0,0,0
2015-10-16 05:00:00+02:00,0,0,0
2015-10-16 06:00:00+02:00,0,0,0
2015-10-16 07:00:00+02:00,0,0,0
2015-10-16 08:00:00+02:00,36,42,37
2015-10-16 09:00:00+02:00,115,94,109
2015-10-16 10:00:00+02:00,114,100,111
2015-10-16 11:00:00+02:00,177,145,169
2015-10-16 12:00:00+02:00,219,175,208
2015-10-16 13:00:00+02:00,134,112,128
2015-10-16 14:00:00+02:00,71,68,70
2015-10-16 15:00:00+02:00,93,84,91
2015-10-16 16:00:00+02:00,90,79,87
2015-10-16 17:00:00+02:00,17,17,17
2015-10-16 18:00:00+02:00,0,0,0
2015-10-16 19:00:00+02:00,0,0,0
2015-10-16 20:00:00+02:00,0,0,0
2015-10-16 21:00:00+02:00,0,0,0
2015-10-16 22:00:00+02:00,0,0,0
2015-10-16 23:00:00+02:00,0,0,0
2015-10-17 00:00:00+02:00,0,0,0
2015-10-17 01:00:00+02:00,0,0,0
2015-10-17 02:00:00+02:00,0,0,0
2015-10-17 03:00:00+02:00,0,0,0
2015-10-17 04:00:00+02:00,0,0,0
2015-10-17 05:00:00+02:00,0,0,0
2015-10-17 06:00:00+02:00,0,0,0
2015-10-17 07:00:00+02:00,0,0,0
2015-10-17 08:00:00+02:00,44,51,46
2015-10-17 09:00:00+02:00,104,86,99
2015-10-17 10:00:00+02:00,175,121,162
2015-10-17 11:00:00+02:00,140,117,134
2015-10-17 12:00:00+02:00,118,108,116
2015-10-17 13:00:00+02:00,139,127,136
2015-10-17 14:00:00+02:00,32,31,32
2015-10-17 15:00:00+02:00,34,33,34
2015-10-17 16:00:00+02:00,15,14,15
2015-10-17 17:00:00+02:00,4,4,4
2015-10-17 18:00:00+02:00,0,0,0
2015-10-17 19:00:00+02:00,0,0,0
2015-10-17 20:00:00+02:00,0,0,0
2015-10-17 21:00:00+02:00,0,0,0
2015-10-17 22:00:00+02:00,0,0,0
2015-10-17 23:00:00+02:00,0,0,0
2015-10-18 00:00:00+02:00,0,0,0
2015-10-18 01:00:00+02:00,0,0,0
2015-10-18 02:00:00+02:00,0,0,0
2015-10-18 03:00:00+02:00,0,0,0
2015-10-18 04:00:00+02:00,0,0,0
2015-10-18 05:00:00+02:00,0,0,0
2015-10-18 06:00:00+02:00,0,0,0
2015-10-18 07:00:00+02:00,0,0,0
2015-10-18 08:00:00+02:00,24,24,24
2015-10-18 09:00:00+02:00,59,55,58
2015-10-18 10:00:00+02:00,74,70,73
2015-10-18 11:00:00+02:00,69,67,68
2015-10-18 12:00:00+02:00,59,57,58
2015-10-18 13:00:00+02:00,105,94,102
2015-10-18 14:00:00+02:00,149,130,144
2015-10-18 15:00:00+02:00,273,182,250
2015-10-18 16:00:00+02:00,259,176,238
2015-10-18 17:00:00+02:00,82,76,80
2015-10-18 18:00:00+02:00,0,0,0
2015-10-18 19:00:00+02:00,0,0,0
2015-10-18 20:00:00+02:00,0,0,0
2015-10-18 21:00:00+02:00,0,0,0
2015-10-18 22:00:00+02:00,0,0,0
2015-10-18 23:00:00+02:00,0,0,0
2015-10-19 00:00:00+02:00,0,0,0
2015-10-19 01:00:00+02:00,0,0,0
2015-10-19 02:00:00+02:00,0,0,0
2015-10-19 03:00:00+02:00,0,0,0
2015-10-19 04:00:00+02:00,0,0,0
2015-10-19 05:00:00+02:00,0,0,0
2015-10-19 06:00:00+02:00,0,0,0
2015-10-19 07:00:00+02:00,0,0,0
2015-10-19 08:00:00+02:00,35,38,36
2015-10-19 09:00:00+02:00,162,113,150
2015-10-19 10:00:00+02:00,350,195,311
2015-10-19 11:00:00+02:00,386,207,341
2015-10-19 12:00:00+02:00,430,240,383
2015-10-19 13:00:00+02:00,430,238,382
2015-10-19 14:00:00+02:00,426,228,377
2015-10-19 15:00:00+02:00,326,208,296
2015-10-19 16:00:00+02:00,207,148,193
2015-10-19 17:00:00+02:00,48,49,48
2015-10-19 18:00:00+02:00,0,0,0
2015-10-19 19:00:00+02:00,0,0,0
2015-10-19 20:00:00+02:00,0,0,0
2015-10-19 21:00:00+02:00,0,0,0
2015-10-19 22:00:00+02:00,0,0,0
2015-10-19 23:00:00+02:00,0,0,0
2015-10-20 00:00:00+02:00,0,0,0
2015-10-20 01:00:00+02:00,0,0,0
2015-10-20 02:00:00+02:00,0,0,0
2015-10-20 03:00:00+02:00,0,0,0
2015-10-20 04:00:00+02:00,0,0,0
2015-10-20 05:00:00+02:00,0,0,0
2015-10-20 06:00:00+02:00,0,0,0
2015-10-20 07:00:00+02:00,0,0,0
2015-10-20 08:00:00+02:00,15,18,16
2015-10-20 09:00:00+02:00,47,44,47
2015-10-20 10:00:00+02:00,86,78,84
2015-10-20 11:00:00+02:00,108,98,106
2015-10-20 12:00:00+02:00,134,119,130
2015-10-20 13:00:00+02:00,145,130,141
2015-10-20 14:00:00+02:00,165,135,157
2015-10-20 15:00:00+02:00,146,121,140
2015-10-20 16:00:00+02:00,114,97,109
2015-10-20 17:00:00+02:00,42,37,41
2015-10-20 18:00:00+02:00,0,0,0
2015-10-20 19:00:00+02:00,0,0,0
2015-10-20 20:00:00+02:00,0,0,0
2015-10-20 21:00:00+02:00,0,0,0
2015-10-20 22:00:00+02:00,0,0,0
2015-10-20 23:00:00+02:00,0,0,0
2015-10-21 00:00:00+02:00,0,0,0
2015-10-21 01:00:00+02:00,0,0,0
2015-10-21 02:00:00+02:00,0,0,0
2015-10-21 03:00:00+02:00,0,0,0
2015-10-21 04:00:00+02:00,0,0,0
2015-10-21 05:00:00+02:00,0,0,0
2015-10-21 06:00:00+02:00,0,0,0
2015-10-21 07:00:00+02:00,0,0,0
2015-10-21 08:00:00+02:00,91,89,90
2015-10-21 09:00:00+02:00,324,214,297
2015-10-21 10:00:00+02:00,526,252,458
2015-10-21 11:00:00+02:00,647,265,552
2015-10-21 12:00:00+02:00,704,293,601
2015-10-21 13:00:00+02:00,700,292,598
2015-10-21 14:00:00+02:00,641,262,546
2015-10-21 15:00:00+02:00,518,241,449
2015-10-21 16:00:00+02:00,335,210,304
2015-10-21 17:00:00+02:00,77,67,74
2015-10-21 18:00:00+02:00,0,0,0
2015-10-21 19:00:00+02:00,0,0,0
2015-10-21 20:00:00+02:00,0,0,0
2015-10-21 21:00:00+02:00,0,0,0
2015-10-21 22:00:00+02:00,0,0,0
2015-10-21 23:00:00+02:00,0,0,0
2015-10-22 00:00:00+02:00,0,0,0
2015-10-22 01:00:00+02:00,0,0,0
2015-10-22 02:00:00+02:00,0,0,0
2015-10-22 03:00:00+02:00,0,0,0
2015-10-22 04:00:00+02:00,0,0,0
2015-10-22 05:00:00+02:00,0,0,0
2015-10-22 06:00:00+02:00,0,0,0
2015-10-22 07:00:00+02:00,0,0,0
2015-10-22 08:00:00+02:00,30,29,30
2015-10-22 09:00:00+02:00,38,36,37
2015-10-22 10:00:00+02:00,74,67,72
2015-10-22 11:00:00+02:00,93,86,92
2015-10-22 12:00:00+02:00,64,62,63
2015-10-22 13:00:00+02:00,55,53,54
2015-10-22 14:00:00+02:00,26,25,25
2015-10-22 15:00:00+02:00,20,18,19
2015-10-22 16:00:00+02:00,15,15,15
2015-10-22 17:00:00+02:00,3,3,3
2015-10-22 18:00:00+02:00,0,0,0
2015-10-22 19:00:00+02:00,0,0,0
2015-10-22 20:00:00+02:00,0,0,0
2015-10-22 21:00:00+02:00,0,0,0
2015-10-22 22:00:00+02:00,0,0,0
2015-10-22 23:00:00+02:00,0,0,0
2015-10-23 00:00:00+02:00,0,0,0
2015-10-23 01:00:00+02:00,0,0,0
2015-10-23 02:00:00+02:00,0,0,0
2015-10-23 03:00:00+02:00,0,0,0
2015-10-23 04:00:00+02:00,0,0,0
2015-10-23 05:00:00+02:00,0,0,0
2015-10-23 06:00:00+02:00,0,0,0
2015-10-23 07:00:00+02:00,0,0,0
2015-10-23 08:00:00+02:00,3,3,3
2015-10-23 09:00:00+02:00,16,16,16
2015-10-23 10:00:00+02:00,68,63,67
2015-10-23 11:00:00+02:00,136,118,131
2015-10-23 12:00:00+02:00,168,124,157
2015-10-23 13:00:00+02:00,145,123,139
2015-10-23 14:00:00+02:00,111,93,107
2015-10-23 15:00:00+02:00,70,64,69
2015-10-23 16:00:00+02:00,43,42,43
2015-10-23 17:00:00+02:00,9,9,9
2015-10-23 18:00:00+02:00,0,0,0
2015-10-23 19:00:00+02:00,0,0,0
2015-10-23 20:00:00+02:00,0,0,0
2015-10-23 21:00:00+02:00,0,0,0
2015-10-23 22:00:00+02:00,0,0,0
2015-10-23 23:00:00+02:00,0,0,0
2015-10-24 00:00:00+02:00,0,0,0
2015-10-24 01:00:00+02:00,0,0,0
2015-10-24 02:00:00+02:00,0,0,0
2015-10-24 03:00:00+02:00,0,0,0
2015-10-24 04:00:00+02:00,0,0,0
2015-10-24 05:00:00+02:00,0,0,0
2015-10-24 06:00:00+02:00,0,0,0
2015-10-24 07:00:00+02:00,0,0,0
2015-10-24 08:00:00+02:00,60,59,60
2015-10-24 09:00:00+02:00,300,192,273
2015-10-24 10:00:00+02:00,444,227,390
2015-10-24 11:00:00+02:00,503,240,437
2015-10-24 12:00:00+02:00,460,234,404
2015-10-24 13:00:00+02:00,322,178,286
2015-10-24 14:00:00+02:00,232,154,212
2015-10-24 15:00:00+02:00,269,158,241
2015-10-24 16:00:00+02:00,152,114,143
2015-10-24 17:00:00+02:00,41,36,39
2015-10-24 18:00:00+02:00,0,0,0
2015-10-24 19:00:00+02:00,0,0,0
2015-10-24 20:00:00+02:00,0,0,0
2015-10-24 21:00:00+02:00,0,0,0
2015-10-24 22:00:00+02:00,0,0,0
2015-10-24 23:00:00+02:00,0,0,0
2015-10-25 00:00:00+02:00,0,0,0
2015-10-25 01:00:00+02:00,0,0,0
2015-10-25 02:00:00+02:00,0,0,0
2015-10-25 02:00:00+01:00,0,0,0
2015-10-25 03:00:00+01:00,0,0,0
2015-10-25 04:00:00+01:00,0,0,0
2015-10-25 05:00:00+01:00,0,0,0
2015-10-25 06:00:00+01:00,0,0,0
2015-10-25 07:00:00+01:00,67,64,66
2015-10-25 08:00:00+01:00,306,200,279
2015-10-25 09:00:00+01:00,488,240,426
2015-10-25 10:00:00+01:00,613,257,524
2015-10-25 11:00:00+01:00,674,285,577
2015-10-25 12:00:00+01:00,675,286,578
2015-10-25 13:00:00+01:00,606,253,518
2015-10-25 14:00:00+01:00,471,227,410
2015-10-25 15:00:00+01:00,250,167,229
2015-10-25 16:00:00+01:00,38,33,37
2015-10-25 17:00:00+01:00,0,0,0
2015-10-25 18:00:00+01:00,0,0,0
2015-10-25 19:00:00+01:00,0,0,0
2015-10-25 20:00:00+01:00,0,0,0
2015-10-25 21:00:00+01:00,0,0,0
2015-10-25 22:00:00+01:00,0,0,0
2015-10-25 23:00:00+01:00,0,0,0
2015-10-26 00:00:00+01:00,0,0,0
2015-10-26 01:00:00+01:00,0,0,0
2015-10-26 02:00:00+01:00,0,0,0
2015-10-26 03:00:00+01:00,0,0,0
2015-10-26 04:00:00+01:00,0,0,0
2015-10-26 05:00:00+01:00,0,0,0
2015-10-26 06:00:00+01:00,0,0,0
2015-10-26 07:00:00+01:00,44,41,44
2015-10-26 08:00:00+01:00,142,110,134
2015-10-26 09:00:00+01:00,91,82,88
2015-10-26 10:00:00+01:00,63,60,62
2015-10-26 11:00:00+01:00,84,79,83
2015-10-26 12:00:00+01:00,130,115,126
2015-10-26 13:00:00+01:00,152,124,145
2015-10-26 14:00:00+01:00,270,155,242
2015-10-26 15:00:00+01:00,189,126,173
2015-10-26 16:00:00+01:00,12,12,12
2015-10-26 17:00:00+01:00,0,0,0
2015-10-26 18:00:00+01:00,0,0,0
2015-10-26 19:00:00+01:00,0,0,0
2015-10-26 20:00:00+01:00,0,0,0
2015-10-26 21:00:00+01:00,0,0,0
2015-10-26 22:00:00+01:00,0,0,0
2015-10-26 23:00:00+01:00,0,0,0
2015-10-27 00:00:00+01:00,0,0,0
2015-10-27 01:00:00+01:00,0,0,0
2015-10-27 02:00:00+01:00,0,0,0
2015-10-27 03:00:00+01:00,0,0,0
2015-10-27 04:00:00+01:00,0,0,0
2015-10-27 05:00:00+01:00,0,0,0
2015-10-27 06:00:00+01:00,0,0,0
2015-10-27 07:00:00+01:00,6,6,6
2015-10-27 08:00:00+01:00,120,91,113
2015-10-27 09:00:00+01:00,173,124,161
2015-10-27 10:00:00+01:00,161,110,148
2015-10-27 11:00:00+01:00,104,95,102
2015-10-27 12:00:00+01:00,109,98,107
2015-10-27 13:00:00+01:00,231,144,209
2015-10-27 14:00:00+01:00,215,137,196
2015-10-27 15:00:00+01:00,101,78,95
2015-10-27 16:00:00+01:00,17,18,18
2015-10-27 17:00:00+01:00,0,0,0
2015-10-27 18:00:00+01:00,0,0,0
2015-10-27 19:00:00+01:00,0,0,0
2015-10-27 20:00:00+01:00,0,0,0
2015-10-27 21:00:00+01:00,0,0,0
2015-10-27 22:00:00+01:00,0,0,0
2015-10-27 23:00:00+01:00,0,0,0
2015-10-28 00:00:00+01:00,0,0,0
2015-10-28 01:00:00+01:00,0,0,0
2015-10-28 02:00:00+01:00,0,0,0
2015-10-28 03:00:00+01:00,0,0,0
2015-10-28 04:00:00+01:00,0,0,0
2015-10-28 05:00:00+01:00,0,0,0
2015-10-28 06:00:00+01:00,0,0,0
2015-10-28 07:00:00+01:00,41,37,40
2015-10-28 08:00:00+01:00,232,157,213
2015-10-28 09:00:00+01:00,390,196,342
2015-10-28 10:00:00+01:00,404,199,353
2015-10-28 11:00:00+01:00,306,182,275
2015-10-28 12:00:00+01:00,258,173,236
2015-10-28 13:00:00+01:00,311,178,278
2015-10-28 14:00:00+01:00,217,132,196
2015-10-28 15:00:00+01:00,85,71,82
2015-10-28 16:00:00+01:00,13,13,13
2015-10-28 17:00:00+01:00,0,0,0
2015-10-28 18:00:00+01:00,0,0,0
2015-10-28 19:00:00+01:00,0,0,0
2015-10-28 20:00:00+01:00,0,0,0
2015-10-28 21:00:00+01:00,0,0,0
2015-10-28 22:00:00+01:00,0,0,0
2015-10-28 23:00:00+01:00,0,0,0
2015-10-29 00:00:00+01:00,0,0,0
2015-10-29 01:00:00+01:00,0,0,0
2015-10-29 02:00:00+01:00,0,0,0
2015-10-29 03:00:00+01:00,0,0,0
2015-10-29 04:00:00+01:00,0,0,0
2015-10-29 05:00:00+01:00,0,0,0
2015-10-29 06:00:00+01:00,0,0,0
2015-10-29 07:00:00+01:00,2,2,2
2015-10-29 08:00:00+01:00,18,18,18
2015-10-29 09:00:00+01:00,44,41,44
2015-10-29 10:00:00+01:00,111,97,108
2015-10-29 11:00:00+01:00,116,98,112
2015-10-29 12:00:00+01:00,68,64,67
2015-10-29 13:00:00+01:00,99,88,96
2015-10-29 14:00:00+01:00,81,73,79
2015-10-29 15:00:00+01:00,41,38,40
2015-10-29 16:00:00+01:00,5,5,5
2015-10-29 17:00:00+01:00,0,0,0
2015-10-29 18:00:00+01:00,0,0,0
2015-10-29 19:00:00+01:00,0,0,0
2015-10-29 20:00:00+01:00,0,0,0
2015-10-29 21:00:00+01:00,0,0,0
2015-10-29 22:00:00+01:00,0,0,0
2015-10-29 23:00:00+01:00,0,0,0
2015-10-30 00:00:00+01:00,0,0,0
2015-10-30 01:00:00+01:00,0,0,0
2015-10-30 02:00:00+01:00,0,0,0
2015-10-30 03:00:00+01:00,0,0,0
2015-10-30 04:00:00+01:00,0,0,0
2015-10-30 05:00:00+01:00,0,0,0
2015-10-30 06:00:00+01:00,0,0,0
2015-10-30 07:00:00+01:00,0,0,0
2015-10-30 08:00:00+01:00,17,16,17
2015-10-30 09:00:00+01:00,45,42,45
2015-10-30 10:00:00+01:00,68,64,67
2015-10-30 11:00:00+01:00,72,68,71
2015-10-30 12:00:00+01:00,258,153,232
2015-10-30 13:00:00+01:00,535,231,459
2015-10-30 14:00:00+01:00,410,203,358
2015-10-30 15:00:00+01:00,146,108,136
2015-10-30 16:00:00+01:00,16,15,16
2015-10-30 17:00:00+01:00,0,0,0
2015-10-30 18:00:00+01:00,0,0,0
2015-10-30 19:00:00+01:00,0,0,0
2015-10-30 20:00:00+01:00,0,0,0
2015-10-30 21:00:00+01:00,0,0,0
2015-10-30 22:00:00+01:00,0,0,0
2015-10-30 23:00:00+01:00,0,0,0
2015-10-31 00:00:00+01:00,0,0,0
2015-10-31 01:00:00+01:00,0,0,0
2015-10-31 02:00:00+01:00,0,0,0
2015-10-31 03:00:00+01:00,0,0,0
2015-10-31 04:00:00+01:00,0,0,0
2015-10-31 05:00:00+01:00,0,0,0
2015-10-31 06:00:00+01:00,0,0,0
2015-10-31 07:00:00+01:00,16,15,16
2015-10-31 08:00:00+01:00,90,70,85
2015-10-31 09:00:00+01:00,89,77,86
2015-10-31 10:00:00+01:00,51,47,50
2015-10-31 11:00:00+01:00,95,86,93
2015-10-31 12:00:00+01:00,96,88,94
2015-10-31 13:00:00+01:00,62,50,59
2015-10-31 14:00:00+01:00,53,50,53
2015-10-31 15:00:00+01:00,38,35,37
2015-10-31 16:00:00+01:00,15,13,15
2015-10-31 17:00:00+01:00,0,0,0
2015-10-31 18:00:00+01:00,0,0,0
2015-10-31 19:00:00+01:00,0,0,0
2015-10-31 20:00:00+01:00,0,0,0
2015-10-31 21:00:00+01:00,0,0,0
2015-10-31 22:00:00+01:00,0,0,0
2015-10-31 23:00:00+01:00,0,0,0
2015-11-01 00:00:00+01:00,0,0,0
2015-11-01 01:00:00+01:00,0,0,0
2015-11-01 02:00:00+01:00,0,0,0
2015-11-01 03:00:00+01:00,0,0,0
2015-11-01 04:00:00+01:00,0,0,0
2015-11-01 05:00:00+01:00,0,0,0
2015-11-01 06:00:00+01:00,0,0,0
2015-11-01 07:00:00+01:00,6,6,6
2015-11-01 08:00:00+01:00,180,116,164
2015-11-01 09:00:00+01:00,129,101,122
2015-11-01 10:00:00+01:00,64,58,62
2015-11-01 11:00:00+01:00,106,89,101
2015-11-01 12:00:00+01:00,80,75,79
2015-11-01 13:00:00+01:00,103,82,98
2015-11-01 14:00:00+01:00,133,90,122
2015-11-01 15:00:00+01:00,40,31,38
2015-11-01 16:00:00+01:00,9,9,9
2015-11-01 17:00:00+01:00,0,0,0
2015-11-01 18:00:00+01:00,0,0,0
2015-11-01 19:00:00+01:00,0,0,0
2015-11-01 20:00:00+01:00,0,0,0
2015-11-01 21:00:00+01:00,0,0,0
2015-11-01 22:00:00+01:00,0,0,0
2015-11-01 23:00:00+01:00,0,0,0
2015-11-02 00:00:00+01:00,0,0,0
2015-11-02 01:00:00+01:00,0,0,0
2015-11-02 02:00:00+01:00,0,0,0
2015-11-02 03:00:00+01:00,0,0,0
2015-11-02 04:00:00+01:00,0,0,0
2015-11-02 05:00:00+01:00,0,0,0
2015-11-02 06:00:00+01:00,0,0,0
2015-11-02 07:00:00+01:00,5,5,5
2015-11-02 08:00:00+01:00,48,42,46
2015-11-02 09:00:00+01:00,212,136,193
2015-11-02 10:00:00+01:00,107,92,103
2015-11-02 11:00:00+01:00,72,68,71
2015-11-02 12:00:00+01:00,58,56,58
2015-11-02 13:00:00+01:00,30,29,30
2015-11-02 14:00:00+01:00,62,51,59
2015-11-02 15:00:00+01:00,29,26,28
2015-11-02 16:00:00+01:00,7,6,7
2015-11-02 17:00:00+01:00,0,0,0
2015-11-02 18:00:00+01:00,0,0,0
2015-11-02 19:00:00+01:00,0,0,0
2015-11-02 20:00:00+01:00,0,0,0
2015-11-02 21:00:00+01:00,0,0,0
2015-11-02 22:00:00+01:00,0,0,0
2015-11-02 23:00:00+01:00,0,0,0
2015-11-03 00:00:00+01:00,0,0,0
2015-11-03 01:00:00+01:00,0,0,0
2015-11-03 02:00:00+01:00,0,0,0
2015-11-03 03:00:00+01:00,0,0,0
2015-11-03 04:00:00+01:00,0,0,0
2015-11-03 05:00:00+01:00,0,0,0
2015-11-03 06:00:00+01:00,0,0,0
2015-11-03 07:00:00+01:00,1,1,1
2015-11-03 08:00:00+01:00,17,16,17
2015-11-03 09:00:00+01:00,46,44,45
2015-11-03 10:00:00+01:00,59,54,58
2015-11-03 11:00:00+01:00,67,63,66
2015-11-03 12:00:00+01:00,55,53,54
2015-11-03 13:00:00+01:00,29,28,29
2015-11-03 14:00:00+01:00,30,27,29
2015-11-03 15:00:00+01:00,20,19,20
2015-11-03 16:00:00+01:00,1,1,1
2015-11-03 17:00:00+01:00,0,0,0
2015-11-03 18:00:00+01:00,0,0,0
2015-11-03 19:00:00+01:00,0,0,0
2015-11-03 20:00:00+01:00,0,0,0
2015-11-03 21:00:00+01:00,0,0,0
2015-11-03 22:00:00+01:00,0,0,0
2015-11-03 23:00:00+01:00,0,0,0
2015-11-04 00:00:00+01:00,0,0,0
2015-11-04 01:00:00+01:00,0,0,0
2015-11-04 02:00:00+01:00,0,0,0
2015-11-04 03:00:00+01:00,0,0,0
2015-11-04 04:00:00+01:00,0,0,0
2015-11-04 05:00:00+01:00,0,0,0
2015-11-04 06:00:00+01:00,0,0,0
2015-11-04 07:00:00+01:00,1,1,1
2015-11-04 08:00:00+01:00,18,17,18
2015-11-04 09:00:00+01:00,57,53,56
2015-11-04 10:00:00+01:00,89,78,86
2015-11-04 11:00:00+01:00,118,93,112
2015-11-04 12:00:00+01:00,81,70,78
2015-11-04 13:00:00+01:00,51,49,51
2015-11-04 14:00:00+01:00,68,56,65
2015-11-04 15:00:00+01:00,113,86,106
2015-11-04 16:00:00+01:00,39,33,38
2015-11-04 17:00:00+01:00,0,0,0
2015-11-04 18:00:00+01:00,0,0,0
2015-11-04 19:00:00+01:00,0,0,0
2015-11-04 20:00:00+01:00,0,0,0
2015-11-04 21:00:00+01:00,0,0,0
2015-11-04 22:00:00+01:00,0,0,0
2015-11-04 23:00:00+01:00,0,0,0
2015-11-05 00:00:00+01:00,0,0,0
2015-11-05 01:00:00+01:00,0,0,0
2015-11-05 02:00:00+01:00,0,0,0
2015-11-05 03:00:00+01:00,0,0,0
2015-11-05 04:00:00+01:00,0,0,0
2015-11-05 05:00:00+01:00,0,0,0
2015-11-05 06:00:00+01:00,0,0,0
2015-11-05 07:00:00+01:00,0,0,0
2015-11-05 08:00:00+01:00,36,32,35
2015-11-05 09:00:00+01:00,88,75,85
2015-11-05 10:00:00+01:00,101,87,97
2015-11-05 11:00:00+01:00,65,62,64
2015-11-05 12:00:00+01:00,61,58,60
2015-11-05 13:00:00+01:00,61,57,60
2015-11-05 14:00:00+01:00,90,72,85
2015-11-05 15:00:00+01:00,49,42,47
2015-11-05 16:00:00+01:00,17,15,16
2015-11-05 17:00:00+01:00,0,0,0
2015-11-05 18:00:00+01:00,0,0,0
2015-11-05 19:00:00+01:00,0,0,0
2015-11-05 20:00:00+01:00,0,0,0
2015-11-05 21:00:00+01:00,0,0,0
2015-11-05 22:00:00+01:00,0,0,0
2015-11-05 23:00:00+01:00,0,0,0
2015-11-06 00:00:00+01:00,0,0,0
2015-11-06 01:00:00+01:00,0,0,0
2015-11-06 02:00:00+01:00,0,0,0
2015-11-06 03:00:00+01:00,0,0,0
2015-11-06 04:00:00+01:00,0,0,0
2015-11-06 05:00:00+01:00,0,0,0
2015-11-06 06:00:00+01:00,0,0,0
2015-11-06 07:00:00+01:00,23,20,22
2015-11-06 08:00:00+01:00,113,82,105
2015-11-06 09:00:00+01:00,76,68,74
2015-11-06 10:00:00+01:00,96,84,93
2015-11-06 11:00:00+01:00,63,59,62
2015-11-06 12:00:00+01:00,84,75,82
2015-11-06 13:00:00+01:00,36,35,36
2015-11-06 14:00:00+01:00,34,27,32
2015-11-06 15:00:00+01:00,20,19,20
2015-11-06 16:00:00+01:00,1,1,1
2015-11-06 17:00:00+01:00,0,0,0
2015-11-06 18:00:00+01:00,0,0,0
2015-11-06 19:00:00+01:00,0,0,0
2015-11-06 20:00:00+01:00,0,0,0
2015-11-06 21:00:00+01:00,0,0,0
2015-11-06 22:00:00+01:00,0,0,0
2015-11-06 23:00:00+01:00,0,0,0
2015-11-07 00:00:00+01:00,0,0,0
2015-11-07 01:00:00+01:00,0,0,0
2015-11-07 02:00:00+01:00,0,0,0
2015-11-07 03:00:00+01:00,0,0,0
2015-11-07 04:00:00+01:00,0,0,0
2015-11-07 05:00:00+01:00,0,0,0
2015-11-07 06:00:00+01:00,0,0,0
2015-11-07 07:00:00+01:00,1,1,1
2015-11-07 08:00:00+01:00,69,49,64
2015-11-07 09:00:00+01:00,66,59,64
2015-11-07 10:00:00+01:00,80,71,77
2015-11-07 11:00:00+01:00,94,83,91
2015-11-07 12:00:00+01:00,194,116,174
2015-11-07 13:00:00+01:00,152,101,140
2015-11-07 14:00:00+01:00,289,156,255
2015-11-07 15:00:00+01:00,164,95,146
2015-11-07 16:00:00+01:00,11,9,10
2015-11-07 17:00:00+01:00,0,0,0
2015-11-07 18:00:00+01:00,0,0,0
2015-11-07 19:00:00+01:00,0,0,0
2015-11-07 20:00:00+01:00,0,0,0
2015-11-07 21:00:00+01:00,0,0,0
2015-11-07 22:00:00+01:00,0,0,0
2015-11-07 23:00:00+01:00,0,0,0
2015-11-08 00:00:00+01:00,0,0,0
2015-11-08 01:00:00+01:00,0,0,0
2015-11-08 02:00:00+01:00,0,0,0
2015-11-08 03:00:00+01:00,0,0,0
2015-11-08 04:00:00+01:00,0,0,0
2015-11-08 05:00:00+01:00,0,0,0
2015-11-08 06:00:00+01:00,0,0,0
2015-11-08 07:00:00+01:00,9,8,9
2015-11-08 08:00:00+01:00,117,77,107
2015-11-08 09:00:00+01:00,166,102,150
2015-11-08 10:00:00+01:00,155,100,141
2015-11-08 11:00:00+01:00,422,190,364
2015-11-08 12:00:00+01:00,225,121,199
2015-11-08 13:00:00+01:00,35,33,34
2015-11-08 14:00:00+01:00,24,22,23
2015-11-08 15:00:00+01:00,13,13,13
2015-11-08 16:00:00+01:00,3,3,3
2015-11-08 17:00:00+01:00,0,0,0
2015-11-08 18:00:00+01:00,0,0,0
2015-11-08 19:00:00+01:00,0,0,0
2015-11-08 20:00:00+01:00,0,0,0
2015-11-08 21:00:00+01:00,0,0,0
2015-11-08 22:00:00+01:00,0,0,0
2015-11-08 23:00:00+01:00,0,0,0
2015-11-09 00:00:00+01:00,0,0,0
2015-11-09 01:00:00+01:00,0,0,0
2015-11-09 02:00:00+01:00,0,0,0
2015-11-09 03:00:00+01:00,0,0,0
2015-11-09 04:00:00+01:00,0,0,0
2015-11-09 05:00:00+01:00,0,0,0
2015-11-09 06:00:00+01:00,0,0,0
2015-11-09 07:00:00+01:00,1,1,1
2015-11-09 08:00:00+01:00,132,82,119
2015-11-09 09:00:00+01:00,395,187,343
2015-11-09 10:00:00+01:00,204,130,186
2015-11-09 11:00:00+01:00,132,108,126
2015-11-09 12:00:00+01:00,86,74,83
2015-11-09 13:00:00+01:00,47,45,47
2015-11-09 14:00:00+01:00,54,43,51
2015-11-09 15:00:00+01:00,32,29,31
2015-11-09 16:00:00+01:00,9,7,8
2015-11-09 17:00:00+01:00,0,0,0
2015-11-09 18:00:00+01:00,0,0,0
2015-11-09 19:00:00+01:00,0,0,0
2015-11-09 20:00:00+01:00,0,0,0
2015-11-09 21:00:00+01:00,0,0,0
2015-11-09 22:00:00+01:00,0,0,0
2015-11-09 23:00:00+01:00,0,0,0
2015-11-10 00:00:00+01:00,0,0,0
2015-11-10 01:00:00+01:00,0,0,0
2015-11-10 02:00:00+01:00,0,0,0
2015-11-10 03:00:00+01:00,0,0,0
2015-11-10 04:00:00+01:00,0,0,0
2015-11-10 05:00:00+01:00,0,0,0
2015-11-10 06:00:00+01:00,0,0,0
2015-11-10 07:00:00+01:00,1,1,1
2015-11-10 08:00:00+01:00,49,37,46
2015-11-10 09:00:00+01:00,47,44,46
2015-11-10 10:00:00+01:00,44,41,43
2015-11-10 11:00:00+01:00,50,48,50
2015-11-10 12:00:00+01:00,45,43,44
2015-11-10 13:00:00+01:00,41,39,40
2015-11-10 14:00:00+01:00,38,35,37
2015-11-10 15:00:00+01:00,16,16,16
2015-11-10 16:00:00+01:00,0,0,0
2015-11-10 17:00:00+01:00,0,0,0
2015-11-10 18:00:00+01:00,0,0,0
2015-11-10 19:00:00+01:00,0,0,0
2015-11-10 20:00:00+01:00,0,0,0
2015-11-10 21:00:00+01:00,0,0,0
2015-11-10 22:00:00+01:00,0,0,0
2015-11-10 23:00:00+01:00,0,0,0
2015-11-11 00:00:00+01:00,0,0,0
2015-11-11 01:00:00+01:00,0,0,0
2015-11-11 02:00:00+01:00,0,0,0
2015-11-11 03:00:00+01:00,0,0,0
2015-11-11 04:00:00+01:00,0,0,0
2015-11-11 05:00:00+01:00,0,0,0
2015-11-11 06:00:00+01:00,0,0,0
2015-11-11 07:00:00+01:00,8,7,8
2015-11-11 08:00:00+01:00,113,76,104
2015-11-11 09:00:00+01:00,107,79,100
2015-11-11 10:00:00+01:00,71,63,69
2015-11-11 11:00:00+01:00,91,81,88
2015-11-11 12:00:00+01:00,111,92,107
2015-11-11 13:00:00+01:00,70,57,67
2015-11-11 14:00:00+01:00,45,42,44
2015-11-11 15:00:00+01:00,42,34,40
2015-11-11 16:00:00+01:00,0,0,0
2015-11-11 17:00:00+01:00,0,0,0
2015-11-11 18:00:00+01:00,0,0,0
2015-11-11 19:00:00+01:00,0,0,0
2015-11-11 20:00:00+01:00,0,0,0
2015-11-11 21:00:00+01:00,0,0,0
2015-11-11 22:00:00+01:00,0,0,0
2015-11-11 23:00:00+01:00,0,0,0
2015-11-12 00:00:00+01:00,0,0,0
2015-11-12 01:00:00+01:00,0,0,0
2015-11-12 02:00:00+01:00,0,0,0
2015-11-12 03:00:00+01:00,0,0,0
2015-11-12 04:00:00+01:00,0,0,0
2015-11-12 05:00:00+01:00,0,0,0
2015-11-12 06:00:00+01:00,0,0,0
2015-11-12 07:00:00+01:00,3,3,3
2015-11-12 08:00:00+01:00,191,115,172
2015-11-12 09:00:00+01:00,454,197,390
2015-11-12 10:00:00+01:00,583,197,486
2015-11-12 11:00:00+01:00,650,211,541
2015-11-12 12:00:00+01:00,648,210,538
2015-11-12 13:00:00+01:00,580,193,483
2015-11-12 14:00:00+01:00,438,185,375
2015-11-12 15:00:00+01:00,167,100,150
2015-11-12 16:00:00+01:00,0,0,0
2015-11-12 17:00:00+01:00,0,0,0
2015-11-12 18:00:00+01:00,0,0,0
2015-11-12 19:00:00+01:00,0,0,0
2015-11-12 20:00:00+01:00,0,0,0
2015-11-12 21:00:00+01:00,0,0,0
2015-11-12 22:00:00+01:00,0,0,0
2015-11-12 23:00:00+01:00,0,0,0
2015-11-13 00:00:00+01:00,0,0,0
2015-11-13 01:00:00+01:00,0,0,0
2015-11-13 02:00:00+01:00,0,0,0
2015-11-13 03:00:00+01:00,0,0,0
2015-11-13 04:00:00+01:00,0,0,0
2015-11-13 05:00:00+01:00,0,0,0
2015-11-13 06:00:00+01:00,0,0,0
2015-11-13 07:00:00+01:00,3,3,3
2015-11-13 08:00:00+01:00,204,121,183
2015-11-13 09:00:00+01:00,447,192,384
2015-11-13 10:00:00+01:00,574,190,478
2015-11-13 11:00:00+01:00,639,203,530
2015-11-13 12:00:00+01:00,641,204,532
2015-11-13 13:00:00+01:00,574,188,477
2015-11-13 14:00:00+01:00,439,183,375
2015-11-13 15:00:00+01:00,182,105,163
2015-11-13 16:00:00+01:00,0,0,0
2015-11-13 17:00:00+01:00,0,0,0
2015-11-13 18:00:00+01:00,0,0,0
2015-11-13 19:00:00+01:00,0,0,0
2015-11-13 20:00:00+01:00,0,0,0
2015-11-13 21:00:00+01:00,0,0,0
2015-11-13 22:00:00+01:00,0,0,0
2015-11-13 23:00:00+01:00,0,0,0
2015-11-14 00:00:00+01:00,0,0,0
2015-11-14 01:00:00+01:00,0,0,0
2015-11-14 02:00:00+01:00,0,0,0
2015-11-14 03:00:00+01:00,0,0,0
2015-11-14 04:00:00+01:00,0,0,0
2015-11-14 05:00:00+01:00,0,0,0
2015-11-14 06:00:00+01:00,0,0,0
2015-11-14 07:00:00+01:00,5,4,4
2015-11-14 08:00:00+01:00,131,86,119
2015-11-14 09:00:00+01:00,309,149,269
2015-11-14 10:00:00+01:00,339,156,294
2015-11-14 11:00:00+01:00,393,175,338
2015-11-14 12:00:00+01:00,517,205,439
2015-11-14 13:00:00+01:00,548,193,459
2015-11-14 14:00:00+01:00,391,177,338
2015-11-14 15:00:00+01:00,176,103,158
2015-11-14 16:00:00+01:00,0,0,0
2015-11-14 17:00:00+01:00,0,0,0
2015-11-14 18:00:00+01:00,0,0,0
2015-11-14 19:00:00+01:00,0,0,0
2015-11-14 20:00:00+01:00,0,0,0
2015-11-14 21:00:00+01:00,0,0,0
2015-11-14 22:00:00+01:00,0,0,0
2015-11-14 23:00:00+01:00,0,0,0
2015-11-15 00:00:00+01:00,0,0,0
2015-11-15 01:00:00+01:00,0,0,0
2015-11-15 02:00:00+01:00,0,0,0
2015-11-15 03:00:00+01:00,0,0,0
2015-11-15 04:00:00+01:00,0,0,0
2015-11-15 05:00:00+01:00,0,0,0
2015-11-15 06:00:00+01:00,0,0,0
2015-11-15 07:00:00+01:00,1,1,1
2015-11-15 08:00:00+01:00,159,98,144
2015-11-15 09:00:00+01:00,363,173,316
2015-11-15 10:00:00+01:00,501,177,420
2015-11-15 11:00:00+01:00,563,187,469
2015-11-15 12:00:00+01:00,551,182,459
2015-11-15 13:00:00+01:00,432,167,366
2015-11-15 14:00:00+01:00,313,151,272
2015-11-15 15:00:00+01:00,124,81,113
2015-11-15 16:00:00+01:00,0,0,0
2015-11-15 17:00:00+01:00,0,0,0
2015-11-15 18:00:00+01:00,0,0,0
2015-11-15 19:00:00+01:00,0,0,0
2015-11-15 20:00:00+01:00,0,0,0
2015-11-15 21:00:00+01:00,0,0,0
2015-11-15 22:00:00+01:00,0,0,0
2015-11-15 23:00:00+01:00,0,0,0
2015-11-16 00:00:00+01:00,0,0,0
2015-11-16 01:00:00+01:00,0,0,0
2015-11-16 02:00:00+01:00,0,0,0
2015-11-16 03:00:00+01:00,0,0,0
2015-11-16 04:00:00+01:00,0,0,0
2015-11-16 05:00:00+01:00,0,0,0
2015-11-16 06:00:00+01:00,0,0,0
2015-11-16 07:00:00+01:00,0,0,0
2015-11-16 08:00:00+01:00,58,44,55
2015-11-16 09:00:00+01:00,133,82,120
2015-11-16 10:00:00+01:00,207,111,183
2015-11-16 11:00:00+01:00,290,146,254
2015-11-16 12:00:00+01:00,461,176,390
2015-11-16 13:00:00+01:00,455,181,387
2015-11-16 14:00:00+01:00,333,157,289
2015-11-16 15:00:00+01:00,130,73,116
2015-11-16 16:00:00+01:00,0,0,0
2015-11-16 17:00:00+01:00,0,0,0
2015-11-16 18:00:00+01:00,0,0,0
2015-11-16 19:00:00+01:00,0,0,0
2015-11-16 20:00:00+01:00,0,0,0
2015-11-16 21:00:00+01:00,0,0,0
2015-11-16 22:00:00+01:00,0,0,0
2015-11-16 23:00:00+01:00,0,0,0
2015-11-17 00:00:00+01:00,0,0,0
2015-11-17 01:00:00+01:00,0,0,0
2015-11-17 02:00:00+01:00,0,0,0
2015-11-17 03:00:00+01:00,0,0,0
2015-11-17 04:00:00+01:00,0,0,0
2015-11-17 05:00:00+01:00,0,0,0
2015-11-17 06:00:00+01:00,0,0,0
2015-11-17 07:00:00+01:00,0,0,0
2015-11-17 08:00:00+01:00,42,33,40
2015-11-17 09:00:00+01:00,95,68,88
2015-11-17 10:00:00+01:00,142,94,130
2015-11-17 11:00:00+01:00,164,106,149
2015-11-17 12:00:00+01:00,223,125,199
2015-11-17 13:00:00+01:00,313,145,271
2015-11-17 14:00:00+01:00,334,149,288
2015-11-17 15:00:00+01:00,132,79,119
2015-11-17 16:00:00+01:00,0,0,0
2015-11-17 17:00:00+01:00,0,0,0
2015-11-17 18:00:00+01:00,0,0,0
2015-11-17 19:00:00+01:00,0,0,0
2015-11-17 20:00:00+01:00,0,0,0
2015-11-17 21:00:00+01:00,0,0,0
2015-11-17 22:00:00+01:00,0,0,0
2015-11-17 23:00:00+01:00,0,0,0
2015-11-18 00:00:00+01:00,0,0,0
2015-11-18 01:00:00+01:00,0,0,0
2015-11-18 02:00:00+01:00,0,0,0
2015-11-18 03:00:00+01:00,0,0,0
2015-11-18 04:00:00+01:00,0,0,0
2015-11-18 05:00:00+01:00,0,0,0
2015-11-18 06:00:00+01:00,0,0,0
2015-11-18 07:00:00+01:00,0,0,0
2015-11-18 08:00:00+01:00,18,15,17
2015-11-18 09:00:00+01:00,28,25,27
2015-11-18 10:00:00+01:00,35,31,34
2015-11-18 11:00:00+01:00,36,33,35
2015-11-18 12:00:00+01:00,36,34,35
2015-11-18 13:00:00+01:00,39,36,38
2015-11-18 14:00:00+01:00,35,33,35
2015-11-18 15:00:00+01:00,13,12,12
2015-11-18 16:00:00+01:00,0,0,0
2015-11-18 17:00:00+01:00,0,0,0
2015-11-18 18:00:00+01:00,0,0,0
2015-11-18 19:00:00+01:00,0,0,0
2015-11-18 20:00:00+01:00,0,0,0
2015-11-18 21:00:00+01:00,0,0,0
2015-11-18 22:00:00+01:00,0,0,0
2015-11-18 23:00:00+01:00,0,0,0
2015-11-19 00:00:00+01:00,0,0,0
2015-11-19 01:00:00+01:00,0,0,0
2015-11-19 02:00:00+01:00,0,0,0
2015-11-19 03:00:00+01:00,0,0,0
2015-11-19 04:00:00+01:00,0,0,0
2015-11-19 05:00:00+01:00,0,0,0
2015-11-19 06:00:00+01:00,0,0,0
2015-11-19 07:00:00+01:00,0,0,0
2015-11-19 08:00:00+01:00,33,26,31
2015-11-19 09:00:00+01:00,83,53,75
2015-11-19 10:00:00+01:00,50,46,49
2015-11-19 11:00:00+01:00,39,37,38
2015-11-19 12:00:00+01:00,42,37,40
2015-11-19 13:00:00+01:00,43,41,42
2015-11-19 14:00:00+01:00,35,32,34
2015-11-19 15:00:00+01:00,14,13,14
2015-11-19 16:00:00+01:00,0,0,0
2015-11-19 17:00:00+01:00,0,0,0
2015-11-19 18:00:00+01:00,0,0,0
2015-11-19 19:00:00+01:00,0,0,0
2015-11-19 20:00:00+01:00,0,0,0
2015-11-19 21:00:00+01:00,0,0,0
2015-11-19 22:00:00+01:00,0,0,0
2015-11-19 23:00:00+01:00,0,0,0
2015-11-20 00:00:00+01:00,0,0,0
2015-11-20 01:00:00+01:00,0,0,0
2015-11-20 02:00:00+01:00,0,0,0
2015-11-20 03:00:00+01:00,0,0,0
2015-11-20 04:00:00+01:00,0,0,0
2015-11-20 05:00:00+01:00,0,0,0
2015-11-20 06:00:00+01:00,0,0,0
2015-11-20 07:00:00+01:00,0,0,0
2015-11-20 08:00:00+01:00,127,73,114
2015-11-20 09:00:00+01:00,338,156,293
2015-11-20 10:00:00+01:00,466,168,391
2015-11-20 11:00:00+01:00,518,177,433
2015-11-20 12:00:00+01:00,465,170,391
2015-11-20 13:00:00+01:00,359,148,307
2015-11-20 14:00:00+01:00,229,109,199
2015-11-20 15:00:00+01:00,33,27,32
2015-11-20 16:00:00+01:00,0,0,0
2015-11-20 17:00:00+01:00,0,0,0
2015-11-20 18:00:00+01:00,0,0,0
2015-11-20 19:00:00+01:00,0,0,0
2015-11-20 20:00:00+01:00,0,0,0
2015-11-20 21:00:00+01:00,0,0,0
2015-11-20 22:00:00+01:00,0,0,0
2015-11-20 23:00:00+01:00,0,0,0
2015-11-21 00:00:00+01:00,0,0,0
2015-11-21 01:00:00+01:00,0,0,0
2015-11-21 02:00:00+01:00,0,0,0
2015-11-21 03:00:00+01:00,0,0,0
2015-11-21 04:00:00+01:00,0,0,0
2015-11-21 05:00:00+01:00,0,0,0
2015-11-21 06:00:00+01:00,0,0,0
2015-11-21 07:00:00+01:00,0,0,0
2015-11-21 08:00:00+01:00,35,26,33
2015-11-21 09:00:00+01:00,166,82,145
2015-11-21 10:00:00+01:00,388,144,327
2015-11-21 11:00:00+01:00,501,189,423
2015-11-21 12:00:00+01:00,539,184,451
2015-11-21 13:00:00+01:00,450,172,380
2015-11-21 14:00:00+01:00,346,151,297
2015-11-21 15:00:00+01:00,113,65,101
2015-11-21 16:00:00+01:00,0,0,0
2015-11-21 17:00:00+01:00,0,0,0
2015-11-21 18:00:00+01:00,0,0,0
2015-11-21 19:00:00+01:00,0,0,0
2015-11-21 20:00:00+01:00,0,0,0
2015-11-21 21:00:00+01:00,0,0,0
2015-11-21 22:00:00+01:00,0,0,0
2015-11-21 23:00:00+01:00,0,0,0
2015-11-22 00:00:00+01:00,0,0,0
2015-11-22 01:00:00+01:00,0,0,0
2015-11-22 02:00:00+01:00,0,0,0
2015-11-22 03:00:00+01:00,0,0,0
2015-11-22 04:00:00+01:00,0,0,0
2015-11-22 05:00:00+01:00,0,0,0
2015-11-22 06:00:00+01:00,0,0,0
2015-11-22 07:00:00+01:00,0,0,0
2015-11-22 08:00:00+01:00,98,58,88
2015-11-22 09:00:00+01:00,343,155,296
2015-11-22 10:00:00+01:00,480,162,400
2015-11-22 11:00:00+01:00,553,166,456
2015-11-22 12:00:00+01:00,552,165,455
2015-11-22 13:00:00+01:00,479,153,398
2015-11-22 14:00:00+01:00,250,113,216
2015-11-22 15:00:00+01:00,89,52,80
2015-11-22 16:00:00+01:00,0,0,0
2015-11-22 17:00:00+01:00,0,0,0
2015-11-22 18:00:00+01:00,0,0,0
2015-11-22 19:00:00+01:00,0,0,0
2015-11-22 20:00:00+01:00,0,0,0
2015-11-22 21:00:00+01:00,0,0,0
2015-11-22 22:00:00+01:00,0,0,0
2015-11-22 23:00:00+01:00,0,0,0
2015-11-23 00:00:00+01:00,0,0,0
2015-11-23 01:00:00+01:00,0,0,0
2015-11-23 02:00:00+01:00,0,0,0
2015-11-23 03:00:00+01:00,0,0,0
2015-11-23 04:00:00+01:00,0,0,0
2015-11-23 05:00:00+01:00,0,0,0
2015-11-23 06:00:00+01:00,0,0,0
2015-11-23 07:00:00+01:00,0,0,0
2015-11-23 08:00:00+01:00,79,50,72
2015-11-23 09:00:00+01:00,207,109,183
2015-11-23 10:00:00+01:00,286,131,247
2015-11-23 11:00:00+01:00,548,175,455
2015-11-23 12:00:00+01:00,569,177,471
2015-11-23 13:00:00+01:00,478,158,398
2015-11-23 14:00:00+01:00,295,128,253
2015-11-23 15:00:00+01:00,105,64,94
2015-11-23 16:00:00+01:00,0,0,0
2015-11-23 17:00:00+01:00,0,0,0
2015-11-23 18:00:00+01:00,0,0,0
2015-11-23 19:00:00+01:00,0,0,0
2015-11-23 20:00:00+01:00,0,0,0
2015-11-23 21:00:00+01:00,0,0,0
2015-11-23 22:00:00+01:00,0,0,0
2015-11-23 23:00:00+01:00,0,0,0
2015-11-24 00:00:00+01:00,0,0,0
2015-11-24 01:00:00+01:00,0,0,0
2015-11-24 02:00:00+01:00,0,0,0
2015-11-24 03:00:00+01:00,0,0,0
2015-11-24 04:00:00+01:00,0,0,0
2015-11-24 05:00:00+01:00,0,0,0
2015-11-24 06:00:00+01:00,0,0,0
2015-11-24 07:00:00+01:00,0,0,0
2015-11-24 08:00:00+01:00,17,14,16
2015-11-24 09:00:00+01:00,132,79,119
2015-11-24 10:00:00+01:00,156,98,142
2015-11-24 11:00:00+01:00,230,115,201
2015-11-24 12:00:00+01:00,389,150,329
2015-11-24 13:00:00+01:00,352,135,298
2015-11-24 14:00:00+01:00,290,135,251
2015-11-24 15:00:00+01:00,86,52,77
2015-11-24 16:00:00+01:00,0,0,0
2015-11-24 17:00:00+01:00,0,0,0
2015-11-24 18:00:00+01:00,0,0,0
2015-11-24 19:00:00+01:00,0,0,0
2015-11-24 20:00:00+01:00,0,0,0
2015-11-24 21:00:00+01:00,0,0,0
2015-11-24 22:00:00+01:00,0,0,0
2015-11-24 23:00:00+01:00,0,0,0
2015-11-25 00:00:00+01:00,0,0,0
2015-11-25 01:00:00+01:00,0,0,0
2015-11-25 02:00:00+01:00,0,0,0
2015-11-25 03:00:00+01:00,0,0,0
2015-11-25 04:00:00+01:00,0,0,0
2015-11-25 05:00:00+01:00,0,0,0
2015-11-25 06:00:00+01:00,0,0,0
2015-11-25 07:00:00+01:00,0,0,0
2015-11-25 08:00:00+01:00,124,70,110
2015-11-25 09:00:00+01:00,276,132,240
2015-11-25 10:00:00+01:00,262,104,223
2015-11-25 11:00:00+01:00,204,112,181
2015-11-25 12:00:00+01:00,288,131,248
2015-11-25 13:00:00+01:00,502,165,417
2015-11-25 14:00:00+01:00,327,146,282
2015-11-25 15:00:00+01:00,79,44,70
2015-11-25 16:00:00+01:00,0,0,0
2015-11-25 17:00:00+01:00,0,0,0
2015-11-25 18:00:00+01:00,0,0,0
2015-11-25 19:00:00+01:00,0,0,0
2015-11-25 20:00:00+01:00,0,0,0
2015-11-25 21:00:00+01:00,0,0,0
2015-11-25 22:00:00+01:00,0,0,0
2015-11-25 23:00:00+01:00,0,0,0
2015-11-26 00:00:00+01:00,0,0,0
2015-11-26 01:00:00+01:00,0,0,0
2015-11-26 02:00:00+01:00,0,0,0
2015-11-26 03:00:00+01:00,0,0,0
2015-11-26 04:00:00+01:00,0,0,0
2015-11-26 05:00:00+01:00,0,0,0
2015-11-26 06:00:00+01:00,0,0,0
2015-11-26 07:00:00+01:00,0,0,0
2015-11-26 08:00:00+01:00,4,3,4
2015-11-26 09:00:00+01:00,36,32,35
2015-11-26 10:00:00+01:00,82,59,76
2015-11-26 11:00:00+01:00,93,68,87
2015-11-26 12:00:00+01:00,35,32,35
2015-11-26 13:00:00+01:00,37,33,36
2015-11-26 14:00:00+01:00,27,26,27
2015-11-26 15:00:00+01:00,5,4,4
2015-11-26 16:00:00+01:00,0,0,0
2015-11-26 17:00:00+01:00,0,0,0
2015-11-26 18:00:00+01:00,0,0,0
2015-11-26 19:00:00+01:00,0,0,0
2015-11-26 20:00:00+01:00,0,0,0
2015-11-26 21:00:00+01:00,0,0,0
2015-11-26 22:00:00+01:00,0,0,0
2015-11-26 23:00:00+01:00,0,0,0
2015-11-27 00:00:00+01:00,0,0,0
2015-11-27 01:00:00+01:00,0,0,0
2015-11-27 02:00:00+01:00,0,0,0
2015-11-27 03:00:00+01:00,0,0,0
2015-11-27 04:00:00+01:00,0,0,0
2015-11-27 05:00:00+01:00,0,0,0
2015-11-27 06:00:00+01:00,0,0,0
2015-11-27 07:00:00+01:00,0,0,0
2015-11-27 08:00:00+01:00,5,5,5
2015-11-27 09:00:00+01:00,24,23,24
2015-11-27 10:00:00+01:00,22,21,22
2015-11-27 11:00:00+01:00,29,25,28
2015-11-27 12:00:00+01:00,26,25,26
2015-11-27 13:00:00+01:00,27,25,26
2015-11-27 14:00:00+01:00,24,23,23
2015-11-27 15:00:00+01:00,13,11,13
2015-11-27 16:00:00+01:00,0,0,0
2015-11-27 17:00:00+01:00,0,0,0
2015-11-27 18:00:00+01:00,0,0,0
2015-11-27 19:00:00+01:00,0,0,0
2015-11-27 20:00:00+01:00,0,0,0
2015-11-27 21:00:00+01:00,0,0,0
2015-11-27 22:00:00+01:00,0,0,0
2015-11-27 23:00:00+01:00,0,0,0
2015-11-28 00:00:00+01:00,0,0,0
2015-11-28 01:00:00+01:00,0,0,0
2015-11-28 02:00:00+01:00,0,0,0
2015-11-28 03:00:00+01:00,0,0,0
2015-11-28 04:00:00+01:00,0,0,0
2015-11-28 05:00:00+01:00,0,0,0
2015-11-28 06:00:00+01:00,0,0,0
2015-11-28 07:00:00+01:00,0,0,0
2015-11-28 08:00:00+01:00,32,22,29
2015-11-28 09:00:00+01:00,185,96,163
2015-11-28 10:00:00+01:00,211,104,185
2015-11-28 11:00:00+01:00,375,138,315
2015-11-28 12:00:00+01:00,420,157,354
2015-11-28 13:00:00+01:00,395,146,333
2015-11-28 14:00:00+01:00,269,113,230
2015-11-28 15:00:00+01:00,73,46,66
2015-11-28 16:00:00+01:00,0,0,0
2015-11-28 17:00:00+01:00,0,0,0
2015-11-28 18:00:00+01:00,0,0,0
2015-11-28 19:00:00+01:00,0,0,0
2015-11-28 20:00:00+01:00,0,0,0
2015-11-28 21:00:00+01:00,0,0,0
2015-11-28 22:00:00+01:00,0,0,0
2015-11-28 23:00:00+01:00,0,0,0
2015-11-29 00:00:00+01:00,0,0,0
2015-11-29 01:00:00+01:00,0,0,0
2015-11-29 02:00:00+01:00,0,0,0
2015-11-29 03:00:00+01:00,0,0,0
2015-11-29 04:00:00+01:00,0,0,0
2015-11-29 05:00:00+01:00,0,0,0
2015-11-29 06:00:00+01:00,0,0,0
2015-11-29 07:00:00+01:00,0,0,0
2015-11-29 08:00:00+01:00,80,45,71
2015-11-29 09:00:00+01:00,318,141,274
2015-11-29 10:00:00+01:00,497,163,414
2015-11-29 11:00:00+01:00,526,174,438
2015-11-29 12:00:00+01:00,506,169,422
2015-11-29 13:00:00+01:00,256,116,221
2015-11-29 14:00:00+01:00,132,55,113
2015-11-29 15:00:00+01:00,12,8,11
2015-11-29 16:00:00+01:00,0,0,0
2015-11-29 17:00:00+01:00,0,0,0
2015-11-29 18:00:00+01:00,0,0,0
2015-11-29 19:00:00+01:00,0,0,0
2015-11-29 20:00:00+01:00,0,0,0
2015-11-29 21:00:00+01:00,0,0,0
2015-11-29 22:00:00+01:00,0,0,0
2015-11-29 23:00:00+01:00,0,0,0
2015-11-30 00:00:00+01:00,0,0,0
2015-11-30 01:00:00+01:00,0,0,0
2015-11-30 02:00:00+01:00,0,0,0
2015-11-30 03:00:00+01:00,0,0,0
2015-11-30 04:00:00+01:00,0,0,0
2015-11-30 05:00:00+01:00,0,0,0
2015-11-30 06:00:00+01:00,0,0,0
2015-11-30 07:00:00+01:00,0,0,0
2015-11-30 08:00:00+01:00,96,52,85
2015-11-30 09:00:00+01:00,322,137,276
2015-11-30 10:00:00+01:00,450,147,375
2015-11-30 11:00:00+01:00,540,155,444
2015-11-30 12:00:00+01:00,534,153,438
2015-11-30 13:00:00+01:00,461,142,381
2015-11-30 14:00:00+01:00,241,112,209
2015-11-30 15:00:00+01:00,83,48,74
2015-11-30 16:00:00+01:00,0,0,0
2015-11-30 17:00:00+01:00,0,0,0
2015-11-30 18:00:00+01:00,0,0,0
2015-11-30 19:00:00+01:00,0,0,0
2015-11-30 20:00:00+01:00,0,0,0
2015-11-30 21:00:00+01:00,0,0,0
2015-11-30 22:00:00+01:00,0,0,0
2015-11-30 23:00:00+01:00,0,0,0
2015-12-01 00:00:00+01:00,0,0,0
2015-12-01 01:00:00+01:00,0,0,0
2015-12-01 02:00:00+01:00,0,0,0
2015-12-01 03:00:00+01:00,0,0,0
2015-12-01 04:00:00+01:00,0,0,0
2015-12-01 05:00:00+01:00,0,0,0
2015-12-01 06:00:00+01:00,0,0,0
2015-12-01 07:00:00+01:00,0,0,0
2015-12-01 08:00:00+01:00,72,40,64
2015-12-01 09:00:00+01:00,82,53,75
2015-12-01 10:00:00+01:00,49,44,48
2015-12-01 11:00:00+01:00,22,21,22
2015-12-01 12:00:00+01:00,30,27,29
2015-12-01 13:00:00+01:00,18,17,17
2015-12-01 14:00:00+01:00,41,34,39
2015-12-01 15:00:00+01:00,4,4,4
2015-12-01 16:00:00+01:00,0,0,0
2015-12-01 17:00:00+01:00,0,0,0
2015-12-01 18:00:00+01:00,0,0,0
2015-12-01 19:00:00+01:00,0,0,0
2015-12-01 20:00:00+01:00,0,0,0
2015-12-01 21:00:00+01:00,0,0,0
2015-12-01 22:00:00+01:00,0,0,0
2015-12-01 23:00:00+01:00,0,0,0
2015-12-02 00:00:00+01:00,0,0,0
2015-12-02 01:00:00+01:00,0,0,0
2015-12-02 02:00:00+01:00,0,0,0
2015-12-02 03:00:00+01:00,0,0,0
2015-12-02 04:00:00+01:00,0,0,0
2015-12-02 05:00:00+01:00,0,0,0
2015-12-02 06:00:00+01:00,0,0,0
2015-12-02 07:00:00+01:00,0,0,0
2015-12-02 08:00:00+01:00,28,18,26
2015-12-02 09:00:00+01:00,254,115,219
2015-12-02 10:00:00+01:00,216,104,188
2015-12-02 11:00:00+01:00,110,60,97
2015-12-02 12:00:00+01:00,32,29,31
2015-12-02 13:00:00+01:00,39,34,38
2015-12-02 14:00:00+01:00,18,17,18
2015-12-02 15:00:00+01:00,18,12,17
2015-12-02 16:00:00+01:00,0,0,0
2015-12-02 17:00:00+01:00,0,0,0
2015-12-02 18:00:00+01:00,0,0,0
2015-12-02 19:00:00+01:00,0,0,0
2015-12-02 20:00:00+01:00,0,0,0
2015-12-02 21:00:00+01:00,0,0,0
2015-12-02 22:00:00+01:00,0,0,0
2015-12-02 23:00:00+01:00,0,0,0
2015-12-03 00:00:00+01:00,0,0,0
2015-12-03 01:00:00+01:00,0,0,0
2015-12-03 02:00:00+01:00,0,0,0
2015-12-03 03:00:00+01:00,0,0,0
2015-12-03 04:00:00+01:00,0,0,0
2015-12-03 05:00:00+01:00,0,0,0
2015-12-03 06:00:00+01:00,0,0,0
2015-12-03 07:00:00+01:00,0,0,0
2015-12-03 08:00:00+01:00,8,6,8
2015-12-03 09:00:00+01:00,83,48,74
2015-12-03 10:00:00+01:00,75,50,69
2015-12-03 11:00:00+01:00,64,53,61
2015-12-03 12:00:00+01:00,53,49,52
2015-12-03 13:00:00+01:00,183,82,158
2015-12-03 14:00:00+01:00,401,158,340
2015-12-03 15:00:00+01:00,160,80,140
2015-12-03 16:00:00+01:00,0,0,0
2015-12-03 17:00:00+01:00,0,0,0
2015-12-03 18:00:00+01:00,0,0,0
2015-12-03 19:00:00+01:00,0,0,0
2015-12-03 20:00:00+01:00,0,0,0
2015-12-03 21:00:00+01:00,0,0,0
2015-12-03 22:00:00+01:00,0,0,0
2015-12-03 23:00:00+01:00,0,0,0
2015-12-04 00:00:00+01:00,0,0,0
2015-12-04 01:00:00+01:00,0,0,0
2015-12-04 02:00:00+01:00,0,0,0
2015-12-04 03:00:00+01:00,0,0,0
2015-12-04 04:00:00+01:00,0,0,0
2015-12-04 05:00:00+01:00,0,0,0
2015-12-04 06:00:00+01:00,0,0,0
2015-12-04 07:00:00+01:00,0,0,0
2015-12-04 08:00:00+01:00,2,2,2
2015-12-04 09:00:00+01:00,19,17,18
2015-12-04 10:00:00+01:00,23,22,23
2015-12-04 11:00:00+01:00,22,20,21
2015-12-04 12:00:00+01:00,23,21,23
2015-12-04 13:00:00+01:00,19,19,19
2015-12-04 14:00:00+01:00,18,16,17
2015-12-04 15:00:00+01:00,5,5,5
2015-12-04 16:00:00+01:00,0,0,0
2015-12-04 17:00:00+01:00,0,0,0
2015-12-04 18:00:00+01:00,0,0,0
2015-12-04 19:00:00+01:00,0,0,0
2015-12-04 20:00:00+01:00,0,0,0
2015-12-04 21:00:00+01:00,0,0,0
2015-12-04 22:00:00+01:00,0,0,0
2015-12-04 23:00:00+01:00,0,0,0
2015-12-05 00:00:00+01:00,0,0,0
2015-12-05 01:00:00+01:00,0,0,0
2015-12-05 02:00:00+01:00,0,0,0
2015-12-05 03:00:00+01:00,0,0,0
2015-12-05 04:00:00+01:00,0,0,0
2015-12-05 05:00:00+01:00,0,0,0
2015-12-05 06:00:00+01:00,0,0,0
2015-12-05 07:00:00+01:00,0,0,0
2015-12-05 08:00:00+01:00,0,0,0
2015-12-05 09:00:00+01:00,17,14,16
2015-12-05 10:00:00+01:00,20,19,20
2015-12-05 11:00:00+01:00,42,34,40
2015-12-05 12:00:00+01:00,61,55,60
2015-12-05 13:00:00+01:00,100,74,93
2015-12-05 14:00:00+01:00,85,53,77
2015-12-05 15:00:00+01:00,2,2,2
2015-12-05 16:00:00+01:00,0,0,0
2015-12-05 17:00:00+01:00,0,0,0
2015-12-05 18:00:00+01:00,0,0,0
2015-12-05 19:00:00+01:00,0,0,0
2015-12-05 20:00:00+01:00,0,0,0
2015-12-05 21:00:00+01:00,0,0,0
2015-12-05 22:00:00+01:00,0,0,0
2015-12-05 23:00:00+01:00,0,0,0
2015-12-06 00:00:00+01:00,0,0,0
2015-12-06 01:00:00+01:00,0,0,0
2015-12-06 02:00:00+01:00,0,0,0
2015-12-06 03:00:00+01:00,0,0,0
2015-12-06 04:00:00+01:00,0,0,0
2015-12-06 05:00:00+01:00,0,0,0
2015-12-06 06:00:00+01:00,0,0,0
2015-12-06 07:00:00+01:00,0,0,0
2015-12-06 08:00:00+01:00,12,9,12
2015-12-06 09:00:00+01:00,80,52,73
2015-12-06 10:00:00+01:00,43,36,41
2015-12-06 11:00:00+01:00,27,25,26
2015-12-06 12:00:00+01:00,29,28,29
2015-12-06 13:00:00+01:00,14,13,14
2015-12-06 14:00:00+01:00,7,6,7
2015-12-06 15:00:00+01:00,1,1,1
2015-12-06 16:00:00+01:00,0,0,0
2015-12-06 17:00:00+01:00,0,0,0
2015-12-06 18:00:00+01:00,0,0,0
2015-12-06 19:00:00+01:00,0,0,0
2015-12-06 20:00:00+01:00,0,0,0
2015-12-06 21:00:00+01:00,0,0,0
2015-12-06 22:00:00+01:00,0,0,0
2015-12-06 23:00:00+01:00,0,0,0
2015-12-07 00:00:00+01:00,0,0,0
2015-12-07 01:00:00+01:00,0,0,0
2015-12-07 02:00:00+01:00,0,0,0
2015-12-07 03:00:00+01:00,0,0,0
2015-12-07 04:00:00+01:00,0,0,0
2015-12-07 05:00:00+01:00,0,0,0
2015-12-07 06:00:00+01:00,0,0,0
2015-12-07 07:00:00+01:00,0,0,0
2015-12-07 08:00:00+01:00,45,24,40
2015-12-07 09:00:00+01:00,319,136,273
2015-12-07 10:00:00+01:00,466,151,388
2015-12-07 11:00:00+01:00,535,147,438
2015-12-07 12:00:00+01:00,518,141,424
2015-12-07 13:00:00+01:00,435,131,359
2015-12-07 14:00:00+01:00,265,115,227
2015-12-07 15:00:00+01:00,92,49,81
2015-12-07 16:00:00+01:00,0,0,0
2015-12-07 17:00:00+01:00,0,0,0
2015-12-07 18:00:00+01:00,0,0,0
2015-12-07 19:00:00+01:00,0,0,0
2015-12-07 20:00:00+01:00,0,0,0
2015-12-07 21:00:00+01:00,0,0,0
2015-12-07 22:00:00+01:00,0,0,0
2015-12-07 23:00:00+01:00,0,0,0
2015-12-08 00:00:00+01:00,0,0,0
2015-12-08 01:00:00+01:00,0,0,0
2015-12-08 02:00:00+01:00,0,0,0
2015-12-08 03:00:00+01:00,0,0,0
2015-12-08 04:00:00+01:00,0,0,0
2015-12-08 05:00:00+01:00,0,0,0
2015-12-08 06:00:00+01:00,0,0,0
2015-12-08 07:00:00+01:00,0,0,0
2015-12-08 08:00:00+01:00,3,3,3
2015-12-08 09:00:00+01:00,29,26,28
2015-12-08 10:00:00+01:00,24,22,23
2015-12-08 11:00:00+01:00,18,17,18
2015-12-08 12:00:00+01:00,23,20,22
2015-12-08 13:00:00+01:00,20,19,19
2015-12-08 14:00:00+01:00,10,9,9
2015-12-08 15:00:00+01:00,0,0,0
2015-12-08 16:00:00+01:00,0,0,0
2015-12-08 17:00:00+01:00,0,0,0
2015-12-08 18:00:00+01:00,0,0,0
2015-12-08 19:00:00+01:00,0,0,0
2015-12-08 20:00:00+01:00,0,0,0
2015-12-08 21:00:00+01:00,0,0,0
2015-12-08 22:00:00+01:00,0,0,0
2015-12-08 23:00:00+01:00,0,0,0
2015-12-09 00:00:00+01:00,0,0,0
2015-12-09 01:00:00+01:00,0,0,0
2015-12-09 02:00:00+01:00,0,0,0
2015-12-09 03:00:00+01:00,0,0,0
2015-12-09 04:00:00+01:00,0,0,0
2015-12-09 05:00:00+01:00,0,0,0
2015-12-09 06:00:00+01:00,0,0,0
2015-12-09 07:00:00+01:00,0,0,0
2015-12-09 08:00:00+01:00,40,22,35
2015-12-09 09:00:00+01:00,276,122,237
2015-12-09 10:00:00+01:00,364,130,306
2015-12-09 11:00:00+01:00,349,120,291
2015-12-09 12:00:00+01:00,414,135,344
2015-12-09 13:00:00+01:00,423,135,351
2015-12-09 14:00:00+01:00,306,127,261
2015-12-09 15:00:00+01:00,122,62,107
2015-12-09 16:00:00+01:00,0,0,0
2015-12-09 17:00:00+01:00,0,0,0
2015-12-09 18:00:00+01:00,0,0,0
2015-12-09 19:00:00+01:00,0,0,0
2015-12-09 20:00:00+01:00,0,0,0
2015-12-09 21:00:00+01:00,0,0,0
2015-12-09 22:00:00+01:00,0,0,0
2015-12-09 23:00:00+01:00,0,0,0
2015-12-10 00:00:00+01:00,0,0,0
2015-12-10 01:00:00+01:00,0,0,0
2015-12-10 02:00:00+01:00,0,0,0
2015-12-10 03:00:00+01:00,0,0,0
2015-12-10 04:00:00+01:00,0,0,0
2015-12-10 05:00:00+01:00,0,0,0
2015-12-10 06:00:00+01:00,0,0,0
2015-12-10 07:00:00+01:00,0,0,0
2015-12-10 08:00:00+01:00,2,2,2
2015-12-10 09:00:00+01:00,12,11,11
2015-12-10 10:00:00+01:00,11,9,10
2015-12-10 11:00:00+01:00,50,44,49
2015-12-10 12:00:00+01:00,59,51,57
2015-12-10 13:00:00+01:00,28,26,27
2015-12-10 14:00:00+01:00,30,26,29
2015-12-10 15:00:00+01:00,5,5,5
2015-12-10 16:00:00+01:00,0,0,0
2015-12-10 17:00:00+01:00,0,0,0
2015-12-10 18:00:00+01:00,0,0,0
2015-12-10 19:00:00+01:00,0,0,0
2015-12-10 20:00:00+01:00,0,0,0
2015-12-10 21:00:00+01:00,0,0,0
2015-12-10 22:00:00+01:00,0,0,0
2015-12-10 23:00:00+01:00,0,0,0
2015-12-11 00:00:00+01:00,0,0,0
2015-12-11 01:00:00+01:00,0,0,0
2015-12-11 02:00:00+01:00,0,0,0
2015-12-11 03:00:00+01:00,0,0,0
2015-12-11 04:00:00+01:00,0,0,0
2015-12-11 05:00:00+01:00,0,0,0
2015-12-11 06:00:00+01:00,0,0,0
2015-12-11 07:00:00+01:00,0,0,0
2015-12-11 08:00:00+01:00,19,11,17
2015-12-11 09:00:00+01:00,59,34,53
2015-12-11 10:00:00+01:00,45,35,43
2015-12-11 11:00:00+01:00,52,43,50
2015-12-11 12:00:00+01:00,190,89,165
2015-12-11 13:00:00+01:00,310,96,257
2015-12-11 14:00:00+01:00,162,82,142
2015-12-11 15:00:00+01:00,15,10,14
2015-12-11 16:00:00+01:00,0,0,0
2015-12-11 17:00:00+01:00,0,0,0
2015-12-11 18:00:00+01:00,0,0,0
2015-12-11 19:00:00+01:00,0,0,0
2015-12-11 20:00:00+01:00,0,0,0
2015-12-11 21:00:00+01:00,0,0,0
2015-12-11 22:00:00+01:00,0,0,0
2015-12-11 23:00:00+01:00,0,0,0
2015-12-12 00:00:00+01:00,0,0,0
2015-12-12 01:00:00+01:00,0,0,0
2015-12-12 02:00:00+01:00,0,0,0
2015-12-12 03:00:00+01:00,0,0,0
2015-12-12 04:00:00+01:00,0,0,0
2015-12-12 05:00:00+01:00,0,0,0
2015-12-12 06:00:00+01:00,0,0,0
2015-12-12 07:00:00+01:00,0,0,0
2015-12-12 08:00:00+01:00,26,15,23
2015-12-12 09:00:00+01:00,209,96,181
2015-12-12 10:00:00+01:00,344,121,288
2015-12-12 11:00:00+01:00,432,132,357
2015-12-12 12:00:00+01:00,478,136,393
2015-12-12 13:00:00+01:00,304,109,255
2015-12-12 14:00:00+01:00,145,78,128
2015-12-12 15:00:00+01:00,45,22,39
2015-12-12 16:00:00+01:00,0,0,0
2015-12-12 17:00:00+01:00,0,0,0
2015-12-12 18:00:00+01:00,0,0,0
2015-12-12 19:00:00+01:00,0,0,0
2015-12-12 20:00:00+01:00,0,0,0
2015-12-12 21:00:00+01:00,0,0,0
2015-12-12 22:00:00+01:00,0,0,0
2015-12-12 23:00:00+01:00,0,0,0
2015-12-13 00:00:00+01:00,0,0,0
2015-12-13 01:00:00+01:00,0,0,0
2015-12-13 02:00:00+01:00,0,0,0
2015-12-13 03:00:00+01:00,0,0,0
2015-12-13 04:00:00+01:00,0,0,0
2015-12-13 05:00:00+01:00,0,0,0
2015-12-13 06:00:00+01:00,0,0,0
2015-12-13 07:00:00+01:00,0,0,0
2015-12-13 08:00:00+01:00,0,0,0
2015-12-13 09:00:00+01:00,10,9,10
2015-12-13 10:00:00+01:00,20,17,19
2015-12-13 11:00:00+01:00,30,29,30
2015-12-13 12:00:00+01:00,43,39,42
2015-12-13 13:00:00+01:00,33,32,33
2015-12-13 14:00:00+01:00,28,26,28
2015-12-13 15:00:00+01:00,5,5,5
2015-12-13 16:00:00+01:00,0,0,0
2015-12-13 17:00:00+01:00,0,0,0
2015-12-13 18:00:00+01:00,0,0,0
2015-12-13 19:00:00+01:00,0,0,0
2015-12-13 20:00:00+01:00,0,0,0
2015-12-13 21:00:00+01:00,0,0,0
2015-12-13 22:00:00+01:00,0,0,0
2015-12-13 23:00:00+01:00,0,0,0
2015-12-14 00:00:00+01:00,0,0,0
2015-12-14 01:00:00+01:00,0,0,0
2015-12-14 02:00:00+01:00,0,0,0
2015-12-14 03:00:00+01:00,0,0,0
2015-12-14 04:00:00+01:00,0,0,0
2015-12-14 05:00:00+01:00,0,0,0
2015-12-14 06:00:00+01:00,0,0,0
2015-12-14 07:00:00+01:00,0,0,0
2015-12-14 08:00:00+01:00,37,20,33
2015-12-14 09:00:00+01:00,21,19,20
2015-12-14 10:00:00+01:00,30,29,29
2015-12-14 11:00:00+01:00,35,33,34
2015-12-14 12:00:00+01:00,23,22,23
2015-12-14 13:00:00+01:00,8,7,8
2015-12-14 14:00:00+01:00,24,21,23
2015-12-14 15:00:00+01:00,42,25,38
2015-12-14 16:00:00+01:00,0,0,0
2015-12-14 17:00:00+01:00,0,0,0
2015-12-14 18:00:00+01:00,0,0,0
2015-12-14 19:00:00+01:00,0,0,0
2015-12-14 20:00:00+01:00,0,0,0
2015-12-14 21:00:00+01:00,0,0,0
2015-12-14 22:00:00+01:00,0,0,0
2015-12-14 23:00:00+01:00,0,0,0
2015-12-15 00:00:00+01:00,0,0,0
2015-12-15 01:00:00+01:00,0,0,0
2015-12-15 02:00:00+01:00,0,0,0
2015-12-15 03:00:00+01:00,0,0,0
2015-12-15 04:00:00+01:00,0,0,0
2015-12-15 05:00:00+01:00,0,0,0
2015-12-15 06:00:00+01:00,0,0,0
2015-12-15 07:00:00+01:00,0,0,0
2015-12-15 08:00:00+01:00,0,0,0
2015-12-15 09:00:00+01:00,42,27,38
2015-12-15 10:00:00+01:00,29,26,29
2015-12-15 11:00:00+01:00,14,14,14
2015-12-15 12:00:00+01:00,31,26,30
2015-12-15 13:00:00+01:00,44,40,43
2015-12-15 14:00:00+01:00,25,23,25
2015-12-15 15:00:00+01:00,1,1,1
2015-12-15 16:00:00+01:00,0,0,0
2015-12-15 17:00:00+01:00,0,0,0
2015-12-15 18:00:00+01:00,0,0,0
2015-12-15 19:00:00+01:00,0,0,0
2015-12-15 20:00:00+01:00,0,0,0
2015-12-15 21:00:00+01:00,0,0,0
2015-12-15 22:00:00+01:00,0,0,0
2015-12-15 23:00:00+01:00,0,0,0
2015-12-16 00:00:00+01:00,0,0,0
2015-12-16 01:00:00+01:00,0,0,0
2015-12-16 02:00:00+01:00,0,0,0
2015-12-16 03:00:00+01:00,0,0,0
2015-12-16 04:00:00+01:00,0,0,0
2015-12-16 05:00:00+01:00,0,0,0
2015-12-16 06:00:00+01:00,0,0,0
2015-12-16 07:00:00+01:00,0,0,0
2015-12-16 08:00:00+01:00,2,1,2
2015-12-16 09:00:00+01:00,145,69,126
2015-12-16 10:00:00+01:00,217,92,186
2015-12-16 11:00:00+01:00,195,93,170
2015-12-16 12:00:00+01:00,111,74,102
2015-12-16 13:00:00+01:00,118,69,106
2015-12-16 14:00:00+01:00,54,44,52
2015-12-16 15:00:00+01:00,10,8,9
2015-12-16 16:00:00+01:00,0,0,0
2015-12-16 17:00:00+01:00,0,0,0
2015-12-16 18:00:00+01:00,0,0,0
2015-12-16 19:00:00+01:00,0,0,0
2015-12-16 20:00:00+01:00,0,0,0
2015-12-16 21:00:00+01:00,0,0,0
2015-12-16 22:00:00+01:00,0,0,0
2015-12-16 23:00:00+01:00,0,0,0
2015-12-17 00:00:00+01:00,0,0,0
2015-12-17 01:00:00+01:00,0,0,0
2015-12-17 02:00:00+01:00,0,0,0
2015-12-17 03:00:00+01:00,0,0,0
2015-12-17 04:00:00+01:00,0,0,0
2015-12-17 05:00:00+01:00,0,0,0
2015-12-17 06:00:00+01:00,0,0,0
2015-12-17 07:00:00+01:00,0,0,0
2015-12-17 08:00:00+01:00,0,0,0
2015-12-17 09:00:00+01:00,26,22,25
2015-12-17 10:00:00+01:00,99,62,90
2015-12-17 11:00:00+01:00,115,78,106
2015-12-17 12:00:00+01:00,144,85,129
2015-12-17 13:00:00+01:00,66,55,63
2015-12-17 14:00:00+01:00,41,32,39
2015-12-17 15:00:00+01:00,16,10,14
2015-12-17 16:00:00+01:00,0,0,0
2015-12-17 17:00:00+01:00,0,0,0
2015-12-17 18:00:00+01:00,0,0,0
2015-12-17 19:00:00+01:00,0,0,0
2015-12-17 20:00:00+01:00,0,0,0
2015-12-17 21:00:00+01:00,0,0,0
2015-12-17 22:00:00+01:00,0,0,0
2015-12-17 23:00:00+01:00,0,0,0
2015-12-18 00:00:00+01:00,0,0,0
2015-12-18 01:00:00+01:00,0,0,0
2015-12-18 02:00:00+01:00,0,0,0
2015-12-18 03:00:00+01:00,0,0,0
2015-12-18 04:00:00+01:00,0,0,0
2015-12-18 05:00:00+01:00,0,0,0
2015-12-18 06:00:00+01:00,0,0,0
2015-12-18 07:00:00+01:00,0,0,0
2015-12-18 08:00:00+01:00,12,7,10
2015-12-18 09:00:00+01:00,217,93,186
2015-12-18 10:00:00+01:00,374,131,313
2015-12-18 11:00:00+01:00,505,131,412
2015-12-18 12:00:00+01:00,530,133,431
2015-12-18 13:00:00+01:00,483,131,395
2015-12-18 14:00:00+01:00,351,128,295
2015-12-18 15:00:00+01:00,112,55,98
2015-12-18 16:00:00+01:00,0,0,0
2015-12-18 17:00:00+01:00,0,0,0
2015-12-18 18:00:00+01:00,0,0,0
2015-12-18 19:00:00+01:00,0,0,0
2015-12-18 20:00:00+01:00,0,0,0
2015-12-18 21:00:00+01:00,0,0,0
2015-12-18 22:00:00+01:00,0,0,0
2015-12-18 23:00:00+01:00,0,0,0
2015-12-19 00:00:00+01:00,0,0,0
2015-12-19 01:00:00+01:00,0,0,0
2015-12-19 02:00:00+01:00,0,0,0
2015-12-19 03:00:00+01:00,0,0,0
2015-12-19 04:00:00+01:00,0,0,0
2015-12-19 05:00:00+01:00,0,0,0
2015-12-19 06:00:00+01:00,0,0,0
2015-12-19 07:00:00+01:00,0,0,0
2015-12-19 08:00:00+01:00,9,5,8
2015-12-19 09:00:00+01:00,191,85,164
2015-12-19 10:00:00+01:00,178,79,153
2015-12-19 11:00:00+01:00,53,25,46
2015-12-19 12:00:00+01:00,32,27,31
2015-12-19 13:00:00+01:00,33,30,32
2015-12-19 14:00:00+01:00,39,27,36
2015-12-19 15:00:00+01:00,7,3,6
2015-12-19 16:00:00+01:00,0,0,0
2015-12-19 17:00:00+01:00,0,0,0
2015-12-19 18:00:00+01:00,0,0,0
2015-12-19 19:00:00+01:00,0,0,0
2015-12-19 20:00:00+01:00,0,0,0
2015-12-19 21:00:00+01:00,0,0,0
2015-12-19 22:00:00+01:00,0,0,0
2015-12-19 23:00:00+01:00,0,0,0
2015-12-20 00:00:00+01:00,0,0,0
2015-12-20 01:00:00+01:00,0,0,0
2015-12-20 02:00:00+01:00,0,0,0
2015-12-20 03:00:00+01:00,0,0,0
2015-12-20 04:00:00+01:00,0,0,0
2015-12-20 05:00:00+01:00,0,0,0
2015-12-20 06:00:00+01:00,0,0,0
2015-12-20 07:00:00+01:00,0,0,0
2015-12-20 08:00:00+01:00,1,1,1
2015-12-20 09:00:00+01:00,17,15,16
2015-12-20 10:00:00+01:00,21,19,20
2015-12-20 11:00:00+01:00,33,24,31
2015-12-20 12:00:00+01:00,32,30,31
2015-12-20 13:00:00+01:00,16,15,16
2015-12-20 14:00:00+01:00,10,9,10
2015-12-20 15:00:00+01:00,1,1,1
2015-12-20 16:00:00+01:00,0,0,0
2015-12-20 17:00:00+01:00,0,0,0
2015-12-20 18:00:00+01:00,0,0,0
2015-12-20 19:00:00+01:00,0,0,0
2015-12-20 20:00:00+01:00,0,0,0
2015-12-20 21:00:00+01:00,0,0,0
2015-12-20 22:00:00+01:00,0,0,0
2015-12-20 23:00:00+01:00,0,0,0
2015-12-21 00:00:00+01:00,0,0,0
2015-12-21 01:00:00+01:00,0,0,0
2015-12-21 02:00:00+01:00,0,0,0
2015-12-21 03:00:00+01:00,0,0,0
2015-12-21 04:00:00+01:00,0,0,0
2015-12-21 05:00:00+01:00,0,0,0
2015-12-21 06:00:00+01:00,0,0,0
2015-12-21 07:00:00+01:00,0,0,0
2015-12-21 08:00:00+01:00,0,0,0
2015-12-21 09:00:00+01:00,132,64,115
2015-12-21 10:00:00+01:00,148,78,131
2015-12-21 11:00:00+01:00,52,42,49
2015-12-21 12:00:00+01:00,60,33,53
2015-12-21 13:00:00+01:00,55,36,50
2015-12-21 14:00:00+01:00,126,67,112
2015-12-21 15:00:00+01:00,55,30,49
2015-12-21 16:00:00+01:00,0,0,0
2015-12-21 17:00:00+01:00,0,0,0
2015-12-21 18:00:00+01:00,0,0,0
2015-12-21 19:00:00+01:00,0,0,0
2015-12-21 20:00:00+01:00,0,0,0
2015-12-21 21:00:00+01:00,0,0,0
2015-12-21 22:00:00+01:00,0,0,0
2015-12-21 23:00:00+01:00,0,0,0
2015-12-22 00:00:00+01:00,0,0,0
2015-12-22 01:00:00+01:00,0,0,0
2015-12-22 02:00:00+01:00,0,0,0
2015-12-22 03:00:00+01:00,0,0,0
2015-12-22 04:00:00+01:00,0,0,0
2015-12-22 05:00:00+01:00,0,0,0
2015-12-22 06:00:00+01:00,0,0,0
2015-12-22 07:00:00+01:00,0,0,0
2015-12-22 08:00:00+01:00,8,5,8
2015-12-22 09:00:00+01:00,35,28,33
2015-12-22 10:00:00+01:00,22,20,21
2015-12-22 11:00:00+01:00,24,23,24
2015-12-22 12:00:00+01:00,28,27,28
2015-12-22 13:00:00+01:00,34,31,33
2015-12-22 14:00:00+01:00,7,7,7
2015-12-22 15:00:00+01:00,0,0,0
2015-12-22 16:00:00+01:00,0,0,0
2015-12-22 17:00:00+01:00,0,0,0
2015-12-22 18:00:00+01:00,0,0,0
2015-12-22 19:00:00+01:00,0,0,0
2015-12-22 20:00:00+01:00,0,0,0
2015-12-22 21:00:00+01:00,0,0,0
2015-12-22 22:00:00+01:00,0,0,0
2015-12-22 23:00:00+01:00,0,0,0
2015-12-23 00:00:00+01:00,0,0,0
2015-12-23 01:00:00+01:00,0,0,0
2015-12-23 02:00:00+01:00,0,0,0
2015-12-23 03:00:00+01:00,0,0,0
2015-12-23 04:00:00+01:00,0,0,0
2015-12-23 05:00:00+01:00,0,0,0
2015-12-23 06:00:00+01:00,0,0,0
2015-12-23 07:00:00+01:00,0,0,0
2015-12-23 08:00:00+01:00,0,0,0
2015-12-23 09:00:00+01:00,35,26,32
2015-12-23 10:00:00+01:00,34,32,34
2015-12-23 11:00:00+01:00,38,35,37
2015-12-23 12:00:00+01:00,54,48,53
2015-12-23 13:00:00+01:00,65,50,61
2015-12-23 14:00:00+01:00,87,53,79
2015-12-23 15:00:00+01:00,13,10,12
2015-12-23 16:00:00+01:00,0,0,0
2015-12-23 17:00:00+01:00,0,0,0
2015-12-23 18:00:00+01:00,0,0,0
2015-12-23 19:00:00+01:00,0,0,0
2015-12-23 20:00:00+01:00,0,0,0
2015-12-23 21:00:00+01:00,0,0,0
2015-12-23 22:00:00+01:00,0,0,0
2015-12-23 23:00:00+01:00,0,0,0
2015-12-24 00:00:00+01:00,0,0,0
2015-12-24 01:00:00+01:00,0,0,0
2015-12-24 02:00:00+01:00,0,0,0
2015-12-24 03:00:00+01:00,0,0,0
2015-12-24 04:00:00+01:00,0,0,0
2015-12-24 05:00:00+01:00,0,0,0
2015-12-24 06:00:00+01:00,0,0,0
2015-12-24 07:00:00+01:00,0,0,0
2015-12-24 08:00:00+01:00,0,0,0
2015-12-24 09:00:00+01:00,22,19,21
2015-12-24 10:00:00+01:00,25,22,24
2015-12-24 11:00:00+01:00,39,37,38
2015-12-24 12:00:00+01:00,37,34,36
2015-12-24 13:00:00+01:00,27,22,26
2015-12-24 14:00:00+01:00,18,17,18
2015-12-24 15:00:00+01:00,1,1,1
2015-12-24 16:00:00+01:00,0,0,0
2015-12-24 17:00:00+01:00,0,0,0
2015-12-24 18:00:00+01:00,0,0,0
2015-12-24 19:00:00+01:00,0,0,0
2015-12-24 20:00:00+01:00,0,0,0
2015-12-24 21:00:00+01:00,0,0,0
2015-12-24 22:00:00+01:00,0,0,0
2015-12-24 23:00:00+01:00,0,0,0
2015-12-25 00:00:00+01:00,0,0,0
2015-12-25 01:00:00+01:00,0,0,0
2015-12-25 02:00:00+01:00,0,0,0
2015-12-25 03:00:00+01:00,0,0,0
2015-12-25 04:00:00+01:00,0,0,0
2015-12-25 05:00:00+01:00,0,0,0
2015-12-25 06:00:00+01:00,0,0,0
2015-12-25 07:00:00+01:00,0,0,0
2015-12-25 08:00:00+01:00,0,0,0
2015-12-25 09:00:00+01:00,2,2,2
2015-12-25 10:00:00+01:00,14,12,14
2015-12-25 11:00:00+01:00,21,20,20
2015-12-25 12:00:00+01:00,20,18,20
2015-12-25 13:00:00+01:00,17,16,17
2015-12-25 14:00:00+01:00,9,7,8
2015-12-25 15:00:00+01:00,1,1,1
2015-12-25 16:00:00+01:00,0,0,0
2015-12-25 17:00:00+01:00,0,0,0
2015-12-25 18:00:00+01:00,0,0,0
2015-12-25 19:00:00+01:00,0,0,0
2015-12-25 20:00:00+01:00,0,0,0
2015-12-25 21:00:00+01:00,0,0,0
2015-12-25 22:00:00+01:00,0,0,0
2015-12-25 23:00:00+01:00,0,0,0
2015-12-26 00:00:00+01:00,0,0,0
2015-12-26 01:00:00+01:00,0,0,0
2015-12-26 02:00:00+01:00,0,0,0
2015-12-26 03:00:00+01:00,0,0,0
2015-12-26 04:00:00+01:00,0,0,0
2015-12-26 05:00:00+01:00,0,0,0
2015-12-26 06:00:00+01:00,0,0,0
2015-12-26 07:00:00+01:00,0,0,0
2015-12-26 08:00:00+01:00,0,0,0
2015-12-26 09:00:00+01:00,90,53,81
2015-12-26 10:00:00+01:00,296,100,247
2015-12-26 11:00:00+01:00,444,134,366
2015-12-26 12:00:00+01:00,344,122,289
2015-12-26 13:00:00+01:00,206,78,174
2015-12-26 14:00:00+01:00,151,70,131
2015-12-26 15:00:00+01:00,35,20,31
2015-12-26 16:00:00+01:00,0,0,0
2015-12-26 17:00:00+01:00,0,0,0
2015-12-26 18:00:00+01:00,0,0,0
2015-12-26 19:00:00+01:00,0,0,0
2015-12-26 20:00:00+01:00,0,0,0
2015-12-26 21:00:00+01:00,0,0,0
2015-12-26 22:00:00+01:00,0,0,0
2015-12-26 23:00:00+01:00,0,0,0
2015-12-27 00:00:00+01:00,0,0,0
2015-12-27 01:00:00+01:00,0,0,0
2015-12-27 02:00:00+01:00,0,0,0
2015-12-27 03:00:00+01:00,0,0,0
2015-12-27 04:00:00+01:00,0,0,0
2015-12-27 05:00:00+01:00,0,0,0
2015-12-27 06:00:00+01:00,0,0,0
2015-12-27 07:00:00+01:00,0,0,0
2015-12-27 08:00:00+01:00,0,0,0
2015-12-27 09:00:00+01:00,13,13,13
2015-12-27 10:00:00+01:00,34,32,33
2015-12-27 11:00:00+01:00,150,74,131
2015-12-27 12:00:00+01:00,81,65,77
2015-12-27 13:00:00+01:00,68,54,65
2015-12-27 14:00:00+01:00,50,36,46
2015-12-27 15:00:00+01:00,12,10,12
2015-12-27 16:00:00+01:00,0,0,0
2015-12-27 17:00:00+01:00,0,0,0
2015-12-27 18:00:00+01:00,0,0,0
2015-12-27 19:00:00+01:00,0,0,0
2015-12-27 20:00:00+01:00,0,0,0
2015-12-27 21:00:00+01:00,0,0,0
2015-12-27 22:00:00+01:00,0,0,0
2015-12-27 23:00:00+01:00,0,0,0
2015-12-28 00:00:00+01:00,0,0,0
2015-12-28 01:00:00+01:00,0,0,0
2015-12-28 02:00:00+01:00,0,0,0
2015-12-28 03:00:00+01:00,0,0,0
2015-12-28 04:00:00+01:00,0,0,0
2015-12-28 05:00:00+01:00,0,0,0
2015-12-28 06:00:00+01:00,0,0,0
2015-12-28 07:00:00+01:00,0,0,0
2015-12-28 08:00:00+01:00,0,0,0
2015-12-28 09:00:00+01:00,147,67,127
2015-12-28 10:00:00+01:00,317,116,267
2015-12-28 11:00:00+01:00,341,113,284
2015-12-28 12:00:00+01:00,167,94,149
2015-12-28 13:00:00+01:00,235,95,200
2015-12-28 14:00:00+01:00,216,82,182
2015-12-28 15:00:00+01:00,20,14,19
2015-12-28 16:00:00+01:00,0,0,0
2015-12-28 17:00:00+01:00,0,0,0
2015-12-28 18:00:00+01:00,0,0,0
2015-12-28 19:00:00+01:00,0,0,0
2015-12-28 20:00:00+01:00,0,0,0
2015-12-28 21:00:00+01:00,0,0,0
2015-12-28 22:00:00+01:00,0,0,0
2015-12-28 23:00:00+01:00,0,0,0
2015-12-29 00:00:00+01:00,0,0,0
2015-12-29 01:00:00+01:00,0,0,0
2015-12-29 02:00:00+01:00,0,0,0
2015-12-29 03:00:00+01:00,0,0,0
2015-12-29 04:00:00+01:00,0,0,0
2015-12-29 05:00:00+01:00,0,0,0
2015-12-29 06:00:00+01:00,0,0,0
2015-12-29 07:00:00+01:00,0,0,0
2015-12-29 08:00:00+01:00,10,5,9
2015-12-29 09:00:00+01:00,265,115,228
2015-12-29 10:00:00+01:00,416,144,348
2015-12-29 11:00:00+01:00,455,137,376
2015-12-29 12:00:00+01:00,443,133,366
2015-12-29 13:00:00+01:00,428,134,355
2015-12-29 14:00:00+01:00,314,128,267
2015-12-29 15:00:00+01:00,100,51,88
2015-12-29 16:00:00+01:00,0,0,0
2015-12-29 17:00:00+01:00,0,0,0
2015-12-29 18:00:00+01:00,0,0,0
2015-12-29 19:00:00+01:00,0,0,0
2015-12-29 20:00:00+01:00,0,0,0
2015-12-29 21:00:00+01:00,0,0,0
2015-12-29 22:00:00+01:00,0,0,0
2015-12-29 23:00:00+01:00,0,0,0
2015-12-30 00:00:00+01:00,0,0,0
2015-12-30 01:00:00+01:00,0,0,0
2015-12-30 02:00:00+01:00,0,0,0
2015-12-30 03:00:00+01:00,0,0,0
2015-12-30 04:00:00+01:00,0,0,0
2015-12-30 05:00:00+01:00,0,0,0
2015-12-30 06:00:00+01:00,0,0,0
2015-12-30 07:00:00+01:00,0,0,0
2015-12-30 08:00:00+01:00,9,5,8
2015-12-30 09:00:00+01:00,213,95,184
2015-12-30 10:00:00+01:00,362,128,303
2015-12-30 11:00:00+01:00,512,132,417
2015-12-30 12:00:00+01:00,530,135,431
2015-12-30 13:00:00+01:00,488,131,399
2015-12-30 14:00:00+01:00,367,131,308
2015-12-30 15:00:00+01:00,126,61,110
2015-12-30 16:00:00+01:00,0,0,0
2015-12-30 17:00:00+01:00,0,0,0
2015-12-30 18:00:00+01:00,0,0,0
2015-12-30 19:00:00+01:00,0,0,0
2015-12-30 20:00:00+01:00,0,0,0
2015-12-30 21:00:00+01:00,0,0,0
2015-12-30 22:00:00+01:00,0,0,0
2015-12-30 23:00:00+01:00,0,0,0
2015-12-31 00:00:00+01:00,0,0,0
2015-12-31 01:00:00+01:00,0,0,0
2015-12-31 02:00:00+01:00,0,0,0
2015-12-31 03:00:00+01:00,0,0,0
2015-12-31 04:00:00+01:00,0,0,0
2015-12-31 05:00:00+01:00,0,0,0
2015-12-31 06:00:00+01:00,0,0,0
2015-12-31 07:00:00+01:00,0,0,0
2015-12-31 08:00:00+01:00,9,5,8
2015-12-31 09:00:00+01:00,204,99,178
2015-12-31 10:00:00+01:00,322,131,274
2015-12-31 11:00:00+01:00,476,145,394
2015-12-31 12:00:00+01:00,527,144,431
2015-12-31 13:00:00+01:00,468,136,385
2015-12-31 14:00:00+01:00,343,131,290
2015-12-31 15:00:00+01:00,158,77,138
2015-12-31 16:00:00+01:00,0,0,0
2015-12-31 17:00:00+01:00,0,0,0
2015-12-31 18:00:00+01:00,0,0,0
2015-12-31 19:00:00+01:00,0,0,0
2015-12-31 20:00:00+01:00,0,0,0
2015-12-31 21:00:00+01:00,0,0,0
2015-12-31 22:00:00+01:00,0,0,0
2015-12-31 23:00:00+01:00,0,0,0
